id,is_correct,true_label_text,prediction_text,true_label,predicted_label,predicted_label_id,finish_reason,text,error
ynat-v1_dev_00000,False,사회,경제,2,경제,1.0,STOP,5억원 무이자 융자는 되고 7천만원 이사비는 안된다,
ynat-v1_dev_00001,False,사회,정치,2,정치,6.0,STOP,왜 수소충전소만 더 멀리 떨어져야 하나 한경연 규제개혁 건의,
ynat-v1_dev_00002,True,IT과학,IT과학,0,IT과학,0.0,STOP,항응고제 성분 코로나19에 효과…세포실험서 확인,
ynat-v1_dev_00003,True,경제,경제,1,경제,1.0,STOP,실거래가 가장 비싼 역세권은 신반포역…3.3㎡당 1억 육박,
ynat-v1_dev_00004,True,사회,사회,2,사회,2.0,STOP,기자회견 하는 성 소수자 단체,
ynat-v1_dev_00005,False,사회,정치,2,정치,6.0,STOP,모의선거 교육 불허 선관위·교육부 각성하라,
ynat-v1_dev_00006,True,생활문화,생활문화,3,생활문화,3.0,STOP,뮤지컬 영웅 합류한 안재욱 정성화와 다른 안중근 보여줄것,
ynat-v1_dev_00007,False,사회,정치,2,정치,6.0,STOP,가짜뉴스 징벌적 손해배상제도 도입 변협 토론회,
ynat-v1_dev_00008,False,사회,경제,2,경제,1.0,STOP,MBN 노조 부동산 물적분할 중단하고 소유경영 분리해야,
ynat-v1_dev_00009,True,경제,경제,1,경제,1.0,STOP,포스코건설 11년 만에 더 샵 브랜드 로고 교체,
ynat-v1_dev_00010,True,사회,사회,2,사회,2.0,STOP,세종 경로당·어린이집 2주간 휴원…도서관·박물관도 운영 중단,
ynat-v1_dev_00011,True,사회,사회,2,사회,2.0,STOP,한국GM 창원공장 비정규직 해고 후 다시 비정규직 채용해 투입,
ynat-v1_dev_00012,True,경제,경제,1,경제,1.0,STOP,PK피부임상연구센타 수요예측 경쟁률 1천373대1…코스닥 최고,
ynat-v1_dev_00013,True,사회,사회,2,사회,2.0,STOP,최저임금 전원회의 민주노총 불참,
ynat-v1_dev_00014,True,정치,정치,6,정치,6.0,STOP,문재인정부 포용국가 비전 전면에…국민 전생애 생활보장종합,
ynat-v1_dev_00015,True,경제,경제,1,경제,1.0,STOP,원달러 환율 11원 급등 마감…5거래일만에 1220원대 진입,
ynat-v1_dev_00016,True,경제,경제,1,경제,1.0,STOP,토비스 자사주 30억원 취득 결정,
ynat-v1_dev_00017,True,생활문화,생활문화,3,생활문화,3.0,STOP,제56회 한국보도사진전 개막,
ynat-v1_dev_00018,False,사회,경제,2,경제,1.0,STOP,실업급여 신청은 늘고 채용은 중단…현실화하는 고용 위기,
ynat-v1_dev_00019,False,사회,정치,2,정치,6.0,STOP,구례군 보조금 불법 지원에 음주운전 공무원 봐주기 징계,
ynat-v1_dev_00020,True,생활문화,생활문화,3,생활문화,3.0,STOP,이문열 최인훈 내게 가장 큰 영향 준 작가종합,
ynat-v1_dev_00021,True,경제,경제,1,경제,1.0,STOP,기업들 현금 실탄 쌓자…코로나 위기에 자산 처분 잇따라,
ynat-v1_dev_00022,False,사회,,2,,,SAFETY,최저임금 인상에 작년 저임금 노동자 비중 17%로 줄어,
ynat-v1_dev_00023,True,사회,사회,2,사회,2.0,STOP,고양시 여름방학 직장체험 대학생 100명 모집,
ynat-v1_dev_00024,True,경제,경제,1,경제,1.0,STOP,IBK투자증권 서병기 차기 대표이사 내정,
ynat-v1_dev_00025,True,생활문화,생활문화,3,생활문화,3.0,STOP,전국 거리공연자들 모여라…군산서 13∼14일 버스커즈 경연,
ynat-v1_dev_00026,False,사회,경제,2,경제,1.0,STOP,두산밥캣 스캇성철박 단독 대표이사로 변경,
ynat-v1_dev_00027,False,사회,경제,2,경제,1.0,STOP,2021년 삼성디스플레이 정기 임원 인사,
ynat-v1_dev_00028,False,사회,정치,2,정치,6.0,STOP,광주소식 고삼석 전 방통위 상임위원 지역방송 신년 특강,
ynat-v1_dev_00029,True,생활문화,생활문화,3,생활문화,3.0,STOP,춤바람 스타부부 4팀 한 무대에서 만난다,
ynat-v1_dev_00030,True,경제,경제,1,경제,1.0,STOP,신한은행 작년 영업이익 3조2천633억원…전년 대비 3.1%↑,
ynat-v1_dev_00031,True,경제,경제,1,경제,1.0,STOP,주식 호가창 깜빡깜빡하면 초단기 시세조종 의심하세요,
ynat-v1_dev_00032,True,경제,경제,1,경제,1.0,STOP,또 불안해진 부동산시장…정부 군포·인천·안산·대전 주시,
ynat-v1_dev_00033,True,생활문화,생활문화,3,생활문화,3.0,STOP,여든 앞둔 노익장이 쓴 노장으로 읽는 선어록,
ynat-v1_dev_00034,True,사회,사회,2,사회,2.0,STOP,한양대 5년만에 기숙사 확충 꿈 이뤘다…건축허가 승인,
ynat-v1_dev_00035,True,경제,경제,1,경제,1.0,STOP,하루평균 수출 감소폭 전월보다 줄어…향후 예단 쉽지 않아,
ynat-v1_dev_00036,True,생활문화,생활문화,3,생활문화,3.0,STOP,전국 곳곳서 가을볕 쨍쨍…늦더위에 양양 낮 31.9도,
ynat-v1_dev_00037,False,사회,,2,,,SAFETY,동정 아시아뉴스네트워크 회장에 천시영씨,
ynat-v1_dev_00038,True,경제,경제,1,경제,1.0,STOP,라임 무역펀드 100% 반환 조정결과에 판매사 수용여부 검토종합,
ynat-v1_dev_00039,False,사회,정치,2,정치,6.0,STOP,교육부·전국 시도교육청 국가교육위 조속 설치 결의안 채택,
ynat-v1_dev_00040,False,사회,경제,2,경제,1.0,STOP,한국 수출 회복 신호…코로나 재확산·미중 갈등은 변수,
ynat-v1_dev_00041,True,사회,사회,2,사회,2.0,STOP,쓰레기 투기 안 됩니다…완도 낚시터 양심신호등 효과 톡톡,
ynat-v1_dev_00042,True,세계,세계,4,세계,4.0,STOP,쇠사슬에 묶이고 성적 학대도 나이지리아 또 300명 구출,
ynat-v1_dev_00043,True,사회,사회,2,사회,2.0,STOP,군산대 총장 지역 중심 국립대 참여하는 국립대 네트워크 필요,
ynat-v1_dev_00044,True,사회,사회,2,사회,2.0,STOP,고사장 배정 받는 수험생들,
ynat-v1_dev_00045,True,스포츠,스포츠,5,스포츠,5.0,STOP,악몽의 8회 에인절스 오타니·시몬스 연쇄 부상,
ynat-v1_dev_00046,True,세계,세계,4,세계,4.0,STOP,인도 모디 총리 천민 공격 중단 호소…힌두 강경파 거리 두기,
ynat-v1_dev_00047,True,사회,사회,2,사회,2.0,STOP,폴리텍 2021학년도 직업교육훈련과정 신입생 모집,
ynat-v1_dev_00048,False,IT과학,,0,,,SAFETY,LG헬로 중소기업에 클라우드PC 서비스 체험기회 제공,
ynat-v1_dev_00049,True,사회,사회,2,사회,2.0,STOP,영흥화력발전소서 숨진 운전기사의 화물차,
ynat-v1_dev_00050,False,정치,세계,6,세계,4.0,STOP,남수단 대통령·야권 지도자 교황 초청으로 교황청서 피정 돌입,
ynat-v1_dev_00051,False,세계,사회,4,사회,2.0,STOP,입국 중국 유학생 학교 버스 탑승 전 발열 체크,
ynat-v1_dev_00052,True,사회,사회,2,사회,2.0,STOP,인천교육청 화재 초등생 형제 성금 모금 공문에 일각서 반발,
ynat-v1_dev_00053,True,스포츠,스포츠,5,스포츠,5.0,STOP,갈기 세운 류현진 천적 에러나도 보란듯이 넘었다,
ynat-v1_dev_00054,True,정치,정치,6,정치,6.0,STOP,둘로 나뉜 바른미래 권은희 포섭 경쟁…당내 캐스팅보터,
ynat-v1_dev_00055,False,사회,정치,2,정치,6.0,STOP,중소기업도 재택근무 확산…2월말부터 1만6천명 지원금 신청,
ynat-v1_dev_00056,True,생활문화,생활문화,3,생활문화,3.0,STOP,고독한 노동자 김동식의 천일야화 같은 이야기들,
ynat-v1_dev_00057,True,스포츠,스포츠,5,스포츠,5.0,STOP,슈틸리케는 베일·기성용은 메시…또 엇갈린 투표,
ynat-v1_dev_00058,False,정치,사회,6,사회,2.0,STOP,北에도 사교육 열풍…특권층 자녀에 월 1천 위안,
ynat-v1_dev_00059,True,경제,경제,1,경제,1.0,STOP,항공업 타격에 카드사 전전긍긍…못받는 항공권 취소대금 ↑,
ynat-v1_dev_00060,False,사회,경제,2,경제,1.0,STOP,그래픽 사업체 종사자 증감률,
ynat-v1_dev_00061,True,스포츠,스포츠,5,스포츠,5.0,STOP,스페셜올림픽 전 배구국가대표 김성민 발달장애선수들 가...,
ynat-v1_dev_00062,True,사회,사회,2,사회,2.0,STOP,차기 한국언론법학회장에 이승선 충남대 교수,
ynat-v1_dev_00063,False,정치,세계,6,세계,4.0,STOP,北매체 박 대통령에 독단·전횡으로 망조 또 막말,
ynat-v1_dev_00064,False,사회,정치,2,정치,6.0,STOP,정부 싱가포르·일본·태국 등 6개국 여행 자제해달라,
ynat-v1_dev_00065,True,사회,사회,2,사회,2.0,STOP,혼돈의 학교⑥ 교사·학생 제역할 할 수 있는 환경 조성해야,
ynat-v1_dev_00066,True,세계,세계,4,세계,4.0,STOP,英 의회 정회 막은 여장부 밀러 의회민주주의 지키려했다,
ynat-v1_dev_00067,True,사회,사회,2,사회,2.0,STOP,욕·성희롱·신세 한탄까지…30명이 1년간 허위신고 9천500건,
ynat-v1_dev_00068,True,세계,세계,4,세계,4.0,STOP,이란 외무 트럼프 볼턴에 들볶여 알렉산더도 못한 일 하려해,
ynat-v1_dev_00069,True,경제,경제,1,경제,1.0,STOP,1보 코스피 상승 마감…1940선 돌파,
ynat-v1_dev_00070,True,생활문화,생활문화,3,생활문화,3.0,STOP,토마토 200t 한자리에…퇴촌 토마토축제 개막,
ynat-v1_dev_00071,True,경제,경제,1,경제,1.0,STOP,엘지이노텍 2분기 영업익 134억원…59% 감소,
ynat-v1_dev_00072,True,생활문화,생활문화,3,생활문화,3.0,STOP,日밴드 세카이노 오와리 11월 내한공연,
ynat-v1_dev_00073,True,사회,사회,2,사회,2.0,STOP,코로나19에 대학 수업일수 단축…학생들 교육 질 저하 우려,
ynat-v1_dev_00074,False,사회,경제,2,경제,1.0,STOP,구직 열기,
ynat-v1_dev_00075,False,세계,,4,,,SAFETY,日 장애인 불임수술 정책 피해자 구제법 제정종합,
ynat-v1_dev_00076,True,생활문화,생활문화,3,생활문화,3.0,STOP,세종대왕 숭모제전·문화재재단 명작무뎐 공연,
ynat-v1_dev_00077,True,스포츠,스포츠,5,스포츠,5.0,STOP,단일팀 기운 이어갈까 여자농구 대표팀 월드컵 결단식,
ynat-v1_dev_00078,True,경제,경제,1,경제,1.0,STOP,소부장 투자상품 7일만에 목표수익 달성 상환완료 대박,
ynat-v1_dev_00079,True,스포츠,스포츠,5,스포츠,5.0,STOP,프로농구 kt 새 외국인 선수 스테판 무디 영입,
ynat-v1_dev_00080,True,경제,경제,1,경제,1.0,STOP,라임 무역금융 펀드 실사 종료…손실 확대 우려종합,
ynat-v1_dev_00081,True,경제,경제,1,경제,1.0,STOP,경영계 한일 기업인 입국제한 완화 환영…협력확대 계기 돼야,
ynat-v1_dev_00082,False,경제,사회,1,사회,2.0,STOP,관광주간 지출 5조원 달하지만…국민 여가없어 여행 못가,
ynat-v1_dev_00083,True,사회,사회,2,사회,2.0,STOP,수능 당일 마스크 꼭 써야 망사밸브형은 불가…단체 점심 안돼종합,
ynat-v1_dev_00084,False,사회,정치,2,정치,6.0,STOP,속보 홍남기 중기 화학물질 시설 검사유예 연말까지 연장,
ynat-v1_dev_00085,True,생활문화,생활문화,3,생활문화,3.0,STOP,현대미술로 끌어온 초충도…송현미 개인전,
ynat-v1_dev_00086,False,사회,경제,2,경제,1.0,STOP,시노펙스 손경익·이진희 대표이사 체제로 변경,
ynat-v1_dev_00087,True,세계,세계,4,세계,4.0,STOP,美 대선족집게 무디스 애널리틱스 힐러리 낙승 전망,
ynat-v1_dev_00088,True,스포츠,스포츠,5,스포츠,5.0,STOP,파죽지세 DB vs 18년 기다린 SK…전문가들도 백중세...,
ynat-v1_dev_00089,True,경제,경제,1,경제,1.0,STOP,최양하 한샘 회장 부인·아들에게 주식 15만주 증여,
ynat-v1_dev_00090,True,세계,세계,4,세계,4.0,STOP,노딜 브렉시트 우려…英 응급처치용 의료장비 비축,
ynat-v1_dev_00091,False,경제,정치,1,정치,6.0,STOP,금융당국 은행 유동성 비율 규제 완화 연장할듯,
ynat-v1_dev_00092,True,사회,사회,2,사회,2.0,STOP,코레일네트웍스 노조 파업…매표 등 큰 지장 없어종합,
ynat-v1_dev_00093,True,사회,사회,2,사회,2.0,STOP,기자협회 KTG의 경향신문 소송과 기자 가압류 규탄,
ynat-v1_dev_00094,True,사회,사회,2,사회,2.0,STOP,제주도 유치·초등 1∼3년생 대상 긴급돌봄 무상급식비 지원,
ynat-v1_dev_00095,False,세계,,4,,,SAFETY,마야 뱀왕조 비밀 풀 왕실 무덤 벨리즈서 발굴,
ynat-v1_dev_00096,True,사회,사회,2,사회,2.0,STOP,용인서 옛 연인 살해한 중국교포 신상공개…49세 유동수,
ynat-v1_dev_00097,True,경제,경제,1,경제,1.0,STOP,그래픽 코로나19 확산 이후 한국은행의 주요 금융 정책 대응,
ynat-v1_dev_00098,False,정치,세계,6,세계,4.0,STOP,북핵 극도로 우려…아태지역의 가장 위험하고 예측불가한 나라,
ynat-v1_dev_00099,True,경제,경제,1,경제,1.0,STOP,세아제강 김석일 대표이사 신규 선임,
ynat-v1_dev_00100,False,사회,정치,2,정치,6.0,STOP,동정 교육차관 내일 경남지역 학교 디지털 활용 수업 참관,
ynat-v1_dev_00101,True,사회,사회,2,사회,2.0,STOP,게시판 서울시자원봉사센터 대학생 봉사활동 캠페인 지원,
ynat-v1_dev_00102,False,경제,사회,1,사회,2.0,STOP,270억대 소송사기 허수영 영장 기각…롯데 수사 제동,
ynat-v1_dev_00103,False,사회,경제,2,경제,1.0,STOP,이변의 주인공 김병원…삼수 끝에 농협회장 올라,
ynat-v1_dev_00104,True,사회,사회,2,사회,2.0,STOP,서울시 주말 99인 집회 대규모화 가능성…코로나 확산 위험,
ynat-v1_dev_00105,False,사회,경제,2,경제,1.0,STOP,대우조선해양 송가 반잠수식시추선 4호선 인도 완료,
ynat-v1_dev_00106,True,스포츠,스포츠,5,스포츠,5.0,STOP,배구협회 최천식 경기력향상위원장 사퇴 수용…새 위원장 물색,
ynat-v1_dev_00107,True,정치,정치,6,정치,6.0,STOP,朴대통령 노동개혁법에 실업해결책 있어…파견법은 일석사조,
ynat-v1_dev_00108,True,경제,경제,1,경제,1.0,STOP,임대차법 시행 3개월간 서울 전셋값 7.5% 뛰었다종합,
ynat-v1_dev_00109,False,IT과학,생활문화,0,생활문화,3.0,STOP,모바일 개그 콘테스트 개최…총상금 1천만원,
ynat-v1_dev_00110,True,사회,사회,2,사회,2.0,STOP,인권위 지상파 3사 메인뉴스에 수어 통역 제공해야 권고,
ynat-v1_dev_00111,True,생활문화,생활문화,3,생활문화,3.0,STOP,봄비와 백목련,
ynat-v1_dev_00112,False,정치,세계,6,세계,4.0,STOP,시종 미소 띤 김여정…국가수반 김영남과 서로 먼저 앉으시라종합,
ynat-v1_dev_00113,True,경제,경제,1,경제,1.0,STOP,경기도 6월 취업자 전년比 11만4천명↓…3개월 연속 하락세,
ynat-v1_dev_00114,True,생활문화,생활문화,3,생활문화,3.0,STOP,한국과학소설작가연대 대표에 정소연 작가,
ynat-v1_dev_00115,True,사회,사회,2,사회,2.0,STOP,한국경제신문 사옥 흔들려 직원 대피,
ynat-v1_dev_00116,False,세계,,4,,,SAFETY,伊 경찰 오인으로 억울한 옥살이 아프리카 남성에 망명 허용,
ynat-v1_dev_00117,True,생활문화,생활문화,3,생활문화,3.0,STOP,래틀·얀손스·예르비…가을과 함께 거장들이 온다,
ynat-v1_dev_00118,False,스포츠,,5,,,SAFETY,伊축구협 反유대 논란에 프로축구장서 안네의 일기 낭독,
ynat-v1_dev_00119,False,사회,세계,2,세계,4.0,STOP,OANA 사무국장 이동민 선임기자 지명,
ynat-v1_dev_00120,True,생활문화,생활문화,3,생활문화,3.0,STOP,황매산을 덮은 철쭉,
ynat-v1_dev_00121,False,정치,,6,,,SAFETY,나경원 지인 자녀 부정채용 고발사건 무혐의로 종결,
ynat-v1_dev_00122,True,생활문화,생활문화,3,생활문화,3.0,STOP,연합뉴스 여행 다큐멘터리 시리즈 MC 유세진서경덕,
ynat-v1_dev_00123,False,사회,생활문화,2,생활문화,3.0,STOP,낙동강 구포나루축제 부산시 최우수축제에 선정,
ynat-v1_dev_00124,True,사회,사회,2,사회,2.0,STOP,한국기자협회 윤리강령 낭독하는 기자들,
ynat-v1_dev_00125,True,경제,경제,1,경제,1.0,STOP,올림픽 강원상품관 올림픽 특수…우수상품 홍보 효과,
ynat-v1_dev_00126,True,사회,사회,2,사회,2.0,STOP,여성 2명 살해 혐의로 신상공개 최신종 포토라인 안 선다종합,
ynat-v1_dev_00127,True,스포츠,스포츠,5,스포츠,5.0,STOP,日축구스타 혼다 멕시코 파추카 입단회견서 깜짝 스페인어,
ynat-v1_dev_00128,True,사회,사회,2,사회,2.0,STOP,광주 주요 사립대 등록금 감면 현재 계획 없어,
ynat-v1_dev_00129,True,경제,경제,1,경제,1.0,STOP,손태승 우리금융 회장 언택트는 새 표준…디지털 혁신해야,
ynat-v1_dev_00130,True,경제,경제,1,경제,1.0,STOP,빚 3.5조 더 늘린 슈퍼예산에 국가채무 956조…GDP 대비 47.3%,
ynat-v1_dev_00131,True,경제,경제,1,경제,1.0,STOP,피곤한 현대사회 세계 에너지음료 시장 급성장…5년새 30%↑,
ynat-v1_dev_00132,False,사회,,2,,,SAFETY,성범죄자 죄질 따라 취업제한 기간 차등화종합,
ynat-v1_dev_00133,False,스포츠,사회,5,사회,2.0,STOP,아스널맨시티 서포터스 FA컵 끝나고 난투극,
ynat-v1_dev_00134,False,경제,정치,1,정치,6.0,STOP,내달부터 중기 수출입 세관검사 비용 90% 정부가 부담,
ynat-v1_dev_00135,True,경제,경제,1,경제,1.0,STOP,자이언트스텝 등 3개사 코스닥 상장예비심사 통과,
ynat-v1_dev_00136,True,생활문화,생활문화,3,생활문화,3.0,STOP,노래 김세일·피아노 손민수…겨울에 듣는 슈베르트 연가곡,
ynat-v1_dev_00137,True,사회,사회,2,사회,2.0,STOP,서울 시민 96% 코로나19 시작 후 학습 격차 발생,
ynat-v1_dev_00138,True,생활문화,생활문화,3,생활문화,3.0,STOP,대한항공 여행사진공모전 수상작 전시회 개최,
ynat-v1_dev_00139,False,사회,정치,2,정치,6.0,STOP,서울 송파구 1인당 540만원 지원하는 청년취업인턴제,
ynat-v1_dev_00140,True,사회,사회,2,사회,2.0,STOP,부천 시내버스 소신여객 파업…일부노선 205대 운행 중단,
ynat-v1_dev_00141,True,경제,경제,1,경제,1.0,STOP,그래픽 10대 그룹 시가총액 증감,
ynat-v1_dev_00142,True,생활문화,생활문화,3,생활문화,3.0,STOP,아동신간 역사 속 크라임씬·완두의 여행이야기,
ynat-v1_dev_00143,True,생활문화,생활문화,3,생활문화,3.0,STOP,신간 창백한 말·금색기계·백설공주 살인사건,
ynat-v1_dev_00144,True,사회,사회,2,사회,2.0,STOP,국립 부산대 특혜임용 점입가경…심사위원에게 청탁 전화도,
ynat-v1_dev_00145,True,생활문화,생활문화,3,생활문화,3.0,STOP,극발전소301 창단 10주년 기념연극 만리향 공연,
ynat-v1_dev_00146,False,생활문화,IT과학,3,IT과학,0.0,STOP,그래픽 서울 11월 일강수량 추이,
ynat-v1_dev_00147,True,사회,사회,2,사회,2.0,STOP,속보 학생 11명·교직원 3명 코로나19 신규 확진,
ynat-v1_dev_00148,True,사회,사회,2,사회,2.0,STOP,함평 확진 초등생 다닌 학교 원격수업…어린이집은 2주간 휴원종합,
ynat-v1_dev_00149,True,경제,경제,1,경제,1.0,STOP,하남 미사강변도시 근린상업용지 첫 분양,
ynat-v1_dev_00150,True,사회,사회,2,사회,2.0,STOP,대사관 상급자가 부하 성추행…법원 국가는 감독책임 없어,
ynat-v1_dev_00151,True,사회,사회,2,사회,2.0,STOP,경남 초등생 19만명에게 세정제 등 위생 키트 제공 추진,
ynat-v1_dev_00152,True,경제,경제,1,경제,1.0,STOP,5월 회사채 발행 11.4조원 54%↑…코로나19 이전 수준 회복,
ynat-v1_dev_00153,True,정치,정치,6,정치,6.0,STOP,문대통령 이진성 헌재소장 후임에 유남석 헌법재판관 지명종합,
ynat-v1_dev_00154,False,정치,세계,6,세계,4.0,STOP,北 35년만의 직업총동맹 대회 10월 하순 개최,
ynat-v1_dev_00155,True,사회,사회,2,사회,2.0,STOP,광주교육청 스쿨 미투 TF 운영 보고회 27일 개최,
ynat-v1_dev_00156,True,스포츠,스포츠,5,스포츠,5.0,STOP,삼성 파워피처 맥과이어 영입…최대 95만 달러,
ynat-v1_dev_00157,True,사회,사회,2,사회,2.0,STOP,대구가톨릭대 제27대 총장에 우동기 전 대구교육감,
ynat-v1_dev_00158,False,생활문화,사회,3,사회,2.0,STOP,경기북부 강추위 여전…포천시 일동면 영하 17.3도,
ynat-v1_dev_00159,True,사회,사회,2,사회,2.0,STOP,근로자의 날 노동자학생 기자회견,
ynat-v1_dev_00160,True,사회,사회,2,사회,2.0,STOP,연대 감사 결과에 학생들 분노,
ynat-v1_dev_00161,True,IT과학,IT과학,0,IT과학,0.0,STOP,KT 5G 영상통화 앱 나를 데이터 요금 6월 말까지 무료,
ynat-v1_dev_00162,True,경제,경제,1,경제,1.0,STOP,SNS돋보기 작년 대졸 실업률 고졸 첫 추월…취업난 실감,
ynat-v1_dev_00163,True,사회,사회,2,사회,2.0,STOP,현직 검사 검언유착 의혹으로 동료에 칼 꽂지 말라,
ynat-v1_dev_00164,False,경제,,1,,,SAFETY,1인당 2천만원 생활안정자금 융자 모든 특수고용직으로 확대,
ynat-v1_dev_00165,True,사회,사회,2,사회,2.0,STOP,부산 공·사립 중등교사 임용시험 경쟁률 8.4 대 1,
ynat-v1_dev_00166,True,사회,사회,2,사회,2.0,STOP,코로나19 제주 네 번째 확진자 발생,
ynat-v1_dev_00167,False,경제,,1,,,SAFETY,전세형 매입임대주택 입주자 첫 모집…서울 174가구,
ynat-v1_dev_00168,True,생활문화,생활문화,3,생활문화,3.0,STOP,문학주간·파주북소리·와우북페스티벌…9월 풍성한 책 축제,
ynat-v1_dev_00169,True,경제,경제,1,경제,1.0,STOP,라임 무역금융펀드 100% 배상 결정…사상 첫 계약취소종합,
ynat-v1_dev_00170,True,스포츠,스포츠,5,스포츠,5.0,STOP,트라오레 첼시 떠나 127억원에 프랑스 리옹 합류,
ynat-v1_dev_00171,False,사회,생활문화,2,생활문화,3.0,STOP,대한출판문화협회 회장에 윤철호 사회평론 대표,
ynat-v1_dev_00172,True,생활문화,생활문화,3,생활문화,3.0,STOP,제27회 편운문학상에 최승자·신덕룡 시인,
ynat-v1_dev_00173,False,사회,,2,,,SAFETY,학교비정규직노조 공립유치원 교육시간 감축 철회하라,
ynat-v1_dev_00174,True,정치,정치,6,정치,6.0,STOP,朴대통령 여야가 서약까지 한 입법 하루아침에 깨 기막혀,
ynat-v1_dev_00175,True,사회,사회,2,사회,2.0,STOP,전북소식 도 소방본부 유학생 기숙사에 전담구급대 배치,
ynat-v1_dev_00176,True,생활문화,생활문화,3,생활문화,3.0,STOP,맛좋고 건강한 슬로피시 아시나요…해양생물학자의 인문학,
ynat-v1_dev_00177,False,세계,,4,,,SAFETY,인니 선거부정에 발칵…말레이서 기표 된 투표용지 무더기 발견,
ynat-v1_dev_00178,True,경제,경제,1,경제,1.0,STOP,장남식 손보협회장 재난·정보유출 등 관련 신상품 활성화,
ynat-v1_dev_00179,False,사회,정치,2,정치,6.0,STOP,인사말하는 박준식 최저임금위원회 위원장,
ynat-v1_dev_00180,False,생활문화,사회,3,사회,2.0,STOP,한 움큼 잡힐 만큼 내린 우박,
ynat-v1_dev_00181,True,사회,사회,2,사회,2.0,STOP,충북교육청 코로나19 우려…유치원 포함 전 학교 입학식 취소,
ynat-v1_dev_00182,False,세계,생활문화,4,생활문화,3.0,STOP,모스크바국제도서전에 한국관 설치…내년에는 주빈국,
ynat-v1_dev_00183,True,스포츠,스포츠,5,스포츠,5.0,STOP,아가메즈 33득점 우리카드 KB손해보험 완파…3위 굳...,
ynat-v1_dev_00184,True,사회,사회,2,사회,2.0,STOP,수고했어…수능 치른 학생들에게 랍스터 급식 눈길,
ynat-v1_dev_00185,False,정치,세계,6,세계,4.0,STOP,팩트체크 논란의 北삭간몰 기지…비밀 미사일 시설 맞나,
ynat-v1_dev_00186,True,사회,사회,2,사회,2.0,STOP,그래픽 전국 수능 결시율 추이,
ynat-v1_dev_00187,False,사회,경제,2,경제,1.0,STOP,동정 디지털타임스 박학용 대표이사 재선임,
ynat-v1_dev_00188,True,사회,사회,2,사회,2.0,STOP,서울 성북구 고려대 밴드동아리 관련 17명 코로나 확진종합,
ynat-v1_dev_00189,True,사회,사회,2,사회,2.0,STOP,징벌적 손해배상제의 언론자유 침해 여부 검토,
ynat-v1_dev_00190,True,정치,정치,6,정치,6.0,STOP,총선 D7 새누리 경북선대위 구미·포항 집중 지원,
ynat-v1_dev_00191,True,사회,사회,2,사회,2.0,STOP,인천소식 북부교육청 인천문화재단과 예술 교육 협약,
ynat-v1_dev_00192,False,사회,정치,2,정치,6.0,STOP,민주노총 여의도 집회 금지에 방역 실패 책임 떠넘기기,
ynat-v1_dev_00193,True,사회,사회,2,사회,2.0,STOP,2021학년도 수능 고사장은,
ynat-v1_dev_00194,True,생활문화,생활문화,3,생활문화,3.0,STOP,옥천 장령산 휴양림에 숲속 카페 생긴다…내년 6월 개장,
ynat-v1_dev_00195,True,사회,사회,2,사회,2.0,STOP,보고 싶었어요…충북 고교 곳곳서 등교 환영행사,
ynat-v1_dev_00196,True,사회,사회,2,사회,2.0,STOP,이화여대 제17대 총장에 김은미 교수 선출,
ynat-v1_dev_00197,False,생활문화,,3,,,SAFETY,김수용 감독 검열 없었다면 봉준호는 50년 전에 나왔을 것,
ynat-v1_dev_00198,True,스포츠,스포츠,5,스포츠,5.0,STOP,아시안게임 김학범호 최종상대 키르기스스탄 바레인과 2...,
ynat-v1_dev_00199,True,생활문화,생활문화,3,생활문화,3.0,STOP,노르웨이관광청 몰데 재즈페스티벌 등 7월 대표 축제 소개,
ynat-v1_dev_00200,True,경제,경제,1,경제,1.0,STOP,금감원 금융소비자 리포터 모집,
ynat-v1_dev_00201,True,생활문화,생활문화,3,생활문화,3.0,STOP,일광욕 즐기는 외국인들,
ynat-v1_dev_00202,True,경제,경제,1,경제,1.0,STOP,원달러 환율 0.4원 상승 마감,
ynat-v1_dev_00203,False,세계,스포츠,4,스포츠,5.0,STOP,페드로 마르티네스 홈런 늘어난 건 작아진 공 탓,
ynat-v1_dev_00204,True,IT과학,IT과학,0,IT과학,0.0,STOP,항암제 소라페닙 효과 높이는 병행요법 개발,
ynat-v1_dev_00205,True,사회,사회,2,사회,2.0,STOP,채널A 취재윤리 위반과 검ㆍ언유착 의혹 수사 촉구,
ynat-v1_dev_00206,False,사회,정치,2,정치,6.0,STOP,전남도교육청 교직원 국외연수 전면 취소 국내로 변경,
ynat-v1_dev_00207,False,사회,정치,2,정치,6.0,STOP,서울 준공업지역 순환정비 사업 본격화…연내 공모 착수,
ynat-v1_dev_00208,True,생활문화,생활문화,3,생활문화,3.0,STOP,조선 문인 이수광·민우수 문집 완역 출간,
ynat-v1_dev_00209,True,경제,경제,1,경제,1.0,STOP,테슬라 4분기 연속 흑자…국내 2차전지 업체 수혜 기대,
ynat-v1_dev_00210,False,사회,생활문화,2,생활문화,3.0,STOP,명품 자전거 도로 신안 천도천색 천릿길 50㎞ 연장,
ynat-v1_dev_00211,True,경제,경제,1,경제,1.0,STOP,2보 기아차 6년간 29조원 투자…2025년 영업이익률 6% 달성,
ynat-v1_dev_00212,True,사회,사회,2,사회,2.0,STOP,한 달 만의 등교,
ynat-v1_dev_00213,True,생활문화,생활문화,3,생활문화,3.0,STOP,익스피디아 올여름 휴가는 50만원 이하로 2박3일,
ynat-v1_dev_00214,False,생활문화,사회,3,사회,2.0,STOP,중학생 나이에 대학 합격한 소년·소녀,
ynat-v1_dev_00215,True,스포츠,스포츠,5,스포츠,5.0,STOP,프로축구 광주 성남 베테랑 수비수 김태윤 영입,
ynat-v1_dev_00216,True,정치,정치,6,정치,6.0,STOP,문대통령 지방권력 해이하지 않게 해야…대통령 친인척도 감시,
ynat-v1_dev_00217,False,세계,스포츠,4,스포츠,5.0,STOP,묘비명 알리…故무하마드 알리 10만명 추모받으며 영면종합,
ynat-v1_dev_00218,True,사회,사회,2,사회,2.0,STOP,우한 폐렴은 일반 폐렴과 달라요…감기와 비슷한 증상,
ynat-v1_dev_00219,True,IT과학,IT과학,0,IT과학,0.0,STOP,카톡방서 주고받은 사진·메모 서랍에서 모아본다,
ynat-v1_dev_00220,True,사회,사회,2,사회,2.0,STOP,강원도 내 4년제 대학 절반 이상 등록금 반환한다,
ynat-v1_dev_00221,False,사회,정치,2,정치,6.0,STOP,서울시 인권위 노숙인 공공일자리 축소안 철회 권고,
ynat-v1_dev_00222,False,사회,,2,,,SAFETY,서울교육청 저소득층 지원 교육복지우선사업에 내년 144억 투입,
ynat-v1_dev_00223,True,스포츠,스포츠,5,스포츠,5.0,STOP,KB손보우리카드 3대3 트레이드…하현용↔김정환 등,
ynat-v1_dev_00224,False,생활문화,사회,3,사회,2.0,STOP,소설가 이인화 이대교수 체포…특검 정유라 학사비리 수사 속도,
ynat-v1_dev_00225,True,경제,경제,1,경제,1.0,STOP,2보 주가 폭락개장에 사이드카·서킷브레이커 발동,
ynat-v1_dev_00226,False,사회,경제,2,경제,1.0,STOP,권광석 우리은행장 백척간두 진일보…포스트 코로나 철저 준비,
ynat-v1_dev_00227,False,사회,경제,2,경제,1.0,STOP,리니지 IP 성과 리뷰하는 윤재수 부사장,
ynat-v1_dev_00228,True,사회,사회,2,사회,2.0,STOP,금산 요양원 직원·입소자 9명 확진…코호트 수준 격리종합,
ynat-v1_dev_00229,False,세계,경제,4,경제,1.0,STOP,中완다그룹 美진출작 시카고 완다 비스타 초고가 분양 개시,
ynat-v1_dev_00230,True,경제,경제,1,경제,1.0,STOP,신한은행 청년 대상 햇살론 출시…대출금리 연 3.5%,
ynat-v1_dev_00231,False,사회,생활문화,2,생활문화,3.0,STOP,재미 건축가 박성기씨 WEC 도시설계 공모전서 1등상,
ynat-v1_dev_00232,False,정치,사회,6,사회,2.0,STOP,특검팀 박상진·장충기 잇단 접촉…본격 수사 임박,
ynat-v1_dev_00233,False,사회,정치,2,정치,6.0,STOP,경비실 근무환경 점검나선 송파구청장,
ynat-v1_dev_00234,False,사회,정치,2,정치,6.0,STOP,MB측 삼성에 다스 소송비 대납요청 보도 사실 아냐,
ynat-v1_dev_00235,True,경제,경제,1,경제,1.0,STOP,롯데주류 호주와인 울프블라스 한정판 출시,
ynat-v1_dev_00236,False,정치,,6,,,SAFETY,김광림 野 성년축하금·서울시 청년수당 모럴해저드 우려,
ynat-v1_dev_00237,True,정치,정치,6,정치,6.0,STOP,이해찬 한국당 강효상 불법행위 사과하고 적절 조치해야,
ynat-v1_dev_00238,True,경제,경제,1,경제,1.0,STOP,코아로직 한경지앤아이 지분 55.6% 취득 결정,
ynat-v1_dev_00239,False,사회,경제,2,경제,1.0,STOP,기보 기술혁신기업 고용안정 지원 행복일터 유지보증 신설,
ynat-v1_dev_00240,True,스포츠,스포츠,5,스포츠,5.0,STOP,강속구 내려놓고 첫 선발 무실점…한승혁 시야 넓어졌다,
ynat-v1_dev_00241,True,정치,정치,6,정치,6.0,STOP,하태경 대통령 아들 특혜채용 수사자료 공개소송 또 이겨,
ynat-v1_dev_00242,False,사회,경제,2,경제,1.0,STOP,삼부토건 중부내륙선 철도 노반 신설 공사 수주,
ynat-v1_dev_00243,False,사회,,2,,,SAFETY,전교조 7년 만에 합법화…노동부 법외노조 통보 취소,
ynat-v1_dev_00244,False,사회,생활문화,2,생활문화,3.0,STOP,박인자 조직위원장 겸 예술감독 인사말,
ynat-v1_dev_00245,True,생활문화,생활문화,3,생활문화,3.0,STOP,주말 N 여행 제주권 폭설에 섬 전체 눈꽃세상…중산간 천연 눈썰매장 고∼,
ynat-v1_dev_00246,False,사회,경제,2,경제,1.0,STOP,구본성 아워홈 부회장 해외사업 강화로 시너지 창출,
ynat-v1_dev_00247,True,경제,경제,1,경제,1.0,STOP,LG CNS 미래전략사업부장에 백상엽 사장,
ynat-v1_dev_00248,False,사회,정치,2,정치,6.0,STOP,유은혜 부총리 장애학생 진로교육 업무협약식,
ynat-v1_dev_00249,True,스포츠,스포츠,5,스포츠,5.0,STOP,맨유 루카쿠 뒷발차기로 3경기 출전금지 위기,
ynat-v1_dev_00250,True,세계,세계,4,세계,4.0,STOP,미·이란 긴장 불똥 튄 이라크…또 새우등 터질까,
ynat-v1_dev_00251,True,사회,사회,2,사회,2.0,STOP,게시판 LG전자 노인복지관서 사랑의 떡국나눔 행사,
ynat-v1_dev_00252,True,생활문화,생활문화,3,생활문화,3.0,STOP,신간 옥스퍼드 과학사·도시의 세계사,
ynat-v1_dev_00253,True,사회,사회,2,사회,2.0,STOP,특수노동자 부산·경남 경마기수 전국 최초 노조 설립,
ynat-v1_dev_00254,True,사회,사회,2,사회,2.0,STOP,직장 내 괴롭힘 금지법 시행 곧 1년…폭언·모욕 여전,
ynat-v1_dev_00255,False,사회,,2,,,SAFETY,안산소식 디딤돌 일자리 사업 참여자 37명 모집,
ynat-v1_dev_00256,True,스포츠,스포츠,5,스포츠,5.0,STOP,배니스터·엑스타인 특별보좌로 MLB 피츠버그 합류,
ynat-v1_dev_00257,True,사회,사회,2,사회,2.0,STOP,기숙사 입실하는 충북체고,
ynat-v1_dev_00258,True,정치,정치,6,정치,6.0,STOP,취재진 질문에 답하는 이재갑 장관,
ynat-v1_dev_00259,True,생활문화,생활문화,3,생활문화,3.0,STOP,중견화가 성연웅 19일부터 대학로서 개인전,
ynat-v1_dev_00260,False,생활문화,세계,3,세계,4.0,MAX_TOKENS,러시아혁명 100년…트로츠키가 쓴 혁명사 새 번역본 출간,
ynat-v1_dev_00261,True,사회,사회,2,사회,2.0,STOP,대구 남산고등학교에 차려진 선별진료소,
ynat-v1_dev_00262,False,사회,IT과학,2,IT과학,0.0,STOP,지능형 합승택시·수요응답형 버스 스마트시티에서 구현된다,
ynat-v1_dev_00263,True,스포츠,스포츠,5,스포츠,5.0,STOP,프로배구 왕별 서재덕·양효진 팬들에게 쏜다,
ynat-v1_dev_00264,True,사회,사회,2,사회,2.0,STOP,전태일 50주기 열사 정신 계승 전국 노동자대회,
ynat-v1_dev_00265,True,생활문화,생활문화,3,생활문화,3.0,STOP,메릴린 먼로 핸드백·손목시계 탄생 90년 맞아 경매에,
ynat-v1_dev_00266,False,사회,생활문화,2,생활문화,3.0,STOP,주말 N 여행 영남권 부산 어촌 장림포구의 변신…부네치아라고 불리는 이유,
ynat-v1_dev_00267,False,사회,정치,2,정치,6.0,STOP,경남교육청 기후위기 시대 환경교육 강화 비상 선언,
ynat-v1_dev_00268,True,사회,사회,2,사회,2.0,STOP,교수단체 신종코로나 확산 막으려면 대학 개강 연기해야,
ynat-v1_dev_00269,True,경제,경제,1,경제,1.0,STOP,쌍용차 5월 완성차 판매 32% 감소…내수 판매 25%↓,
ynat-v1_dev_00270,True,생활문화,생활문화,3,생활문화,3.0,STOP,팬스타 현해탄 원나잇 크루즈 1주년 이벤트,
ynat-v1_dev_00271,True,사회,사회,2,사회,2.0,STOP,보훈문화상 공동개최 업무협약식,
ynat-v1_dev_00272,True,사회,사회,2,사회,2.0,STOP,서울 주요 대학 모두 내년에 정시 확대…연고대 40%·서울대 30%,
ynat-v1_dev_00273,False,세계,스포츠,4,스포츠,5.0,STOP,5명 수비벽으로 못 막은 폴란드…독일은 어떻게 막나,
ynat-v1_dev_00274,False,스포츠,생활문화,5,생활문화,3.0,STOP,사회 초년생 이승엽 이제 홈런 치지 않아도 행복해요,
ynat-v1_dev_00275,True,생활문화,생활문화,3,생활문화,3.0,STOP,캐나다관광청 퀘벡시티 여행권 증정 이벤트,
ynat-v1_dev_00276,False,세계,,4,,,SAFETY,美 엘패소 총격 멕시코 유족 등 월마트 상대로 소송,
ynat-v1_dev_00277,False,생활문화,정치,3,정치,6.0,STOP,신간 동소만록·국민의 참여가 민주주의를 살린다,
ynat-v1_dev_00278,False,경제,정치,1,정치,6.0,STOP,DSR 40% 전면 확대는 시기상조…장기과제로 추진될 듯,
ynat-v1_dev_00279,False,경제,생활문화,1,생활문화,3.0,STOP,케이옥션 경매에 박수근 노상관상 보는 사람 출품,
ynat-v1_dev_00280,True,생활문화,생활문화,3,생활문화,3.0,STOP,태백산은 아직 동토의 땅,
ynat-v1_dev_00281,False,사회,생활문화,2,생활문화,3.0,STOP,연합이매진 서울 잠실에서 西海를 보다,
ynat-v1_dev_00282,True,사회,사회,2,사회,2.0,STOP,정신장애 털어놨다가 공무원 면접탈락…화성시 상대 소송,
ynat-v1_dev_00283,True,세계,세계,4,세계,4.0,STOP,오바마 트럼프·트럼프 유세 방해자 모두 비판,
ynat-v1_dev_00284,True,IT과학,IT과학,0,IT과학,0.0,STOP,카카오 개발자회의 이프 카카오 2019 개최,
ynat-v1_dev_00285,True,사회,사회,2,사회,2.0,STOP,전국 19개교 코로나19 여파로 등교 불발…이틀 연속 증가,
ynat-v1_dev_00286,True,생활문화,생활문화,3,생활문화,3.0,STOP,최정윤 전통춤 경연대회 대통령상 수상,
ynat-v1_dev_00287,True,세계,세계,4,세계,4.0,STOP,1977년 납북된 일본인 마쓰모토 교코 평양 병원에 입원중,
ynat-v1_dev_00288,False,사회,경제,2,경제,1.0,STOP,고소득 전문직도 신용대출 연봉 2배 이상 받기 어려워졌다종합2보,
ynat-v1_dev_00289,True,생활문화,생활문화,3,생활문화,3.0,STOP,신간 힐링 이모션·교회의 종말,
ynat-v1_dev_00290,False,정치,사회,6,사회,2.0,STOP,전두환 전 대통령 자택 앞 확성기 퍼포먼스,
ynat-v1_dev_00291,False,세계,IT과학,4,IT과학,0.0,STOP,일 연구팀 바다 증발 수분 우주확산 첫 확인,
ynat-v1_dev_00292,True,생활문화,생활문화,3,생활문화,3.0,STOP,십전대보탕 발효했더니…기억력 개선 효과,
ynat-v1_dev_00293,False,사회,경제,2,경제,1.0,STOP,실업급여 신청자 증가 작년 같은 기간보다 3만여명 증가,
ynat-v1_dev_00294,False,사회,정치,2,정치,6.0,STOP,방심위 코로나19 관련 사회 혼란 부른 정보 삭제 의결,
ynat-v1_dev_00295,False,사회,경제,2,경제,1.0,STOP,현대건설 옥수 한남하이츠에 강북 첫 디에이치 브랜드 적용,
ynat-v1_dev_00296,False,세계,경제,4,경제,1.0,STOP,日미쓰비시차 연비조작 차량 소유자에 112만원 보상,
ynat-v1_dev_00297,True,경제,경제,1,경제,1.0,STOP,새 회계기준에 몸집 줄이는 생보사…1분기 초회보험료 37%↓,
ynat-v1_dev_00298,False,IT과학,경제,0,경제,1.0,STOP,삼성·LG전자 콜센터 서비스 품질 우수 기업 선정,
ynat-v1_dev_00299,True,생활문화,생활문화,3,생활문화,3.0,STOP,늦깎이 정영숙 시인 등단 6년 만에 첫 시집 발간,
ynat-v1_dev_00300,True,경제,경제,1,경제,1.0,STOP,하이투자 CJ ENM 스튜디오드래곤 지분 처분으로 윈윈,
ynat-v1_dev_00301,True,세계,세계,4,세계,4.0,STOP,외교문서 北 1980대 밀수입 美헬기 이란에 재판매 시도,
ynat-v1_dev_00302,False,사회,,2,,,SAFETY,안산시 하반기 대학생 자부담 등록금 반값 지원 대상 모집,
ynat-v1_dev_00303,True,세계,세계,4,세계,4.0,STOP,美페덱스 조종사 탄환 불법운반 혐의 中서 한때 억류,
ynat-v1_dev_00304,True,경제,경제,1,경제,1.0,STOP,무디스 롯데쇼핑 이익 감소…신용등급 전망 부정적,
ynat-v1_dev_00305,False,사회,경제,2,경제,1.0,STOP,다매체시대 방송 마케팅 전략은…방송사업자협의체 콘퍼런스,
ynat-v1_dev_00306,False,생활문화,,3,,,SAFETY,코로나19 생활방역 전환에 우표박물관 재개관,
ynat-v1_dev_00307,True,사회,사회,2,사회,2.0,STOP,끝내 돌아오지 못한 택배기사,
ynat-v1_dev_00308,True,생활문화,생활문화,3,생활문화,3.0,STOP,올해 이상화 시인상에 위선환 시인,
ynat-v1_dev_00309,True,사회,사회,2,사회,2.0,STOP,올해 수험표는 운동장에서 배부,
ynat-v1_dev_00310,True,세계,세계,4,세계,4.0,STOP,베트남 국가지도부 빅4 중 3명 교체될 듯…서기장 연임 전망,
ynat-v1_dev_00311,True,사회,사회,2,사회,2.0,STOP,남양주 학생 서울 강남구 수능방송 무료·할인 수강,
ynat-v1_dev_00312,True,사회,사회,2,사회,2.0,STOP,수능 코로나19 방역지침,
ynat-v1_dev_00313,True,정치,정치,6,정치,6.0,STOP,상대 후보 위로하는 김동명 위원장 이동호 사무총장,
ynat-v1_dev_00314,True,사회,사회,2,사회,2.0,STOP,청주 상당초 첫 교육복합시설 선정…동남지구로 옮겨,
ynat-v1_dev_00315,False,정치,세계,6,세계,4.0,STOP,北 조러 친선확대 흔들림없는 의지…수교 68주년,
ynat-v1_dev_00316,True,정치,정치,6,정치,6.0,STOP,이인영 조국 청문회 마구잡이 증인신청 국민이 싫어할 것,
ynat-v1_dev_00317,False,사회,정치,2,정치,6.0,STOP,언중위 불공정 지방선거 보도 91건 제재,
ynat-v1_dev_00318,True,사회,사회,2,사회,2.0,STOP,법정 향하는 정경심,
ynat-v1_dev_00319,False,사회,정치,2,정치,6.0,STOP,신년인터뷰 강은희 대구교육감 위기상황 대처 신교육 패러다임 필요,
ynat-v1_dev_00320,True,스포츠,스포츠,5,스포츠,5.0,STOP,사이먼 32점 11리바운드…인삼공사 SK 제압하고 5연승 질주,
ynat-v1_dev_00321,True,생활문화,생활문화,3,생활문화,3.0,STOP,K파리지앙 이달 말 출간,
ynat-v1_dev_00322,True,사회,사회,2,사회,2.0,STOP,전북대 수험생 맞춤형 온라인 입시상담 실시,
ynat-v1_dev_00323,True,경제,경제,1,경제,1.0,STOP,원달러 환율 강보합 마감…연휴 앞두고 변동성 제한,
ynat-v1_dev_00324,False,생활문화,사회,3,사회,2.0,STOP,수능 손 소독하는 수험생들,
ynat-v1_dev_00325,False,사회,,2,,,SAFETY,평택시청 출입기자 확진…시청 브리핑룸 폐쇄,
ynat-v1_dev_00326,True,IT과학,IT과학,0,IT과학,0.0,STOP,KT 코그넥스와 5G 기술로 스마트 팩토리 분야 협력,
ynat-v1_dev_00327,False,사회,,2,,,SAFETY,특고·무급휴직자 지원금 홈페이지 개통…내달 1일부터 신청,
ynat-v1_dev_00328,False,사회,,2,,,SAFETY,피해 대책 마련 촉구하는 스크린골프장 경영주들,
ynat-v1_dev_00329,True,사회,사회,2,사회,2.0,STOP,한국노총 제82차 중앙집행위,
ynat-v1_dev_00330,True,스포츠,스포츠,5,스포츠,5.0,STOP,리버풀 구단 최고 581억원에 체임벌린 영입,
ynat-v1_dev_00331,False,사회,정치,2,정치,6.0,STOP,충북소식 도 청년 일자리 창출 우수기업 최대 3천만원 지원,
ynat-v1_dev_00332,True,사회,사회,2,사회,2.0,STOP,민족대표 34인 스코필드 박사 기념사업회 출범,
ynat-v1_dev_00333,True,사회,사회,2,사회,2.0,STOP,HSK 시험장 신종코로나 바이러스 예방 철저히,
ynat-v1_dev_00334,True,사회,사회,2,사회,2.0,STOP,서해 피격 사망 공무원 11일째 수색…현재까지 특이점 없어,
ynat-v1_dev_00335,True,사회,사회,2,사회,2.0,STOP,독립PD협회 박환성·김광일 PD 사망 관련 EBS 사과 수용종합,
ynat-v1_dev_00336,True,스포츠,스포츠,5,스포츠,5.0,STOP,한국인 라틀리프 태극마크 달았다…두경민도 허재號 재승선,
ynat-v1_dev_00337,False,생활문화,,3,,,SAFETY,신간 한국의 팔경도·아시아 인권공동체를 찾아서,
ynat-v1_dev_00338,False,IT과학,생활문화,0,생활문화,3.0,STOP,거짓·허구를 통해 열어가는 새로운 우주…새드엔딩에 안녕을,
ynat-v1_dev_00339,True,생활문화,생활문화,3,생활문화,3.0,STOP,신간 나에게는 꿈이 있습니다·어른의 서유기,
ynat-v1_dev_00340,True,사회,사회,2,사회,2.0,STOP,돌봄교실도 유치원도 안 간 라면 불 중상 형제,
ynat-v1_dev_00341,True,사회,사회,2,사회,2.0,STOP,등교 개학 대비한 시설물 점검,
ynat-v1_dev_00342,True,생활문화,생활문화,3,생활문화,3.0,STOP,형형색색 물드는 청계천…서울빛초롱축제 11월 17일까지 개최,
ynat-v1_dev_00343,True,정치,정치,6,정치,6.0,STOP,한국당 권력기관을 수족처럼 부리겠다는 개악…수용불가,
ynat-v1_dev_00344,False,생활문화,경제,3,경제,1.0,STOP,SPC삼립 식물성 계란 저스트 에그 국내서 생산·판매,
ynat-v1_dev_00345,False,정치,세계,6,세계,4.0,STOP,軍 군사실무회담부터 준비…北방문단 통행 안전조치 협의,
ynat-v1_dev_00346,True,세계,세계,4,세계,4.0,STOP,美대선 TV토론 中이 우릴 돼지저금통으로 조작된 낙수효과 말싸움도종합2보,
ynat-v1_dev_00347,True,사회,사회,2,사회,2.0,STOP,부산시 고용사각지대 2만3천명 긴급 생계비 110억원 지원,
ynat-v1_dev_00348,True,사회,사회,2,사회,2.0,STOP,서울시교육청 등교 수업 운영 방안은,
ynat-v1_dev_00349,True,세계,세계,4,세계,4.0,STOP,불안한 평온 홍콩시위 소강상태…일부 도로 통행 재개,
