id,sentence,subject_entity_text,subject_entity_type,object_entity_text,object_entity_type,true_relation,predicted_relation,accuracy,success,error
klue-re-v1_dev_00000,20대 남성 A(26)씨가 아버지 치료비를 위해 B(30)씨가 모아둔 돈을 훔쳐 인터넷 방송 BJ에게 '별풍선'으로 쏜 사실이 알려졌다.,A,PER,30,NOH,0,no_relation,0.0,True,
klue-re-v1_dev_00001,"그러나 심 의원은 보좌진이 접속 권한을 받아 정부 업무추진비 사용 내역 등을 다운받았음에도 정부가 허위 사실을 유포하는 등 국정감사 활동을 방해하고 있다고 반박했고, 김동연 경제부총리 겸 기획재정부 장관과 김재훈 재정정보원장, 기재부 관계자 등을 무고 등 혐의로 전날 맞고발했다.",심 의원,PER,정부,ORG,0,no_relation,0.0,True,
klue-re-v1_dev_00002,"영화 《룸》에서 감금되어 살아가는 여자의 아들 '잭' 역으로 주목받으며, 크리틱스 초이스 영화상 최우수 아역연기상, 캐나다 스크린 어워드(캐나다 영화 & 텔레비전 아카데미상) 영화부문 최우수 남우주연상을 수상하였고, 미국 배우 조합상(SAG) 최우수 남우조연상에 후보 지명되었다.",잭,PER,캐나다 스크린 어워드,POH,0,per:employee_of,0.0,True,
klue-re-v1_dev_00003,전라남도(도지사 김영록)는 해양수산부의 2020년 어촌뉴딜300 공모사업에 15개 연안 시군 70개소 7천61억 원 규모를 신청했다고 14일 밝혔다.,해양수산부,ORG,도지사,POH,0,no_relation,0.0,True,
klue-re-v1_dev_00004,"부산항만공사(BPA, 사장 남기찬)는 27일 아동의 인권존중과 아동학대 예방에 대한 인식을 제고하기 위해 전 임직원을 대상으로 아동학대 예방교육을 실시했다.",부산항만공사,ORG,27일,DAT,0,no_relation,0.0,True,
klue-re-v1_dev_00005,"왕손의 나이 6세에 왕손사부를 임명하는 것이 관례였지만 영조는 1757년에 두 왕손을 가르칠 왕손교부를 초빙, 임명하였다.",영조,PER,1757년,DAT,0,no_relation,0.0,True,
klue-re-v1_dev_00006,"심은주 하나금융투자 연구원은 “매일유업의 3분기 별도기준 매출액은 전년 동기대비 5.1% 증가한 3504억원, 영업이익은 9.5% 줄어든 192억원을 달성해 시장 전망치를 소폭 하회했다”라며 “이는 성수기를 맞이한 컵커피 등 기존 제품 매출 성장을 위한 판촉비 및 신제품 ‘셀렉타’의 시장 안착을 위한 비용 투하가 영향을 끼쳤다”라고 전했다.",심은주,PER,하나금융투자,ORG,18,per:employee_of,0.0,True,
klue-re-v1_dev_00007,공개된 영상은 한국 경제의 심장부에 서 있는 채이헌 허재 이혜준을 조명하며 시작했다.,허재,PER,한국,LOC,17,per:countries_of_residence,0.0,True,
klue-re-v1_dev_00008,사건 확산과 자신이 동침한 여자와의 사이에 아이가 태어났다는 점 등 여러가지 문제로 박정희의 호출에 무릎을 꿇은 정일권은 자신은 정인숙과 사귀긴 했으나 죽이지는 않았다며 억울함을 호소했다.,박정희,PER,정일권,PER,0,per:works_for,0.0,True,
klue-re-v1_dev_00009,김진우 한국투자증권 연구원은 “8년 만에 파업 없이 합의했다”며 “이제 다시 신차와 이익 모멘텀에 주목할 시점”이라고 말했다.,한국투자증권,ORG,김진우,PER,10,per:employee_of,0.0,True,
klue-re-v1_dev_00010,포천시 관계자는 “현장 중심의 공정하고 합리적인 계약심사를 위해 적극적으로 노력하겠다. 앞으로도 철저한 심사를 통해 시민의 혈세가 낭비되는 일이 없도록 최선을 다하겠다”고 밝혔다.,포천시,ORG,관계자,POH,10,per:employee_of,0.0,True,
klue-re-v1_dev_00011,그린메이트 14기는 1차 서류심사와 2차 면접을 통해 최종 20명을 선발한다.,그린메이트,ORG,14기,NOH,0,no_relation,0.0,False,No response text - likely blocked by safety filters
klue-re-v1_dev_00012,환경오염 배출시설 및 방지시설 현장 공개 방안에 대해서는 전라남도와 여수시가 7월 중 기업체와 ‘환경오염시설의 자발적 공개 협약’을 체결키로 했다.,전라남도,ORG,여수시,ORG,6,org:parents,0.0,True,
klue-re-v1_dev_00013,서울교통공사는 서울 노원구 석계역 무빙워크에 고의로 침을 바른 남성이 신종 코로나바이러스 감염증(코로나19) 검사에서 음성 판정이 나왔다고 21일 밝혔다.,서울교통공사,ORG,서울,LOC,3,org:place_of_headquarters,0.0,True,
klue-re-v1_dev_00014,"엠비아이는 ‘서울국제발명전시회’에서 '파워트레인(POWERTRAIN)""'으로 영예의 대상을 차지했다.",엠비아이,ORG,파워트레인,POH,8,org:product,0.0,True,
klue-re-v1_dev_00015,KT가 신종 코로나바이러스를 악용한 스미싱으로부터 고객을 보호하기 위해 차단 대응을 강화 중이라고 11일 밝혔다.,KT,ORG,고객,POH,0,no_relation,0.0,False,No response text - likely blocked by safety filters
klue-re-v1_dev_00016,7월에 일본 야구 올림픽 대표팀의 호시노 센이치 감독의 대표팀 소집 때문에 1군으로 긴급 복귀하여 셋업맨으로 등판하였지만 좋은 모습을 보여주지 못했다.,호시노 센이치,PER,감독,POH,29,per:title,0.0,True,
klue-re-v1_dev_00017,전북소방본부에 따르면 24대의 소방차가 출동했으며 현재 잔불 정리 중이다.,전북소방본부,ORG,24대,NOH,0,no_relation,0.0,True,
klue-re-v1_dev_00018,"여수광양항만공사(사장 차민식, 이하 공사)는 26일 광양항 컨테이너 터미널 앞 3개소(SM상선광양터미널, 한국국제터미널, 광양항서부컨테이너터미널)에서 화물차 운전자들에게 방한용품을 전달하고 안전운전과 환경보호활동을 독려하는 캠페인을 실시했다.",여수광양항만공사,ORG,3개소,NOH,0,no_relation,0.0,True,
klue-re-v1_dev_00019,이날 초청된 아이돔(IDOM)사의 도시재생 전문가 마리아 이바네즈는 양림동의 아름다운 경관에 탄성을 자아내며 앞으로 더욱 발전할 가능성이 높다고 평가했다.,마리아 이바네즈,PER,IDOM,POH,18,per:employee_of,0.0,True,
klue-re-v1_dev_00020,챔피언스리그 32강 2차전 발렌시아 CF전에서 그는 선발 출장하였다.,챔피언스리그,ORG,2차전,POH,0,org:product,0.0,True,
klue-re-v1_dev_00021,그 외에도 붉은 머리로 디즈니 '인어공주' 주인공 '에리얼'이라는 별명을 얻었던 유나는 금발로 돌아왔다.,에리얼,PER,인어공주,POH,29,no_relation,0.0,True,
klue-re-v1_dev_00022,"화려한 라인업으로 페스티벌 매니아들에게 열광적인 반응을 얻는 지산락페스티벌은 올해 국카스텐, 아도이, 몽니 등 대세 뮤지션들의 출연을 확정 지으며 대중들의 기대감을 한층 높였다.",국카스텐,ORG,몽니,ORG,0,no_relation,0.0,True,
klue-re-v1_dev_00023,고흥군(군수 송귀근)은 민족최대 명절인 설을 앞두고 어려운 이웃들과 마음으로 함께 나누는 따뜻한 명절을 보내고자 1월 20일부터 4일간 위문활동을 전개하고 있다.,송귀근,PER,설,DAT,0,no_relation,0.0,True,
klue-re-v1_dev_00024,러시아가 합계 3-1로 본선 진출.,러시아,ORG,3-1,NOH,0,no_relation,0.0,True,
klue-re-v1_dev_00025,조선 후기의 무신인 전운상(1694∼1760) 선생의 초상화이다.,전운상,PER,1694,DAT,12,per:date_of_birth,0.0,True,
klue-re-v1_dev_00026,"구완성 NH투자증권 연구원은 “동국제약은 인사돌, 마데카솔, 오라메디 등 일반의약품(OTC) 대형 브랜드를 다수 보유하고 있다”며 “마데카솔과 동일 원료의 화장품을 2015년 출시하며 재평가가 이뤄졌다”고 말했다.",NH투자증권,ORG,마데카솔,POH,0,no_relation,0.0,True,
klue-re-v1_dev_00027,광주구청장협의회는 지난 7월 전국협의회가 ▲지방자치법 전부개정안 조속처리 ▲기초정부와 함께하는 재정분권 추진 ▲복지대타협 특위 추진 및 운영 ▲지방소멸위기 극복 대응과 과제 ▲지방분권형 개헌 재추진 등의 내용을 담은 ‘기초지방정부 위기극복을 위한 5대 선언’의 공통 현안에 대한 전국적 여론형성과 공감대 확산을 위해 전국협의회와 긴밀히 협력해 나갈 계획이다.,광주구청장협의회,ORG,7월,DAT,0,no_relation,0.0,True,
klue-re-v1_dev_00028,황교안 자유한국당 대표가 16일 청와대 앞에서 삭발했다.,황교안,PER,청와대,POH,0,no_relation,0.0,True,
klue-re-v1_dev_00029,앞서 지난 20일 김건모 씨 예비 장인 장욱조 씨가 딸 장지연 씨 결혼식이 내년 1월에서 5월로 연기됐다고 밝힌 바 있다.,장지연,PER,1월,DAT,0,no_relation,0.0,True,
klue-re-v1_dev_00030,"이후 요시노 아사미 공략과 엇갈린 공략 루트를 타게 되며, 도주혼 센서로 그녀를 찾던 도중 다른 보유자(요시노 아사미)의 등장으로 엘시가 쫓게 되나, 엘시는 그녀를 놓쳐버리고, 케이마는 요시노 아사미와 함께 시간을 보내던 중 그 모습을 목격당해 사태는 더욱더 심화된다.",엘시,PER,케이마,PER,0,no_relation,0.0,True,
klue-re-v1_dev_00031,"이날 진정무 청장은 ‘경남 치안의 현황과 경남 경찰의 역할’을 주제로 특강을 진행했으며, 특강에는 '21세기형 새로운 리더십' 교양강좌 수강생 200여 명이 참석해 성황을 이뤘다.",진정무,PER,경찰,ORG,29,per:employee_of,0.0,True,
klue-re-v1_dev_00032,2008년 많은 활동을 펼쳤던 서인영은 2009년 들어 출연하던 모든 프로그램에서 하차하고 미국으로 떠났다.,서인영,PER,2009년,DAT,0,no_relation,0.0,True,
klue-re-v1_dev_00033,이과인은 출전 문제로 나폴리와 아스널과 같은 구단이 그를 영입하려 접근했다.,이과인,PER,나폴리,ORG,0,per:employee_of,0.0,True,
klue-re-v1_dev_00034,득점 리드의 9회초 복귀 후 첫 마무리투수로 등판. 2012년 9월 15일 도쿄 돔에서 열렸던 요미우리 자이언츠와의 경기 이래 세이브를 따냈지만 팀이 9회말 끝내기 승리를 거두는 바람에 복귀후 첫 구원승을 올렸다.,요미우리 자이언츠,ORG,도쿄 돔,POH,0,org:place_of_headquarters,0.0,True,
klue-re-v1_dev_00035,그해에 안국동 별궁에서 열린 세자 순종과 순명효황후의 가례 때 종실의 원로로서 참석하였다.,순종,PER,세자,POH,29,per:title,0.0,True,
klue-re-v1_dev_00036,영화 '분노의 질주: 홉스&쇼'는 시리즈의 메인 캐릭터인 루크 홉스(드웨인 존슨·Dwayne Johnson)와 데카드 쇼(제이슨 스타뎀·Jason Statham)의 활약을 그린다.,데카드 쇼,PER,분노의 질주: 홉스&쇼,POH,0,no_relation,0.0,True,
klue-re-v1_dev_00037,"몇 년 후, 형의 죽음이 친아버지의 죽음과도 관련되어있음을 밝히게 되고 친아버지와 형을 죽인 사람이 각각 자신이 존경하던 아버지와 이복형이라는 사실을 알게 된 권산. 하지만 이 진실을 덮기 위한 이복형 권유승의 음모로 죽임을 당할 위기를 맞게 된다.",권산,PER,권유승,PER,23,per:siblings,0.0,True,
klue-re-v1_dev_00038,A 씨는 배가 고팠다며 작성자와 대화도 몇 마디 나누지 않고 고기를 흡입했다.,A,PER,작성자,POH,0,no_relation,0.0,True,
klue-re-v1_dev_00039,개그우먼 박나래가 할아버지를 위한 선물을 구매하는 모습이 전파를 탔다.,박나래,PER,개그우먼,POH,29,per:title,0.0,True,
klue-re-v1_dev_00040,25일 문인 북구청장이 광주 북구청 민방위교육장에서 열린 민주평화통일자문회의 광주북구협의회 제19기 출범식 및 회장 취임식에서 자문위원들에게 위촉장을 수여하고 있다.,민주평화통일자문회의,ORG,북구,LOC,3,org:place_of_headquarters,0.0,True,
klue-re-v1_dev_00041,12일 IT업계에 따르면 SK텔레콤은 추석 연휴 주요 고속도로의 일·시간대별 소요시간을 예상한 결과 고향으로 떠나기 가장 좋은 시간대는 11일 오전 11시 이전이나 12일 오후 4시 이후로 나타났다고 밝혔다.,SK텔레콤,ORG,IT,POH,0,org:members,0.0,True,
klue-re-v1_dev_00042,"이후 한동안 별다른 소식이 없어 일각에서는 보만얼이 사망했을 것이라는 추측도 나왔지만 17일 그의 SNS에는 ""정부와 백의의 천사들에게 감사하다. 퇴원했다. 자가격리 14일 후인 2월 27일 소식을 전하겠다""라는 짧은 글이 올라왔다.",정부,ORG,17일,DAT,0,no_relation,0.0,True,
klue-re-v1_dev_00043,"이에 대한 대응으로 셀림은 키질바시로 의심되는 사람 40,000 명을 추방하거나 처형하였다.",셀림,PER,키질바시,LOC,0,no_relation,0.0,True,
klue-re-v1_dev_00044,"1943년 11월 '임시지원병제도익찬위원회'가 경성부 종로지역의 지원병제도 홍보와 권유를 위해 주최한 가정방문 계몽행사 실행위원을 맡아 고원훈,이광수,조병상,한상룡등과 제2반 위원으로 활동했다.",이광수,PER,1943년 11월,DAT,0,no_relation,0.0,True,
klue-re-v1_dev_00045,28일 OSEN은 정원중 씨가 보내온 심경글을 보도했다.,OSEN,ORG,28일,DAT,0,no_relation,0.0,True,
klue-re-v1_dev_00046,무안군(군수 김산)은 무안군 일로읍에 위치한 ㈜메종오브제(대표 임숙영)가 지난 23일 그릇 500세트를 기부했다고 밝혀 훈훈함을 주고 있다.,김산,PER,일로읍,LOC,0,no_relation,0.0,True,
klue-re-v1_dev_00047,송(宋) 이후에 1근이 약 600g으로 정착되어 오늘에 이르었다.,송,ORG,宋,ORG,4,org:alternate_names,0.0,True,
klue-re-v1_dev_00048,레드벨벳의 멤버 조이가 인스타그램에 고혹적인 사진을 공개했다.,조이,PER,레드벨벳,PER,18,per:member_of,0.0,True,
klue-re-v1_dev_00049,육군은 지난 3월부터 6월까지 육군훈련소와 9사단 훈련병을 대상으로 4주 교육훈련 모델을 시험 적용했다.,육군,ORG,훈련병,POH,10,org:members,0.0,True,
klue-re-v1_dev_00050,더불어 이 사업의 컨트롤 타워로서 체계적이고 효율적인 추진을 위해 과학기술정보통신부와 광주시가 공동으로 ‘AI산업융합사업단’을 발족시켜 본격적인 운영에 들어갔다.,과학기술정보통신부,ORG,광주시,ORG,0,no_relation,0.0,True,
klue-re-v1_dev_00051,1940년 일본 요코하마 공립여자신학교를 졸업하고 김천 황금동교회의 전도사로 부임하였다.,김천 황금동교회,ORG,1940년,DAT,0,no_relation,0.0,True,
klue-re-v1_dev_00052,글래드 호텔 마케팅 담당자는 “메종 글래드 제주에서 깊어가는 가을의 감성을 느낄 수 있도록 하동균X펀치 콘서트를 기획하여 제주도민들에게는 문화 생활을 선사하고 투숙객에게는 특별한 여행을 즐길 수 있도록 준비했다”면서 “스낵바 및 카페 판매 금액의 일부는 글래드림 캠페인의 일환으로 월드비전에 기부될 예정이며 앞으로도 글래드 뮤직 페스트를 통해 다양한 볼거리와 즐길 거리를 선보일 것”이라고 말했다.,글래드 호텔,ORG,마케팅 담당자,POH,10,per:employee_of,0.0,True,
klue-re-v1_dev_00053,"코페르니쿠스는 (점성술에 관한 그의 업적은 이론에만 그쳤는데, 경험주의적 천문학은 물론) 점성술을 사용하지 않았지만, 튀코 브라헤와 요하네스 케플러 그리고 갈릴레오 갈릴레이와 같이 아이작 뉴턴 이전의 가장 저명한 천문학자들은 직업이 점성술사였다.",튀코 브라헤,PER,천문학,POH,29,no_relation,0.0,False,No response text - likely blocked by safety filters
klue-re-v1_dev_00054,우하람은 1ｍ 스프링보드의 아쉬움을 털어내고 15일 10ｍ 싱크로나이즈드 플랫폼 예선과 결승을 치른다.,우하람,PER,15일,DAT,0,no_relation,0.0,True,
klue-re-v1_dev_00055,매체는 서세원 씨 간증 예배에 재혼한 아내와 딸이 참석해 예배당 맨 뒷좌석에서 조용히 자리를 지켰다며 '서세원의 딸은 나이에 비해 키가 훌쩍 크고 아빠를 많이 닮은 모습이었다'고 밝혔다.,서세원,PER,매체,POH,0,no_relation,0.0,True,
klue-re-v1_dev_00056,영국군이 함선을 나포하는 과정에서 독일인 7명이 사망했다.,영국군,ORG,함선,POH,0,org:top_members,0.0,True,
klue-re-v1_dev_00057,193년 기주목 원소의 신세를 지면서 원소를 도와 상산국에서 흑산적 장연과 싸웠다.,원소,PER,흑산적,PER,0,no_relation,0.0,True,
klue-re-v1_dev_00058,"중. 장년층에는 과거 무학 소주에 대한 향수를 불러일으키고, 젊은 층에는 뉴트로의 트렌디한 이미지로 브랜드를 강화한다는 전략이다.",무학,ORG,소주,POH,8,org:product,0.0,True,
klue-re-v1_dev_00059,"그 중 조지 호델의 경우 블랙달리아 사건으로 기소된 적은 없는 사람인데, 죽은 뒤 그 아들인 로스앤젤레스 시경찰국 살인반 형사 스티브 호델(Steve Hodel)이 자기 아버지가 쇼트의 살인범이며 그 외에도 여러 건의 살인사건을 저질렀다고 주장해서 널리 알려졌다.",쇼트,PER,블랙달리아 사건,POH,0,per:cause_of_death,0.0,True,
klue-re-v1_dev_00060,"꿈드림 청소년들은 센터에서 운영하는 스마트교실을 통해 검정고시 및 상급학교 진학 준비뿐만 아니라, 취업패키지, 자격증 취득, 멘토 프로그램 등 다양한 프로그램에 참여해 자립에 도움을 받고 있다.",꿈드림,ORG,청소년,POH,0,per:member_of,0.0,True,
klue-re-v1_dev_00061,"이후 구리여자고등학교 교장, 구리여자중학교 교장을 거쳐 1983년 광주군교육청 교육장이 되었다가 같은 해 광명교육청 교육장으로 발령되었고, 이후 경기도교육청 학무국장 등을 역임하였다.",구리여자중학교,ORG,구리여자고등학교,ORG,0,no_relation,0.0,True,
klue-re-v1_dev_00062,대한민국에서는 SM 엔터테인먼트와 KT 뮤직을 통해 디지털과 실물로 음반이 발매되었다.,SM 엔터테인먼트,ORG,대한민국,LOC,3,org:place_of_headquarters,0.0,True,
klue-re-v1_dev_00063,2연승을 달린 키움은 1승만 보태면 2년 연속 PO에 진출해 SK 와이번스와 한국시리즈 진출을 다툰다.,SK 와이번스,ORG,2년,DAT,0,no_relation,0.0,True,
klue-re-v1_dev_00064,이석형 더불어민주당 광주 광산갑 국회의원 예비후보는 2일 “‘신종 코로나 바이러스 감염’ 예방을 위해 일일 2회 비타민C 섭취 운동을 전개하자”며 캠프 자원봉사자들과 함께 비타민C를 복용하고 적극 홍보에 나서기로 했다.,더불어민주당,ORG,2일,DAT,0,no_relation,0.0,True,
klue-re-v1_dev_00065,"후에 신라의 문무왕이 합병하고, 신문왕 때 소경(小京)을 두었으며 경덕왕 때 남원으로 고쳤으나, 여전히 소경이라 하였고, 고려에는 일시 대방이라 하였으나 남원부(南原府)로 지속되었다.",신문왕,PER,신라,ORG,17,org:top_members,0.0,True,
klue-re-v1_dev_00066,서울 서초경찰서에 따르면 A 씨는 지난 5일 새벽 서울 서초구 한 클럽에서 부딪혔다는 이유로 B 씨와 시비가 붙었다.,A,PER,서초경찰서,ORG,0,no_relation,0.0,True,
klue-re-v1_dev_00067,"이종형 키움증권 연구원은 “세아베스틸의 2분기 연결기준 영업이익은 지난해 같은 기간에 비교해 29% 줄어든 251억원으로 시장 기대치에 부합했다”며 “단, 별도 영업이익은 102억원으로 시장 컨센서스를 밑돌았다”고 설명했다.",키움증권,ORG,29%,NOH,0,no_relation,0.0,True,
klue-re-v1_dev_00068,"달콤커피가 지난 2월 전국 비트 매장(60개)의 주문량을 분석한 결과, 로드 상권(쇼핑몰, 대형마트, 영화관 등) 주문량은 전월 대비 감소세에 들어선 반면, 기업 매장 내 주문량은 평균 15% 이상 증가했다.",달콤커피,ORG,비트,POH,6,org:product,0.0,True,
klue-re-v1_dev_00069,"도교육청은 이날 간담회를 통해 청취한 현장의견 등을 숙고해 유치원 공공성 강화를 위해 사립유치원 에듀파인의 현장 안착, 투명한 회계 운영, 회계 관련 연수 및 컨설팅 등에 만전을 기해나갈 방침이다.",도교육청,ORG,에듀파인,ORG,0,no_relation,0.0,False,No response text - likely blocked by safety filters
klue-re-v1_dev_00070,"이날 개관식은 김석준 부산시교육감과 김광모 부산시의회 교육위원장, 교직원, 학부모, 학교운영위원 등 100여명이 참석한 가운데 열렸다.",김석준,PER,김광모,PER,0,no_relation,0.0,True,
klue-re-v1_dev_00071,세검정이란 이름은 광해군 15년(1623) 인조반정 때 이곳에서 광해군의 폐위를 의논하고 칼을 갈아 날을 세웠다고 한데서 세검(洗劍)이라는 이름이 유래되었다고 한다.,광해군,PER,인조반정,DAT,0,no_relation,0.0,True,
klue-re-v1_dev_00072,"실제로 케빈 매카시 하원 공화당 원내대표는 언론 인터뷰에서 인터뷰에서 ""비디오 게임 산업이 젊은이들에게 살인을 가르치고 있다""고 주장했다.",공화당,ORG,원내대표,POH,10,org:top_members,0.0,True,
klue-re-v1_dev_00073,황의조 선수가 파리생제르맹(PSG) 소속 네이마르와 함께 경기를 펼칠지 관심이 모이고 있다.,황의조,PER,선수,POH,29,per:title,0.0,True,
klue-re-v1_dev_00074,"게임의 진행에 따라 레이 외에 두 명의 캐릭터로 플레이할 수 있는데, 한 명은 레이의 조수이자 1편의 주인공인 히나사키 미쿠이며, 또 한 명은 유우의 친구인 아마쿠라 케이이다.",레이,PER,주인공,POH,29,no_relation,0.0,True,
klue-re-v1_dev_00075,주 의원은 또한 Massport가 MBTA에서 페리를 인수 할 것을 제안했다.,주,PER,의원,POH,29,per:title,0.0,True,
klue-re-v1_dev_00076,"2009년 11월 10일 11시경 조선민주주의인민공화국의 경비정 한 척이 서해 북방한계선(NLL)을 침범하여 남하하자(대청도 동쪽 11.3 km 지점) 5차례 경고방송을 했고, 이에 응하지 않자 대한민국 해군은 경고사격을 가하였다.",조선민주주의인민공화국,ORG,경비정,POH,0,org:top_members,0.0,True,
klue-re-v1_dev_00077,지난 2일 정상수 씨는 유튜브에 랩을 녹음한 결과물을 올렸다.,정상수,PER,유튜브,POH,27,no_relation,0.0,True,
klue-re-v1_dev_00078,1922년 남편 김우영이 만주 안동현 부영사로 전보되어 그를 따라갔다.,김우영,PER,1922년,DAT,0,no_relation,0.0,True,
klue-re-v1_dev_00079,1991년에는 카이세리 지역구에 복지당 후보로 나서 터키 국회의원으로 처음 당선되어 1995년까지 의원직을 맡았다.,복지당,ORG,터키,LOC,3,org:place_of_headquarters,0.0,True,
klue-re-v1_dev_00080,"성문의 앞면에는 오직 두 명의 신의 상징이 연속되어 조각되어 있었는데, 바로 고대 바빌로니아의 주신 마르둑과 아다드이다.",마르둑,PER,바빌로니아,LOC,0,per:origin,0.0,True,
klue-re-v1_dev_00081,울산항만공사(사장 고상환)는 지난 7일 열린 인사혁신처 주관 '2019 적극행정 우수사례 경진대회'에서 공공기관 부문에서 최우수기관에 선정되어 대통령상을 수상했다고 밝혔다.,인사혁신처,ORG,고상환,PER,0,no_relation,0.0,True,
klue-re-v1_dev_00082,"지역복지사업평가는 보건복지부가 전국 229개 지방자치단체를 대상으로 평가를 실시하여, 희망복지지원단의 선도적이고 모범적인 사례를 발굴 확산하기 위해 전국 12개 시군구 우수 지자체를 선정했다.",지방자치단체,ORG,229개,NOH,11,org:number_of_employees,0.0,True,
klue-re-v1_dev_00083,구자용 연구원은 “이후 란투스의 명성을 이을 당뇨병 사업부의 차기 파이프라인은 경쟁사 대비 더 부족해졌다”라며 “사노피의 란투스의 후속 인슐린인 투제오는 노보노디스크의 트레시바에 역전당했고 이제 남은 파이프라인은 한미약품의 에페글레나타이드 뿐”이라고 설명했다.,사노피,ORG,인슐린,POH,8,org:product,0.0,True,
klue-re-v1_dev_00084,신현대 시 문화산업과장은 “오핸즈 브랜드 지정이 지역 공예인들이 우수한 문화상품을 발굴하고 대외적으로 공예상품의 경쟁력을 강화하는데 도움이 될 것으로 기대한다”고 말했다.,신현대,PER,문화산업과장,POH,29,per:title,0.0,True,
klue-re-v1_dev_00085,"과거 프랑스 까르푸와 우리나라 이마트, 롯데마트 등 여러 외국계 유통업체들이 중국 시장에서 고전한 것을 봤을 때 코스트코 성공은 이례적이라는 평가를 받고 있다.",이마트,ORG,롯데마트,ORG,0,no_relation,0.0,True,
klue-re-v1_dev_00086,"1851년 8월 2일 영국 의회는 잉글랜드와 아일랜드 내의 어떠한 가톨릭 교구도 기존에 있던 성공회 교구와 같은 교구 명칭을 사용하는 것을 금지하고, 위반시에는 징역형과 벌금형을 부과하는 법을 통과시켰다.",성공회,ORG,1851년 8월 2일,DAT,0,no_relation,0.0,True,
klue-re-v1_dev_00087,아워홈은 지난 5일 전국재해구호회협회를 통해 자사 생수제품인 ‘지리산수’ 2ℓ 약 9000병을 경북 울진에 전달했다.,전국재해구호회협회,ORG,약 9000병,NOH,0,no_relation,0.0,True,
klue-re-v1_dev_00088,서프랑크의 대머리왕 카를은 자신의 아들 루이 2세를 855년 동프랑크의 왕이라는 직책을 부여하고는 호시탐탐 동프랑크 왕국의 영토를 노리고 있었다.,카를,PER,루이 2세,PER,22,per:parents,0.0,True,
klue-re-v1_dev_00089,이번 공연은 광산구가 청년예술단체와 광산문예회관 무대를 나누는 ‘화요문화산책’의 올해 마지막 공연.,광산구,ORG,광산문예회관,ORG,3,org:parents,0.0,True,
klue-re-v1_dev_00090,"프랑스 정부 또한 이 문제에 큰 관심을 가졌는데, 니콜라 사르코지 대통령은 ""진심으로 어느 형태의 쿼터제든 반대한다."" 라고 발언하였고, ""쿼터제 실행은 공화국의 종말이 될 것이다."" 라고 덧붙였다.",니콜라 사르코지,PER,대통령,POH,29,per:title,0.0,True,
klue-re-v1_dev_00091,한편 아이오아이는 지난 2016년 방송된 Mnet '프로듀스 101'을 통해 탄생한 걸그룹이다.,아이오아이,ORG,2016년,DAT,2,org:founded,0.0,True,
klue-re-v1_dev_00092,권오봉 여수시장은 개회사에서 “마이스 산업 관계자에게 여수는 매력적인 도시다”면서 “박람회장 내에 국제 규모의 전시컨벤션센터를 유치해 MICE 인증도시 도시 여수의 위상을 더욱 곤고히 하겠다”고 밝혔다.,권오봉,PER,관계자,POH,0,no_relation,0.0,True,
klue-re-v1_dev_00093,테일러 기자는 일주일간 서울에 머무르며 지하철을 이용해본 결과 자신은 서울의 지하철과 사랑에 빠졌다고 말했다.,테일러,PER,서울,LOC,16,per:cities_of_residence,0.0,True,
klue-re-v1_dev_00094,배우 전지현(왕지현·38)이 1억 원 기부에 이어 '착한 임대인 운동'에 동참한 가운데 일부 누리꾼들 비난이 쏟아지고 있다.,전지현,PER,왕지현,PER,20,per:alternate_names,0.0,True,
klue-re-v1_dev_00095,1919년 임시정부 군무부총장으로 임명되어 파리강화회의에 대표로 선발되기도 하였으나 비행사 양성을 목적으로 미국으로 건너간다.,임시정부,ORG,1919년,DAT,0,org:founded,0.0,True,
klue-re-v1_dev_00096,레닌은 카를 마르크스가 이 시기에 세계혁명론을 주장한 이유가 바로 그가 살았던 시기는 이러한 단계에 머문 상태였기 때문이라고 분석했다.,카를 마르크스,PER,레닌,PER,0,no_relation,0.0,True,
klue-re-v1_dev_00097,대한민국 17대 국회에서 발의되었으나 임기 만료로 폐기되고 18대 국회에서 다시 발의되어 상임위를 통과하고 법사위에 계류 중이다.,국회,ORG,18대,NOH,0,no_relation,0.0,True,
klue-re-v1_dev_00098,"최유정 양은 당분간 모든 일정에서 제외하여 충분한 휴식과 컨디션 회복에 전념할 계획이며, 위키미키는 최유정 양의 건강이 회복될 때 까지 당분간 7인 체제로 진행할 예정입니다.",위키미키,ORG,7인,NOH,11,org:number_of_employees,0.0,True,
klue-re-v1_dev_00099,"율리아누스가 퇴각하다가 결국 전투 중의 부상으로 죽자 로마 군단은 처음에는 살루스트를 황제로 옹립하려 했으나, 그가 끝내 고사하자 요비아누스를 황제로 옹립했다.",로마 군단,ORG,율리아누스,PER,10,org:top_members,0.0,True,
klue-re-v1_dev_00100,최정기 전라남도 수산자원과장은 “도는 불법어업 단속 사전예고를 통해 자율적인 준법 조업질서 확립 분위기를 조성하고 있다”며 “사전 홍보에도 불구하고 이뤄진 불법어업 행위에 대해서 앞으로도 강력한 단속을 추진하겠다”고 밝혔다.,최정기,PER,전라남도,LOC,18,per:employee_of,0.0,True,
klue-re-v1_dev_00101,"신임 김 총장은 취임에 앞서 “초고령화 시대의 의료보건 수요에 대비해 간호학과, 물리치료과, 방사선학과를 주축으로 호산대를 의료보건 중심대학으로 육성 발전시키겠다”고 말했다.",김,PER,총장,POH,29,per:title,0.0,True,
klue-re-v1_dev_00102,사천시 4-H본부 명기천 회장은 “함평에서만 볼 수 있는 다양한 기획 작품에 나비축제 이상의 감동을 받았다”며 극찬했다.,명기천,PER,사천시 4-H본부,ORG,18,no_relation,0.0,False,No response text - likely blocked by safety filters
klue-re-v1_dev_00103,"민족문제연구소의 친일인명사전 수록자 명단의 관료 부문, 친일반민족행위진상규명위원회가 발표한 친일반민족행위 705인 명단에 포함되었다.",민족문제연구소,ORG,수록자,POH,0,no_relation,0.0,True,
klue-re-v1_dev_00104,"차바이오텍은 지난 8월 국내 특허를 획득한데 이어 이번에 미국 특허까지 잇따라 획득하며, 태반 유래 중간엽 줄기세포를 활용한 치료제로 글로벌 시장에 진출할 수 있는 기술적 기반을 마련했다.",차바이오텍,ORG,중간엽,POH,0,no_relation,0.0,True,
klue-re-v1_dev_00105,"문 대통령은 ""남과 북이 머리를 맞대고 진지하게 함께 논의할 것을 제안한다""고 남북대화를 거듭 촉구했다.",남,ORG,문,PER,10,org:top_members,0.0,True,
klue-re-v1_dev_00106,"이는 지난 27일 발표된 송중기, 송혜교 씨 이혼 소식이 계속해서 화제를 모으자, 두 사람 관련 기사들이 쏟아지며 송중기 씨 아버지에 대한 궁금증이 퍼진 것으로 보인다.",송혜교,PER,27일,DAT,0,no_relation,0.0,True,
klue-re-v1_dev_00107,휘트니 때문에 현대 R&B의 진로가 효과적으로 정해졌다.,휘트니,PER,R&B,NOH,0,no_relation,0.0,True,
klue-re-v1_dev_00108,192년 이각과 곽사가 장안의 정권을 장악하였다.,이각,PER,곽사,PER,0,no_relation,0.0,True,
klue-re-v1_dev_00109,이에 이용섭 시장은 “상인들이 행복해야 경제도 발전하고 시민소득도 올라가는데 지역 시장은 여전히 어려움을 겪고 있다”면서 “광주시는 상생카드 이용 확대 등 전통시장 활성화 정책을 적극 시행하겠다”고 말했다.,이용섭,PER,상인,POH,0,no_relation,0.0,True,
klue-re-v1_dev_00110,"전북 구단과 일해온 에이전트는 스포츠조선에 ""전북 구단은 최근 이동국과 함께 가기로 하는 등 2020 시즌 준비에 들어간 것으로 알고 있다. 전북은 이동국 가치를 긍정적으로 보고 있다. 이번 시즌이 끝나는 대로 이동국의 의사를 확인하고 다시 내년 계약을 마무리할 것 같다""고 했다.",이동국,PER,스포츠조선,ORG,0,no_relation,0.0,True,
klue-re-v1_dev_00111,"서거 109주기를 맞아 개최된 올해 추모식에는 나윤수 함평군수 권한대행과 유족, 기관·사회단체장 등 지역주민 400여 명이 참석해 선생의 숭고한 넋을 기렸다.",나윤수,PER,유족,POH,0,no_relation,0.0,True,
klue-re-v1_dev_00112,"순천시(시장 허석)는 장천동 도시재생뉴딜사업의 일환으로 사업구역 내 음식업소의 맛, 서비스 개선으로 경쟁력 강화를 위한 ‘몽미락(夢味樂) 프로젝트’를 진행한다고 밝혔다.",순천시,ORG,장천동,LOC,6,no_relation,0.0,True,
klue-re-v1_dev_00113,"""전 '답하는 곡'을 계획하고 있었습니다. 우리 중 둘이서 '그녀는 널 사랑해'라고 외치면 다른 애가 '예 예'라고 답하는 것이죠. 우린 그게 형편없는 아이디어라고 생각했지만, 'She Loves You'라는 제목의 곡으로 하는 건 나쁘지 않다고 생각했습니다. 그렇게 호텔 침대에 앉아 몇시간 동안 곡을 썼습니다. 존과 저는 투윈 베드에 기타를 들고 앉아 있었어요."" 곡은 다음날 리버풀 포틀린 거리에 있는 매카트니의 집에서 완성되었다.",존,PER,기타,POH,0,no_relation,0.0,True,
klue-re-v1_dev_00114,지난 22일 유튜브 'M2'에 올라온 영상에서 전소미는 댄서들과 릴레이 댄스로 곡 'BIRTHDAY'에 맞춰 춤을 췄다.,전소미,PER,M2,POH,0,no_relation,0.0,True,
klue-re-v1_dev_00115,"포격은 4월 11일 오전 10시에 시작되어 몇 시간 동안 지속되었고, 흥호아에 많은 건물들을 불태우고, 흑기군 수비병들에게 큰 사상자를 냈다.",흑기군,ORG,흥호아,LOC,0,org:place_of_headquarters,0.0,True,
klue-re-v1_dev_00116,1999년 NASA는 궤도선 개발사로 보잉을 선정했다.,NASA,ORG,1999년,DAT,0,no_relation,0.0,True,
klue-re-v1_dev_00117,"진도군이 국토교통부에서 주관하는 '2019년 도시재생 인정사업'에 선정되어 내년부터 3년동안 64억5,000만원 투입, 도시재생지원센터 등을 조성한다.",진도군,ORG,도시재생 인정사업,POH,8,no_relation,0.0,True,
klue-re-v1_dev_00118,"6월 21일 한성부에 들어갔고, 다음 날인 호러스 뉴턴 앨런 집을 방문하였다. 고종의 주치의까지 지내며, 1887년 9월 호러스 뉴턴 앨런이 외교관으로 직업을 바꿔 미국에 들어갔고, 후임 2대 제중원 원장을 취임하였다.",고종,PER,주치의,POH,0,no_relation,0.0,True,
klue-re-v1_dev_00119,"현재 베트남 사회주의 공화국의 공산주의 체제를 반대하며, 친남베트남 성향을 보이고있으며, 당의 연설회나 집회때 당기와함께 남베트남국기를 걸어놓기도한다.",베트남 사회주의 공화국,ORG,남베트남,LOC,0,no_relation,0.0,True,
klue-re-v1_dev_00120,"옥중에서 경성콤그룹의 결성 소식을 접한 박헌영은 처음에 경성콤그룹에 참가하지 않았으나, 이순금의 설득으로 콤그룹에 가입하게 됐다.",경성콤그룹,ORG,박헌영,PER,10,per:member_of,0.0,True,
klue-re-v1_dev_00121,"가맹국의 정부나 자치 지방의 수뇌가 그 날의 모든 국제 이슈에 대해서 토의하고 프랑코포니의 활동 전략과 목표를 세우는데, 이를 통해 프랑코포니의 국제 영향력 발휘를 보장한다.",정부,ORG,프랑코포니,ORG,6,org:members,0.0,True,
klue-re-v1_dev_00122,"두 골을 추가한 베일은 24골로, 아이버 올처치와 트레버 포드를 제치고 28골을 기록한 이언 러시에 이어 웨일스 국가대표팀 최다 득점 2위에 올랐다.",베일,PER,웨일스 국가대표팀,ORG,18,per:member_of,0.0,True,
klue-re-v1_dev_00123,"1126년 이자겸의 난이 일어나고, 이자겸의 일가가 몰락하면서 인종의 이모이며 아내였던 이자겸의 3녀와 4녀 역시 폐출당하면서 뒤를 이어 임원후의 딸이 인종의 아내가 되었다.",인종,PER,임원후,PER,25,per:other_family,0.0,True,
klue-re-v1_dev_00124,"앞서 크리스(우이판), 루한(루한), 타오(황쯔타오)가 엑소를 탈퇴한 바 있다.",타오,PER,루한,PER,26,per:colleague,0.0,True,
klue-re-v1_dev_00125,"감염병 위기경보가 경계로 격상됨에 따라 대응 강화를 위해 방역비상대책반과 선별진료소(진도한국병원, 보건소)를 설치·운영하고 있다.",방역비상대책반,ORG,감염병,POH,0,no_relation,0.0,True,
klue-re-v1_dev_00126,이후 이베리아 반도에서 계속된 기독교 국가와 이슬람과의 전쟁에는 성지의 수호라는 명분이 더해졌다.,기독교,ORG,이베리아 반도,LOC,0,no_relation,0.0,False,No response text - likely blocked by safety filters
klue-re-v1_dev_00127,옥주현 씨는 조승우 씨와 함께 뮤지컬 '스위니토드'에 출연했다.,옥주현,PER,뮤지컬,POH,0,no_relation,0.0,True,
klue-re-v1_dev_00128,지난달 23일 양평군 국립교통재활병원에서 대구로 의료지원을 가 코로나19 확진판정을 받아 모두의 안타까움을 자아냈던 간호사 A씨가 지난 4일 양평군 격리시설로 이송됐다.,A,PER,대구,LOC,0,no_relation,0.0,True,
klue-re-v1_dev_00129,"위원회는 중앙, 시·도, 구·시·군 단위로 조직되어 있으며, 국회에서 교섭단체를 구성하는 정당 및 공영방송사가 추천하는 자 각 1인과 방송통신심의위원회, 학계, 법조계, 시민단체가 추천하는 자 등 학식과 덕망이 있는 자를 포함하여 9인(중앙은 11인)의 위원으로 구성하고 있다.",국회,ORG,9인,NOH,0,no_relation,0.0,True,
klue-re-v1_dev_00130,"벡위스에 따르면, 삐야다시는 기원전 3세기에 살고 있었고 그리스인들에게는 아미트로치테스(Amitrochates)로 알려진 찬드라굽타 마우리아의 아들이며, 불교, 부처, 승가 등은 전혀 언급하지 않고 자신의 주요 기둥 칙령과 주요 바위 칙령에서 오직 경건함만을 옹호하고 있었다.",찬드라굽타 마우리아,PER,아미트로치테스,POH,20,per:children,0.0,True,
klue-re-v1_dev_00131,"롤링 스톤의 롭 셰필드는 이 앨범을 두고 ""카녜이 웨스트의 앨범 중 가장 훌륭하다고 평하며, 여태까지 들은 앨범 중에서 가장 폭넓은 영향을 끼친 앨범이며 그 어떤 음악가일지라도 이렇게 어둡고도 기묘한 음악을 만들 수 없을 것""이라고 말했다.",롭 셰필드,PER,롤링 스톤,ORG,18,per:employee_of,0.0,True,
klue-re-v1_dev_00132,"그 후 27살의 여주인공 캐시가 헤일샴이라는 기숙학교에서 보낸 어린시절, 학교를 떠난 후와 성인이 되고 나서의 이야기를 마치 추억을 더듬듯이 말하는 내레이션으로 그 장을 연다.",캐시,PER,주인공,POH,0,per:title,0.0,True,
klue-re-v1_dev_00133,오스트리아군 소속의 크로아티아 인들은 오스트리아군의 좌익이 위치한 북쪽에서 프로이센군과 교전하였다.,오스트리아군,ORG,북쪽,POH,0,no_relation,0.0,True,
klue-re-v1_dev_00134,"임진왜란 때는 의병을 모집하여 왜군과 맞서 싸웠으며, 평양성 탈환에 기여하기도 했다.",왜군,ORG,임진왜란 때,DAT,0,no_relation,0.0,True,
klue-re-v1_dev_00135,"정동균 양평군수는 “국책 도로사업이 행정력의 집중 및 정무적인 노력으로 일괄 예비타당성 조사용역 대상사업에 반영되는 가시적인 성과를 낼 수 있었다”고 반기며, “상기 사업이 모두 완공되면 양평군의 도로환경이 획기적으로 개선되는 만큼 도로확장 사업 완공될 시 까지 모든 행정력을 집중해 철저를 기하겠다”고 말했다.",정동균,PER,국책 도로사업,POH,0,no_relation,0.0,True,
klue-re-v1_dev_00136,"1910년 2월까지 설립된 기독교계 학교의 종파별 통계를 보면 장로파가 501교, 감리파가 158교, 성공회(聖公會)가 4교, 안식교가 2교, 종파 미상교가 84교, 각 파 합동이 1교, 천주교 46교로 신·구교회가 세운 학교는 모두 796교였다.",聖公會,ORG,천주교,ORG,0,no_relation,0.0,True,
klue-re-v1_dev_00137,자취 25년 차 내공을 유감없이 발휘한 이성우 씨는 콩국수에 오이채를 얹으며 마무리로 소금을 뿌렸다.,이성우,PER,콩국수,POH,0,no_relation,0.0,True,
klue-re-v1_dev_00138,조윤호 연구원은 “2분기에는 그런 경우가 발생하지 않으면서 정상 수준의 수익성을 회복할 전망”이라며 “건설 부문 매출액은 전년 동기대비 역성장하겠지만 수익성이 회복되면서 5~6%의 영업이익률을 기록할 전망”이라고 설명했다.,조윤호,PER,연구원,POH,29,per:title,0.0,True,
klue-re-v1_dev_00139,"한편, 부산은행은「지역경제 살리기 프로젝트」의 일환으로 중소기업 특별지원단 운영, 중소기업 Speed-up대출, 자영업자 미소만개 프로젝트 실시, 서민금융 종합지원 및 일자리 창출 박람회를 개최하는 등 지역경제에 힘이 되는 은행으로서 다양한 노력을 하고 있다.",부산은행,ORG,자영업자,POH,0,no_relation,0.0,True,
klue-re-v1_dev_00140,처음에는 자신만이 아니라 다른 동료들도 왠지 꺼림칙하게 느껴져서 들어가기를 거부했지만 그가 국적과는 상관 없는 지고한 전우애를 쌓은 마레병이라도 자신들의 비밀을 알아 내면 가차 없이 처단해서 지크와 의용병단을 향한 충성심을 증명해 보인 결과 그 뒤로는 아무 것도 모른 채 옐레나가 지시하는 대로만 따르게 되었다는 것이다.,의용병단,ORG,지크,PER,0,org:top_members,0.0,True,
klue-re-v1_dev_00141,"이날 오전 10시 경기도시공사 북부본부에서 열린 출범식에는 이화순 행정2부지사, 안병용 경기도 시장군수협의회장, 김원기 도의회 부의장, 김명원 도의회 건설교통부위원장, 이헌욱 경기도시공사 사장 등 도·시군, 도의원, 유관기관, 학계 관계자 40여명이 참석해 새로운 교통정책의 성공을 위한 각오를 다졌다.",김명원,PER,관계자,POH,0,no_relation,0.0,False,No response text - likely blocked by safety filters
klue-re-v1_dev_00142,"이 운동은 유고슬라비아의 요시프 브로즈 티토 대통령, 인도의 초대 수상 자와할랄 네루, 인도네시아의 초대 대통령 수카르노, 이집트의 대통령 가말 압델 나세르의 창안에서 나왔다.",수카르노,PER,인도네시아,LOC,18,per:title,0.0,True,
klue-re-v1_dev_00143,하이트진로는 이를 겨냥해 블라디보스톡 해양공원 내 바인 선셋 아쉬람에서 맥주 거품을 활용한 브랜드 행사를 이틀에 걸쳐 진행했다.,하이트진로,ORG,맥주,POH,0,org:product,0.0,True,
klue-re-v1_dev_00144,"문 대통령이 이번 사건에 대해 ""한 인간의 삶을 파괴하는 잔인한 행위""라고 규정하고, 관련 청와대 국민청원 등에 300만 명 이상이 서명한 것을 언급하며 ""국민들 특히 여성들의 절규로 무겁게 받아들인다""고 말한 대목에서 잘 드러난다.",문,PER,300만 명 이상,NOH,0,no_relation,0.0,True,
klue-re-v1_dev_00145,"투어에는 영산강유역환경청, 한국에너지공단 광주전남지역본부, 광주테크노파크, 광주전남KOTRA지원단 등 유관기관 관계자가 함께 해 기업의 애로사항을 해결하는데 머리를 맞댔다.",영산강유역환경청,ORG,관계자,POH,0,per:employee_of,0.0,True,
klue-re-v1_dev_00146,"이야기는 지난달, 해당 치과병원을 인수한 김 모 원장을 통해 알려졌다.",김,PER,치과,POH,18,org:top_members,0.0,True,
klue-re-v1_dev_00147,"연합뉴스는 ""유서 조작 의혹은 노 전 대통령의 측근이 유서에 담긴 내용이라며 전한 이야기를 일부 매체가 제대로 확인하지 않고 보도하면서 비롯된 혼선 때문이었던 것으로 확인되고 있다""면서 ""삭제됐다고 주장하는 내용이 경찰의 공식 발표 이전에 일부 매체들이 보도한 내용과 거의 동일하기 때문이다""라며 평했다.",노,PER,대통령,POH,29,per:title,0.0,True,
klue-re-v1_dev_00148,"황동혁 감독이 소설가 김훈의 동명 소설을 영화화한 것으로, 병자호란 당시 남한산성에 갇힌 인조가 청나라에 항복하기까지의 과정을 그리며 정치에 대해 메시지를 던진다.",인조,PER,병자호란,POH,0,no_relation,0.0,True,
klue-re-v1_dev_00149,"KT는 지난해 2월14일에 과기정통부의 ICT규제샌드박스 1차 심의위원회에서 행정/공공기관 대상으로 임시허가를 승인 받았는데, 이번에는 민간기업과 은행까지 영역이 확대된 것이다.",KT,ORG,ICT,ORG,0,no_relation,0.0,True,
klue-re-v1_dev_00150,8월 22일부터 8월 23일까지 목동야구장에서 열린 넥센 히어로즈와의 경기에서는 1승 1패를 기록하였다.,넥센 히어로즈,ORG,목동야구장,POH,0,org:place_of_headquarters,0.0,True,
klue-re-v1_dev_00151,지난 1일 SBS 뉴스는 쿠우쿠우의 갑질 피해를 호소하는 전 가맹점주 주장을 전했다.,SBS 뉴스,ORG,쿠우쿠우,ORG,0,no_relation,0.0,True,
klue-re-v1_dev_00152,"건배제의 영광까지 받은 박종남 볼링회장은 “지난 8월 전남체육회장 사상 첫 회원종목단체장과의 대화를 가진데 이어 전국체육대회에서 회원종목단체장 초청 간담회 역시 처음이기에 절로 힘이 난다”며 “이렇게 체육인들을 따뜻하게 챙겨주신 김영록 도지사님의 배려에 조금이나마 화답하는 것은 최선을 다해 좋은 성적을 거양하는 것이다”고 다짐, 분위기가 절정에 달했다.",김영록,PER,전국체육대회,POH,0,no_relation,0.0,True,
klue-re-v1_dev_00153,"문 대통령은 아울러 “앞으로 중저가 1주택 보유자들에 대해서는 추가적으로 세금을 경감하는 대책도 검토하겠다”며 “공공임대주택을 저소득층을 위한 영구 임대주택뿐 아니라 중산층까지 포함해 누구나 살고 싶은 ‘질 좋은 평생주택’으로 확장하고, 교통 문제 등 필요한 후속 대책을 빠르게 마련하겠다”고 밝혔다.",문,PER,1주택,NOH,0,no_relation,0.0,True,
klue-re-v1_dev_00154,"이해에 이조판서가 되었으나 남인들의 계속된 공격으로 곧 사퇴하였고, 이후 왕으로부터 의정부 우참찬·사헌부 대사헌·좌참찬 겸 성균관 좨주·찬선 등에 여러 차례 임명되었으나 3년제를 주장하며 기년제를 잘못이라 규탄하는 남인들의 거듭되는 공격과 탄핵 상소로, 출사하라는 왕의 거듭된 부탁을 받고도 계속 사퇴하였다.",성균관,ORG,찬선,POH,0,no_relation,0.0,True,
klue-re-v1_dev_00155,"11세기 교회의 대분열 이후 분리된 로마교회는 서방교회로 형성되었고, 동방교회와 분리되어 교황중심주의 형태로 지속되었다.",로마교회,ORG,서방,LOC,0,org:place_of_headquarters,0.0,True,
klue-re-v1_dev_00156,"서구청 관계자는 “구민들을 위해 인문학·민주시민교육 등 다양한 평생교육 프로그램을 개발·운영 중이다.”며, “이번 교육을 통해 참여 학습자들에게 작게나마 도움이 되길 바란다” 고 말했다.",서구청,ORG,구민,POH,10,no_relation,0.0,False,No response text - likely blocked by safety filters
klue-re-v1_dev_00157,"서울에서 태어나 경기도 광명시에서 성장한 박은지는 건국대학교 재학 시절이던 2003년 월드 미스 유니버시티 대회에 출전했으며, 본선 무대까지 진출했다.",박은지,PER,경기도,LOC,16,per:stateorprovinces_of_residence,0.0,True,
klue-re-v1_dev_00158,"그는 “삼성전자, 삼성SDI 두 종목은 이미 신고가를 갔다”라며 “삼성전기만이 남아 있는데 주력 제품이 주도하여 실적을 이끌고, 하반기로 갈수록 실적 탄력성이 크다라는 점이 공통점이 있는데다가 삼성전기의 1분기 출발은 오히려 더 낫다”고 진단했다.",삼성전기,ORG,삼성전자,ORG,0,org:subsidiaries,0.0,True,
klue-re-v1_dev_00159,5번째 생일을 맞은 아들 잭(제이컵 트렘블레이)과 함께 잭의 엄마 조이(브리 라슨)는 생일 케이크를 만든다.,조이,PER,잭,PER,22,per:children,0.0,True,
klue-re-v1_dev_00160,"김현수 연구원은 “SKC코오롱PI의 올해 매출액은 전년대비 3% 늘어난 2518억원, 영업이익은 24% 줄어든 461억원으로 역성장이 불가피할 전망”이라며 “모바일 수요 부진 및 미중 무역 분쟁으로 인해 상반기 실적이 부진한 가운데 하반기 실적 개선 불구 연간 매출 증가 폭은 제한적일 것”이라고 분석했다.",SKC코오롱PI,ORG,모바일,POH,0,org:product,0.0,True,
klue-re-v1_dev_00161,"오진원 연구원은 “투자이익률은 3.27%로 전분기 대비 4bp, 전년 동기대비 60bp 하락했는데 보유주식 손상 차손과 대손충당금 영향 때문”이라며 “보장성 APE는 37.7% 증가한 3134억원을 기록했는데 특히 치매보험 등 기타 보장성 APE(연납화보험료)가 243% 성장했다”고 밝혔다.",오진원,PER,연구원,POH,29,per:title,0.0,True,
klue-re-v1_dev_00162,같은날 스파이더맨 역을 맡은 톰 홀랜드는 SNS에 레오나르도 디카프리오가 출연했던 '더 울프 오브 월 스트리트' 한 장면을 게재하며 자축했다.,톰 홀랜드,PER,스파이더맨,PER,0,per:title,0.0,True,
klue-re-v1_dev_00163,발해는 현존하는 사료의 기록에 따르면 원래 국명이 진(震 / 振)이었다고 한다.,진,ORG,발해,LOC,4,org:alternate_names,0.0,True,
klue-re-v1_dev_00164,여수시(시장 권오봉)는 7월 현재 189건 406필지에 대한 지적공부정리와 단독 등기를 마쳤다.,여수시,ORG,7월,DAT,0,no_relation,0.0,True,
klue-re-v1_dev_00165,"박종필 전라남도 안전정책과장은 “명절을 맞아 불법 제조·유통되고, 원산지가 둔갑되는 성수식품이 많을 것으로 예상돼 유관기관과 합동으로 불법행위를 철저히 단속하고, 적발 시 강력하게 처벌할 계획”이라며 “앞으로도 지속적인 지도·단속을 통해 엄정한 유통질서를 확립하면서 도민의 먹거리 안전을 지키고, 지역에서 생산되는 농수산물을 보호해나가겠다”고 말했다.",박종필,PER,전라남도,LOC,16,per:employee_of,0.0,True,
klue-re-v1_dev_00166,6일 군산시에 따르면 주민등록 사실조사는 내달 27일까지 54일간 각 읍면동에서 조사반을 편성해 통리장과 합동으로 조사 대상 세대를 직접 방문하는 방법으로 진행된다.,군산시,ORG,6일,DAT,0,no_relation,0.0,True,
klue-re-v1_dev_00167,"1946년 8월 북조선공산당이 북조선신민당과 통합하여 북조선로동당으로 결성되자 참여, 김책은북조선로동당 중앙위원회 위원 겸 당 상무위원회 위원으로 선출되었다.",김책,PER,북조선로동당 중앙위원회 위원,POH,29,per:title,0.0,True,
klue-re-v1_dev_00168,"황 연구원은 “지난해 11월 G스타에서 공개된 펄어비스의 신작 프로젝트들의 윤곽은 6월 E3 게임쇼에서 구체화될 것으로 보인다”라며 “기존 예상보다 신작 출시가 늦어진다는 점은 아쉽지만, 향후 올해 신작이 출시되고 안착한다면 검은 사막에 대한 펄어비스의 의존도가 낮아지면서 더 높은 밸류에이션을 적용받을 수 있는 계기가 마련될 것”이라고 전망했다.",황,PER,G스타,POH,0,no_relation,0.0,True,
klue-re-v1_dev_00169,연구책임자인 이상원 국어국문학과 교수는 “이번에 설치되는 거점연구소인 고전번역연구소를 잘 운영하여 몇 년 뒤에는 호남지역을 대표하는 고전번역 및 연구 기관으로 자리매김하도록 하고 10년 후에는 전국적 명성을 갖춘 거점연구소로 성장할 수 있도록 하겠다”면서 “한문고전 번역전문가를 꿈꾸는 예비 인재들을 위한 프로그램과 장학금도 준비돼 있으니 많은 관심을 부탁드린다”고 말했다.,이상원,PER,교수,POH,29,per:title,0.0,True,
klue-re-v1_dev_00170,12월 28일 AP통신이 미국 기자들을 대상으로 2009년 10대 연예뉴스를 선정한 결과 잭슨의 죽음은 1위를 차지했다.,AP통신,ORG,미국,LOC,3,no_relation,0.0,True,
klue-re-v1_dev_00171,기사는 공개된 자료가 기존의 평가와는 반대로 매카시 의원이 증인이나 용의자로 지목된 자들의 인권에 대해 많은 주의를 기울였음이 드러난다고 주장했다.,매카시,PER,증인,POH,0,no_relation,0.0,True,
klue-re-v1_dev_00172,신라계 고려의 대법인 일연의 삼국유사에서는 서동 출신 무왕과 신라 선화공주의 이야기가 나온다.,무왕,PER,서동,LOC,17,per:origin,0.0,True,
klue-re-v1_dev_00173,"또한 이번 1차 운영위원회는 천원택시 운행을 추가 신청한 36개 마을에 대해 공정하고 객관적인 선정을 위해 한국경제조사연구원에 의뢰해 마을 중심지와 정류장간의 이격거리, 최근거리 노선들의 배차간격, 인구대비 노령인구수 등 정량평가와 마을별 천원택시의 필요성, 합리적 운영방안에 대한 정성평가 심사로 최종 대상마을을 선정한다.",한국경제조사연구원,ORG,1차,NOH,0,no_relation,0.0,True,
klue-re-v1_dev_00174,농심 관계자는 “액상소스가 감자칩에 잘 스며들어 한층 깊고 진한 맛을 낸다”며 “분말소스로 맛을 낸 시중 감자칩과 차별점을 뒀다”고 설명했다.,농심,ORG,관계자,POH,10,per:employee_of,0.0,True,
klue-re-v1_dev_00175,시 소방안전본부 관계자는 “앞으로도 다양한 운영 방안 등을 논의하는 소통의 장을 열어 학교 내 안전지킴이로서 119소년단을 활성화 시키겠다”고 말했다.,시 소방안전본부,ORG,관계자,POH,10,per:employee_of,0.0,True,
klue-re-v1_dev_00176,"그는 1975년과 1976년 레즈와 함께 2회의 월드 시리즈를 우승하였고, 각각의 그해에 내셔널 리그 MVP로 임명되기도 하였다.",내셔널 리그,ORG,1975년,DAT,0,org:founded,0.0,True,
klue-re-v1_dev_00177,이병창 농업기술센터 소장은 “담양의 뛰어난 청년농업인이 전남을 넘어 전국적으로 인정받을 수 있도록 많은 참여를 바란다”며 “군에서도 청년농업인이 안정적으로 적응하고 뛰어난 농업경쟁력을 확보할 수 있도록 최선을 다하겠다”고 말했다.,이병창,PER,농업기술센터,ORG,18,per:employee_of,0.0,True,
klue-re-v1_dev_00178,"테일러 기자는 서울 지하철이 가격, 청결도, 편리함, 정확도 등 거의 모든 면에서 세계 최고라고 얘기했다.",테일러,PER,서울,LOC,0,no_relation,0.0,True,
klue-re-v1_dev_00179,"2010년 로퀜스의 두 번째 앨범이 발매될 예정이었지만, 소울 컴퍼니 해체 이후 Loquence 활동은 사실상 불가능하다고 밝혔다.",소울 컴퍼니,ORG,로퀜스,PER,10,per:employee_of,0.0,True,
klue-re-v1_dev_00180,"오수아는 ""좋아한다고 말해봐. 어""라고 되물었고 박새로이는 카페 안으로 들어온 조이서, 박근수와 눈이 마주쳤다.",조이서,PER,박새로이,PER,0,no_relation,0.0,True,
klue-re-v1_dev_00181,"2018년 아우디그룹은 아우디 브랜드 181만 2천여대, 람보르기니 스포츠카 5천 750대, 두카티 모터사이클 5만 3천 4대를 판매했으며, 592억 유로의 매출을 기록했다.",아우디그룹,ORG,람보르기니,POH,6,no_relation,0.0,False,No response text - likely blocked by safety filters
klue-re-v1_dev_00182,공무원연금공단(이사장 정남준)과 화천군자원봉사센터(센터장 김영수)은 20일 자원봉사센터 다목적실에서 업무협약을 체결했다.,정남준,PER,센터장,POH,0,no_relation,0.0,True,
klue-re-v1_dev_00183,정 총리는 추석을 앞두고 지난주 발표한 ‘긴급 민생·경제 종합대책’에 대해서도 언급했다.,정,PER,추석,DAT,0,no_relation,0.0,True,
klue-re-v1_dev_00184,"그러나 허목의 상소 이후 남인계열의 성균관유생, 재지인사들에 의해 송시열의 사형을 청하는 상소가 계속 올라왔다.",송시열,PER,허목,PER,0,no_relation,0.0,True,
klue-re-v1_dev_00185,"로마군의 안전한 퇴각을 위해 그는 갈레리우스 황제 이후 수복했던 티그리스 강 동쪽의 모든 로마 지역을 사산조에 양보했고, 기독교 왕인 아르샤크 1세가 지배하는 아르메니아 왕국의 중립을 보장해야 했다.",갈레리우스,PER,기독교,PER,0,no_relation,0.0,True,
klue-re-v1_dev_00186,"즉 연대는 염정태 소령이 이끄는 제3대대를 우 제 1선으로, 장인걸 대위가 이끄는 제2대대를 좌 제1선으로 각각 내세워, 역습을 감항케 되었는데, 한낮인 13:00를 공격개시 시간으로 정한 것은 함포 및 공중지원의 화력을 십분 효력있게 하기 위함이었다.",제3대대,ORG,제2대대,ORG,0,no_relation,0.0,True,
klue-re-v1_dev_00187,"아일랜드 럭비 유니온 국가대표팀 경기뿐만 아니라 아일랜드의 렌스터 지방을 연고로 하는 렌스터 럭비팀이 이 경기장을 사용중이고 특히 아일랜드에서 최강의 라이벌 경기로 손꼽히는 먼스터 지방을 연고로 하는 먼스터(Munster) 럭비팀과 렌스터 지방을 연고로하는 렌스터(Leinster) 럭비팀, 이 두 팀간의 경기가 바로 이 경기장에서 열린다.",렌스터 럭비팀,ORG,먼스터,LOC,0,no_relation,0.0,True,
klue-re-v1_dev_00188,광주광역시(시장 이용섭)는 민선7기 2년차를 맞아 시민들의 다양한 요구와 시대의 흐름을 반영하기 위해 새로운 주택정책들을 시행할 계획이라고 밝혔다.,광주광역시,ORG,7기,NOH,0,no_relation,0.0,True,
klue-re-v1_dev_00189,한 연수원 동기 변호사는 “당시 김 변호사는 ‘이제 죽도록 법전만 보며 살 텐데 마지막으로 하고 싶은 것 해봐야지 않겠느냐’며 언론사로 가더라. 경찰기자 한다고 새벽부터 경찰서와 병원을 뒤지고 다니는 것을 즐겼던 기억이 난다. 아주 독특한 사람이었다”라고 김용철에 대한 기억을 이야기했다.,김,PER,변호사,POH,29,per:title,0.0,True,
klue-re-v1_dev_00190,"파티 명소로 알려진 글래드 강남의 70만원 상당 풀 스위트 파티 패키지, 글래드 라이브 강남에 위치한 감각적인 플랜트 컨셉의 카페&다이닝 카페 리피에서 사용 가능한 2인 식사권, 천연성분의 촉촉함을 느낄 수 있는 글래드 바이 뷰디아니 어메니티 세트, 스타벅스 아메리카노 교환권 등 푸짐한 경품이 준비되며 글래드 호텔 공식 인스타그램 계정을 팔로우하고 개인SNS 채널에 해당 이벤트 내용을 공유하면 당첨 확률을 높일 수 있다.",글래드 호텔,ORG,2인,NOH,0,no_relation,0.0,True,
klue-re-v1_dev_00191,이날 가세연 측은 두 사람이 대화 내용 유출을 미리 알고 하와이로 떠났다고 주장했다.,가세연,PER,하와이,LOC,0,no_relation,0.0,True,
klue-re-v1_dev_00192,"호남대학교 펜싱부는 지난해 2월 2019전국남녀종별펜싱선수권대회를 시작으로 5월 제38회 한국대학펜싱연맹대회, 7월 제59회 대통령배전국남녀대학펜싱선수권대회, 8월 2019나폴리하계유니버시아드대회, 10월 제100회전국체육대회, 11월 제21회전국남녀대학펜싱선수권대회에 이르기까지 출전한 모든 대회에서 상위에 입상하며 대학최강의 기량을 대내외에 과시했다.",호남대학교 펜싱부,ORG,제21회,NOH,0,no_relation,0.0,True,
klue-re-v1_dev_00193,김성배 광양읍장은 “우리 고유의 명절인 설을 맞아 큰 힘이 되어주신 광양동백로타리클럽 허남옥 회장과 회원분들에게 감사드린다”며 “온정의 손길이 더 멀리 그리고 깊이 닿을 수 있도록 앞으로도 복지사각지대 발굴에 최선을 다하겠다”고 덧붙였다.,광양동백로타리클럽,ORG,허남옥,PER,10,org:top_members,0.0,True,
klue-re-v1_dev_00194,"박성애 시인(시문인협회원)의 강의로 진행되는 이번 강의는 기본적인 발성 연습으로 시작해 마지막 시간에는 ‘진달래꽃(김소월)’, ‘풀꽃(나태주)’ 등 주옥같은 명시(名詩)들을 직접 낭송해 보는 시간을 갖는다.",김소월,PER,시인,POH,29,per:title,0.0,True,
klue-re-v1_dev_00195,"서울고등법원 형사부 판사로 재직하던 1970년 2월 17일에 홍콩에서 귀국할 때 녹용 100kg을 밀수하여 관세법위반으로 기소된 일신무역 대표에 대해 ""여행자가 세관장이 지정한 장소인 세관 검사대에 휴대품을 올려놓으면 관세법상 적법한 수입이며 자진신고한 것으로 보아야 한다""며 무죄를 선고했으며 1970년 3월 27일에 국가를 변란할 목적으로 지하조직을 만들었다는 혐의로 구속기소되어 1심에서 무기징역에서 징역2년 집행유예5년의 유죄를 선고받은 22명의 피고인에 대한 국가보안법, 반공법 위반 사건에서 ""피고인들이 경찰과 검찰에서 범행을 자백한 것은 임의성과 신빙성이 없음에도 이를 증거로 채택한 것은 증거채증법칙에 어긋난다""며 전원 무죄를 선고했다.",서울고등법원 형사부,ORG,1심,NOH,0,no_relation,0.0,True,
klue-re-v1_dev_00196,‘트래블 키트’는 13일부터 올리브영 전국 매장과 공식 온라인몰에서 3만원 이상 구매 고객을 대상으로 선착순 증정한다.,올리브영,ORG,트래블 키트,NOH,8,org:product,0.0,True,
klue-re-v1_dev_00197,"부상 후, 그는 2008-09 시즌의 남은 기간 동안 레알 마드리드 선수단에서 제외되었고, 그의 등번호는 다니엘 파레호가 사용했다.",레알 마드리드,ORG,등,POH,0,no_relation,0.0,True,
klue-re-v1_dev_00198,"그런 상황임에도 휘그당이 정권을 유지할 수 있었던 것은 토리당이 여전히 약세였고, 궁정이 여전히 휘그당에 의존했기 때문이었다.",휘그당,ORG,토리당,ORG,0,no_relation,0.0,True,
klue-re-v1_dev_00199,코이노스(- 기원전 326년)는 알렉산더 3세를 섬긴 마케도니아 왕국의 장군이다.,알렉산더 3세,PER,마케도니아 왕국,ORG,0,org:top_members,0.0,True,
