id,success,entity_correct,entity_true_count,entity_pred_count,entity_precision,entity_recall,entity_f1,char_correct,char_true_count,char_pred_count,char_precision,char_recall,char_f1,text,error
ner-val_000000,True,0,6,6,0.0,0.0,0.0,0,22,0,0.0,0.0,0.0,경 찰 은   또   성 매 매   알 선   자 금 을   관 리 한   박 씨 의   딸 ( 3 2 ) 과   성 매 매   여 성   김 모 ( 3 3 ) 씨   등   1 6 명 을   같 은   혐 의 로   불 구 속   입 건 했 다 .,
ner-val_000001,False,0,2,0,0.0,0.0,0.0,0,0,0,0.0,0.0,0.0,"B   씨 는   사 법 시 험   합 격 증 이   위 조 된   것 인 지   알   수   없 었 고 ,   아 들 이   좋 은   대 학 에   들 어 갈   수   있 기 만 을   바 라 던 터 라   A   씨 를   더   의 심 하 지   않 았 다 .",list index out of range
ner-val_000002,False,0,3,0,0.0,0.0,0.0,0,0,0,0.0,0.0,0.0,"수 학   A 형 의   1 등 급   커 트 라 인 은   평 균   9 6 점 ,   수 학   B 형 은   9 9 점 이 었 다 .",list index out of range
ner-val_000003,False,0,5,0,0.0,0.0,0.0,0,0,0,0.0,0.0,0.0,"' 변 호 인 ' 은   5 공 화 국   시 절   부 산   지 역 에 서   벌 어 진   최 대   공 안   사 건 인   ' 부 림 사 건 ' 을   모 티 브 로   다 룬   영 화 로 ,   지 난   1 9 일   개 봉 해   나 흘   만 에   관 객   1 7 5 만 명 을   넘 어 섰 습 니 다 .",list index out of range
ner-val_000004,True,0,4,5,0.0,0.0,0.0,0,24,0,0.0,0.0,0.0,유 시 진   대 위 ( 송 중 기 ) 와   의 사   강 모 연   팀 장 ( 송 혜 교 ) 의   흔 적 이 라 도   엿 볼   수   있 을 까 ' 하 는   마 음 에   촬 영 지 를   찾 은   관 광 객 들 은   아 쉬 운   발 걸 음 을   되 돌 리 고   있 다 .,
ner-val_000005,False,0,6,0,0.0,0.0,0.0,0,0,0,0.0,0.0,0.0,1 8 번   홀 ( 파 5 ) 에 서   열 린   연 장   첫   번 째   홀 에 서   파 를   지 킨   최 운 정 은   보 기 에   그 친   장 하 나 를   따 돌 리 고   L P G A   투 어   첫   우 승 의   감 격 을   누 렸 다 .,list index out of range
ner-val_000006,True,0,4,4,0.0,0.0,0.0,0,18,0,0.0,0.0,0.0,따 라 서   부 친   신   총 괄 회 장 에 게 까 지   신 동 빈   회 장 이   ' 반 기 ' 를   든   상 황 에 서   신   회 장 을   뺀   채   작 금 의   롯 데 그 룹   사 태 에   대 한   논 의 가   이 뤄 질   가 능 성 을   배 제 할   수   없 어   보 인 다 .,
ner-val_000007,True,0,1,1,0.0,0.0,0.0,0,10,0,0.0,0.0,0.0,현 재   시 네 마 테 크 에 서   하 고   있 는   영 화 . .   놓 치 면   후 회 합 니 다 .,
ner-val_000008,True,0,3,3,0.0,0.0,0.0,0,20,0,0.0,0.0,0.0,저 우 쉰 과   탕 웨 이 .   오 리 엔 트 의   여 배 우   부 분 에 선   이   두   사 람 이   최 고 이 지   않 을 까   싶 다 .,
ner-val_000009,True,0,1,1,0.0,0.0,0.0,0,8,0,0.0,0.0,0.0,m 이 라 고   써 있 는   펜 던 트   보 면 서   설 마   저 거   1 8 0 도   회 전 시 킨   다 음 반 전 이 라 고   지 껄 이 는 건   아 니 겠 지 . .,
ner-val_000010,True,0,1,1,0.0,0.0,0.0,0,6,0,,,,엠 비 씨 에 서   사 극 이   이 렇 게   망 한 다 는   것 을   깨 달 았 다,
ner-val_000011,True,0,1,1,0.0,0.0,0.0,0,8,0,0.0,0.0,0.0,시 간 이   지 나 도   사 라 지 지 않 는   가 슴 이   먹 먹 한   여 운   때 문 에 ' 이 건   그 냥   꾸 며 낸   얘 기 야 .   알 파 치 노 가   연 기 한   거 야 .   그 냥   영 화 야 '   라 고   최 면 을   걸 어 본 다 .,
ner-val_000012,True,0,2,2,0.0,0.0,0.0,0,10,0,0.0,0.0,0.0,중 견   연 기 자 들 과   주 인 공   김 재 원 의   뛰 어 난   연 기 가   올 해 의   최 고   - 심 리   스 릴 러   드 라 마 의   성 공 을   탄 생 시 켰 다 .,
ner-val_000013,True,0,3,3,0.0,0.0,0.0,0,18,0,0.0,0.0,0.0,배 우   이 아 현   씨 가   가 수   김 원 준   씨 가   배 우   박 소 현   씨 에 게   차 였 다 고   폭 로 했 다 .,
ner-val_000014,True,0,7,7,0.0,0.0,0.0,0,70,0,0.0,0.0,0.0,이 날   한 수 원 은   서 울   삼 성 동   그 랜 드   인 터 콘 티 넨 탈 에 서   ' 제 1 차   한 수 원 - C N N P   원 전   안 전   증 진   콘 퍼 런 스 ' 를   열 고   ' 동 북 아   원 전   안 전 을   위 한   국 경 을   초 월 한   협 력 ' 을   약 속 했 다 .,
ner-val_000015,True,0,6,6,0.0,0.0,0.0,0,52,0,0.0,0.0,0.0,경 남   진 해 에 서   국 악 예 술 단   단 장 을   맡 아   국 악 을   가 르 치 던   최 씨 는   지 난   2 0 1 0 년   1 5 세 에   불 과 한   여 제 자 와   네   차 례 나   강 제 로   성 관 계 를   가 진   혐 의 로   구 속 기 소 됐 다 .,
ner-val_000016,True,0,3,4,0.0,0.0,0.0,0,12,0,0.0,0.0,0.0,전 자 제 품   대 기 업 에 서   일 하 는   최 모 ( 3 2 ) 씨 는   1 0 분 가 량   늦 겠 다 고   팀 장 에 게   전 화 했 다 가   자 신 의   귀 를   의 심 해 야   할   상 황 에   직 면 했 다 .,
ner-val_000017,True,0,5,5,0.0,0.0,0.0,0,38,0,0.0,0.0,0.0,어 제 ( 1 0 월   1 0 일 )   방 송 된   원 더 걸 스   편 의   디 지 털   스 케 치   제 5 군 통 령   중   소 녀 시 대   부 분   관 련   사 과   말 씀   드 립 니 다 .,
ner-val_000018,True,0,1,1,0.0,0.0,0.0,0,6,0,0.0,0.0,0.0,진 짜 . .   영 화 보 면 서   완 전   오 언 조   한 테   빠 져 버 렸 음 . .   내 가   주 인 공 이   된 것   같 았 음 . .,
ner-val_000019,True,0,1,1,0.0,0.0,0.0,0,6,0,0.0,0.0,0.0,강 리 나   박 사 께 서   휠 체 어   타 는   씬 은   명 장 면,
ner-val_000020,True,0,1,0,0.0,0.0,0.0,0,6,0,0.0,0.0,0.0,영 화   이 해 를   위 해   꼭   한 가 지 는   알 아 야   할 것 . . .,
ner-val_000021,True,0,4,4,0.0,0.0,0.0,0,38,0,0.0,0.0,0.0,팀 의   네   번 째   실 점   상 황 에 서 는   카 시 야 스 가   트 래 핑   실 수 를   범 했 고   후 반   2 7 분   반   페 르 시 는   이 를   놓 치 지   않 고   골 을   성 공 시 켰 다 .,
ner-val_000022,False,0,6,0,0.0,0.0,0.0,0,0,0,0.0,0.0,0.0,춘 천 시 와   원 주 시 는   이 달 부 터   시 내 버 스   요 금 을   평 균   8 . 3 %   인 상 했 고   태 백 시 는   기 본 요 금 을   기 준 으 로   9 . 1 %   올 렸 다 .,list index out of range
ner-val_000023,True,0,1,1,0.0,0.0,0.0,0,4,0,0.0,0.0,0.0,그 리 고   캐 시 는   자 신 의   특 별 한   경 험 에   대 해   이 렇 게   말 했 다 .,
ner-val_000024,True,0,2,2,0.0,0.0,0.0,0,12,0,0.0,0.0,0.0,마 지 막   장 면 에 서   카 게 무 샤 가   신 겐 의   기 를   잡 으 려 다   죽 는   씬 은   압 권 이 다,
ner-val_000025,True,0,3,3,0.0,0.0,0.0,0,24,0,0.0,0.0,0.0,입 센   로 랑   담 배 는   왜   한 국 에 선   안 파 는 거 야 ?   케 이 스 가   너 무   이 쁘 고   필 터 도   이 뻐 서   예 전 에   판 매 되 었 을 때   입 센   로 랑   담 배 만   폈 는 데 . . 근 데   영 화 는   솔 직 히   재 미 없 다 .,
ner-val_000026,False,0,9,0,0.0,0.0,0.0,0,0,0,0.0,0.0,0.0,4 일   오 전   1 시   1 9 분   여 수   거 문 도   남 동 쪽   공 해 상 에 서   항 해   중 이 던   몽 골   선 적   4 천 3 0 0 t 급   화 물 선   ' 그 랜 드 포 춘 1 호 ' 가   침 몰 해   북 한   선 원   1 6 명   가 운 데   3 명 은   구 조 됐 다 .,list index out of range
ner-val_000027,True,0,2,2,0.0,0.0,0.0,0,6,0,0.0,0.0,0.0,경 찰 은   A 씨   부 부 에 게   아 동 복 지 법   위 반   혐 의 를   적 용 하 는   방 안 을   검 토 하 고   있 다 .,
ner-val_000028,False,0,4,0,0.0,0.0,0.0,0,0,0,0.0,0.0,0.0,이   게 시 물 은   2 9 일 ( 한 국 시 각 )   오 전   9 시   3 0 분   기 준   2 1 1 만 8 5 2 5   조 회   수 를   기 록 하 고   있 다 .,list index out of range
ner-val_000029,True,0,3,3,0.0,0.0,0.0,0,36,0,0.0,0.0,0.0,전 시 회 는   7 월   9 일 부 터   8 월   2 3 일 까 지   서 울 시 립 미 술 관 에 서   진 행 된 다 .,
ner-val_000030,True,0,1,1,0.0,0.0,0.0,0,16,0,0.0,0.0,0.0,멜 리 사   멘 체 스 터 의   노 래 만   좋 을   뿐   결 국 은   불 륜 영 화 일 뿐 . . .,
ner-val_000031,True,0,3,3,0.0,0.0,0.0,0,18,0,0.0,0.0,0.0,대 선   후 보   T V 토 론 이   끝 난   직 후   경 찰 이   갑 작 스 럽 게   중 간   수 사 결 과 라 는   이 름 으 로   수 사 내 용 을   공 표 한   것 은   T V 토 론 에 서   새 누 리 당   박 근 혜   후 보 가   밀 린   것 을   만 회 하 려 는   불 순 한   의 도 가   담 겼 다 고   주 장 했 다 .,
ner-val_000032,True,0,1,1,0.0,0.0,0.0,0,6,0,0.0,0.0,0.0,"스 타 뎀 의   액 션   영 화 , , , 굿 . . . 전   재 미 있 게   봤 어 요 . . . .",
ner-val_000033,True,0,1,0,0.0,0.0,0.0,0,4,0,0.0,0.0,0.0,하 나 에   집 중 하 지   않 고   분 산 된   느 낌 이 라   집 중 이   잘   안 됨,
ner-val_000034,True,0,1,1,0.0,0.0,0.0,0,6,0,0.0,0.0,0.0,"두 고 두 고   생 각 나 는   영 화   김 상 석 님   감 독 ,   배 우 로   승 승 장 구 하 시 길   화 이 팅",
ner-val_000035,False,0,16,0,0.0,0.0,0.0,0,0,0,0.0,0.0,0.0,"각   조   3 위 에   오 른   6 개 국   중 에 서 는   한 국 이   승 점   4 ,   골 득 실   0 으 로   가 장   좋 은   성 적 을   남 겼 고 ,   우 즈 베 키 스 탄 ( 승 점   4 · 골 득 실   - 1 ) ,   멕 시 코 ( 승 점   3 · 골 득 실   1 ) ,   가 나 ( 승 점   3 · 골 득 실   0 · 5 득 점 ) 가   뒤 를   이 어   1 6 강 에   진 출 했 다 .",list index out of range
ner-val_000036,False,0,5,0,0.0,0.0,0.0,0,0,0,0.0,0.0,0.0,존   메 이 어 의   첫   번 째   내 한   공 연 은   5 월   6 일   오 후   7 시   잠 실   보 조 경 기 장 에 서   열 립 니 다 .,list index out of range
ner-val_000037,True,0,4,4,0.0,0.0,0.0,0,32,0,0.0,0.0,0.0,오 릭 스 는   이 대 호 의   결 승 포 와   가 네 코   지 히 로 의   완 투 를   엮 어   4 - 1 로   역 전 승 했 다 .,
ner-val_000038,True,0,1,1,0.0,0.0,0.0,0,12,0,0.0,0.0,0.0,마 크   월 버 그   주 연 의   영 화 는   소 재 는   나 쁘 지   않 은 데   뭔 가   항 상   부 족 함 .,
ner-val_000039,False,0,4,0,0.0,0.0,0.0,0,0,0,0.0,0.0,0.0,내   일 요 일   두 시 간 을   잡 아 먹 은   또   한   편 의   영 화 . . 이   영 화 를   보 게 된 건   8 점 대 의   네 이 버 평 점   때 문 이 었 다 . . .,list index out of range
ner-val_000040,False,0,2,0,0.0,0.0,0.0,0,0,0,0.0,0.0,0.0,조 니   뎁 이   가 장   매 력 적 으 로   나 오 는   영 화 .   배 나 온   말 론 브 랜 도 는   살 짝   미 스,list index out of range
ner-val_000041,True,0,1,1,0.0,0.0,0.0,0,4,0,0.0,0.0,0.0,제 발 . . .   요 새   드 라 마 든   영 화 든   시 원 처 럼   투 블 럭 하 고   나 올 때 마 나   적 응 도   안 되 고   집 중 도   안 된 다 .,
ner-val_000042,True,0,6,6,0.0,0.0,0.0,0,60,0,0.0,0.0,0.0,"지 난   1 5 일   밤   9 시 경   파 업 으 로   인 해   대 체   투 입 된   1 9 살 ,   한 국   교 통 대   철 도 대 학   재 학 생 이   운 행 하 던   지 하 철   4 호 선 에 서   8 0 대   여 성 이   숨 지 는   사 고 가   발 생 해   논 란 이   일 었 습 니 다 .",
ner-val_000043,True,0,3,3,0.0,0.0,0.0,0,14,0,0.0,0.0,0.0,희 래 엄 마 나   홍 해 숙 역   연 기 자 들   연 기 가   집 중 안 되 게   만 들 었 지 만   태 평 이 랑   아 이 들   이 야 기 에   눈 물 흘 리 며   봤 어 요 .,
ner-val_000044,True,0,3,4,0.0,0.0,0.0,0,22,0,0.0,0.0,0.0,가 수   이 현 도   씨 가   지 난   7 일   방 송 된   M B C   ' 황 금 어 장   라 디 오 스 타 ’ 에   출 연 해   듀 스   해 체 와   관 련 된   루 머 를   직 접   해 명 했 다 .,
ner-val_000045,True,0,2,2,0.0,0.0,0.0,0,10,0,0.0,0.0,0.0,아 무 리 생 각 해 도   8 . 5 인 데   그 냥   9 점   줌 .   기 본 이 상 은   하 는   영 화 .,
ner-val_000046,True,0,1,2,0.0,0.0,0.0,0,10,0,0.0,0.0,0.0,초 6 ~ 중 1   되 는   아 이 들 이   보 면   딱 좋 은 영 화,
ner-val_000047,True,0,1,0,0.0,0.0,0.0,0,6,0,0.0,0.0,0.0,아 름 다 운   첫 걸 음   . .   과 정 없 이   자 라 는   나 무 는   없 어 요 ~,
ner-val_000048,True,0,2,4,0.0,0.0,0.0,0,10,0,0.0,0.0,0.0,정 부 는   1 0 일   지 역   의 사 회 가   불 법   집 단 휴 진   참 여 를   강 도   높 게   독 려 하 는   지 역 을   직 접   방 문 해   휴 진 상 황 과   비 상 진 료 체 계 를   점 검 할   예 정 이 다 .,
ner-val_000049,False,0,5,0,0.0,0.0,0.0,0,0,0,0.0,0.0,0.0,그 런 데   최 근   2 0 대   여 성 이   베 이 징 ( 北 京 )   지 하 철 에 서   검 색 을   거 부 한   채   난 동 을   부 리 는   어 이 없 는   일 이   발 생 했 다 고   상 하 이 스 트 가   9 일   전 했 습 니 다 .,list index out of range
ner-val_000050,True,0,3,3,0.0,0.0,0.0,0,42,0,0.0,0.0,0.0,포 르 투 갈   축 구 의   ' 전 설 '   에 우 제 비 우   다   실 바   페 헤 이 라 ( 7 2 ) 가   심 장 마 비 로   사 망 했 다 .,
ner-val_000051,False,0,3,0,0.0,0.0,0.0,0,0,0,0.0,0.0,0.0,이 들 은   현 재   소 셜   펀 딩   업 체   ' 킥 스 타 터 ' 에 서   ' 히 프 노 스   슬 립   후 드 ' 를   4 9 달 러 ( 한 화   약   5 만   8 2 0 0 원 ) 에   판 매 하 고   있 다 .,list index out of range
ner-val_000052,False,0,2,0,0.0,0.0,0.0,0,0,0,0.0,0.0,0.0,8 점   중 반   주 고 싶 은 데 . . 없 어 서   걍   9 점 . .,list index out of range
ner-val_000053,False,0,5,0,0.0,0.0,0.0,0,0,0,0.0,0.0,0.0,한 편   세 계 적 인   희 귀 종 인   눈 표 범 은   카 자 흐 스 탄 을   중 심 으 로   히 말 라 야 산 맥 을   통 로 로   이 와   접 경 한   중 국   신 장 위 구 르 자 치 구 나   칭 짱 ( 靑 藏 ) 고 원 에   걸 쳐   1 0 0 0 여   마 리   정 도 만   생 존 한 다 .,list index out of range
ner-val_000054,True,0,1,1,0.0,0.0,0.0,0,6,0,0.0,0.0,0.0,격 투 씬 을   제 외 한   연 기 도   너 무   허 접 하 고   연 출 도   조 잡 하 고   다   떠 나 서   무 엇 보 다   최 배 달 이 라 는   사 람 에 게   무 얼   배 워 야   될 지   알   수 가   없 다 .,
ner-val_000055,False,0,6,0,0.0,0.0,0.0,0,0,0,0.0,0.0,0.0,"벨 기 에   루 뱅 대 학 의   프 랑 크   베 옌 스   박 사 는   전 자 담 배 가   단 기 적 으 로 는   일 반   담 배 의   흡 연 량 을   줄 이 는   데 ,   장 기 적 으 로 는   일 반   담 배 를   끊 는   데   도 움 이   된 다 는   연 구 결 과 를   발 표 했 다 고   영 국 의   인 디 펜 던 트   인 터 넷 판 이   2 2 일   보 도 했 다 .",list index out of range
ner-val_000056,True,0,7,6,0.0,0.0,0.0,0,50,0,0.0,0.0,0.0,케 리   장 관 은   이 날   오 후   워 싱 턴 D C   국 무 부   청 사 에 서   윤 병 세   외 교 부   장 관 과   첫 번 째   회 담 을   열 어   북 핵   문 제   등   양 국   현 안 을   논 의 한   뒤   개 최 한   공 동   기 자 회 견 에 서   이 같 이   밝 혔 다 .,
ner-val_000057,True,0,1,2,0.0,0.0,0.0,0,6,0,0.0,0.0,0.0,배 우   최 세 윤 의   완 벽 한   연 기 를   볼   수   있 었 던   영 화   울 주 최 고 !,
ner-val_000058,False,0,1,0,0.0,0.0,0.0,0,0,0,0.0,0.0,0.0,마 성 의   퀴 어   애 즈   포 크 . . . 치 명 적 인   브 라 이 언   키 니   ㅠ ㅠ,list index out of range
ner-val_000059,False,0,9,0,0.0,0.0,0.0,0,0,0,0.0,0.0,0.0,경 찰 에   따 르 면   A 씨 는   2 0 1 0 년   5 월 부 터   지 난 해   8 월 까 지   일 본   교 토 ( 京 都 ) 의   호 텔 에 서   조 카   B 씨 의   몸 을   만 지 는   등   1 0 차 례 에   걸 쳐   B 씨 를   강 제 로   추 행 한   혐 의 를   받 고   있 다 .,list index out of range
ner-val_000060,True,0,2,2,0.0,0.0,0.0,0,14,0,0.0,0.0,0.0,"톰   행 크 스 는   그 렇 다 치 고 ,   코 엔 형 제 에 게   매 우   실 망 했 다 .",
ner-val_000061,True,0,2,3,0.0,0.0,0.0,0,18,0,0.0,0.0,0.0,ㅋ ㅋ ㅋ   랜 디 랑   버 터 스   카 트 맨   너 무   웃 겨,
ner-val_000062,True,0,1,1,0.0,0.0,0.0,0,8,0,0.0,0.0,0.0,역 대   최 고 의   작 품 .   제 시 카 랭 의   관 능 미   쩐 다 .,
ner-val_000063,True,0,2,2,0.0,0.0,0.0,0,8,0,0.0,0.0,0.0,"이 제 는   인 생 의   마 지 막 을   지 켜 줄   유 일 한   사 람 으 로   서 로 에 게   의 지 하 며   살 아 가 는   춘 희 ,   막 이   할 머 니 의   실 제   이 야 기 는   관 객 들 에 게   긴   여 운 을   남 긴 다 .",
ner-val_000064,True,0,1,1,0.0,0.0,0.0,0,2,0,0.0,0.0,0.0,그 러 나   차 적   조 회 를   해 봤 더 니   김   씨 가   몰 고 다 니 던   승 용 차 와   차 종 이   일 치 했 다 .,
ner-val_000065,True,0,4,5,0.0,0.0,0.0,0,30,0,,,,북 한 이   조 중 방 ( 조 선 중 앙 방 송 ) 과   노 동 신 문   등   관 영 매 체 를   통 해   지 속 적 이 면 서 도   전 방 위 적 으 로   도 발 에   대 한   수 사 적   위 협 을   통 해   대 한 민 국 에   대 해   심 리 적   압 박 을   가 하 고   있 습 니 다 .,
ner-val_000066,True,0,4,4,0.0,0.0,0.0,0,22,0,0.0,0.0,0.0,이 는   지 난 주   북 한 이   사 거 리   3 0 0 ㎞   이 상 의   스 커 드 - B   미 사 일   4 발 을   발 사 한   직 후 의   반 응 과 는   분 명 히   달 라 진   것 으 로   평 가 된 다 .,
ner-val_000067,True,0,1,1,0.0,0.0,0.0,0,8,0,,,,최 근   홈 플 러 스   애 완 동 물   판 매 점 에 서   찍 힌   사 진 이 라 고   합 니 다 .,
ner-val_000068,True,0,8,4,0.0,0.0,0.0,0,56,0,0.0,0.0,0.0,"해 당   보 고 서 는   지 난 해   4 월 2 6 일   한 미 관 계   보 고 서 ,   9 월 1 3 일 과   올   1 월 1 5 일   ' 북 미 관 계 ,   북 핵 외 교 ,   북 한   내 부 상 황 '   보 고 서 이 다 .",
ner-val_000069,False,0,3,0,0.0,0.0,0.0,0,0,0,0.0,0.0,0.0,내   친 구 의   남 동 생 의   남 동 생 의   남 동 생 의   남 동 생 의   남 동 생 의   남 동 생 의 남 동 생 의   남 동 생 의   남 동 생 의 남 동 생 의   남 동 생 의   남 동 생 의 남 동 생 의   남 동 생 의   남 동 생 이   보 면   딱   좋 을 뜻 . 내 가   4 살   일 때   이   만 화   보 여 주 면   평 점   1 0 점   만 점 의   1 0 점   줄 듯 함,list index out of range
ner-val_000070,True,0,6,6,0.0,0.0,0.0,0,48,0,0.0,0.0,0.0,김   선 수   소 속 팀   두 산   베 어 스 는   지 난 달   3 1 일   삼 성 을   꺾 고   1 4 년   만 에   한 국 시 리 즈   우 승 을   차 지 했 다 .,
ner-val_000071,True,0,3,3,0.0,0.0,0.0,0,22,0,0.0,0.0,0.0,다 음 은   앞 서   공 개 된   2 N E 1   산 다 라 박 과   공 민 지   티 저   사 진 과   이 번   앨 범   수 록 곡   리 스 트 다 .,
ner-val_000072,True,0,6,7,0.0,0.0,0.0,0,34,0,0.0,0.0,0.0,이 날   기 동 대   1 개   중 대   등   1 0 0 여 명 과   수 색 견   4 마 리   등 을   투 입 한   경 찰 은   팔 달 산 과   인 근   주 택 가 를   수 색 했 지 만   특 이 사 항 을   발 견 하 지   못 했 다 .,
ner-val_000073,True,0,1,1,0.0,0.0,0.0,0,4,0,0.0,0.0,0.0,우 와   진 짜   통 수 쩐 다   장 혁 이   울 면 서   말 할 때   나 도   울 었 능 데 . . . ( 배 신 감 ),
ner-val_000074,True,0,3,2,0.0,0.0,0.0,0,14,0,0.0,0.0,0.0,"당 시   개 봉 했 을   때   시 간   때 우 려 고   그 냥   봤 던   영 화 .   영 화   똥 개 ,   색 즉 시 공 2   에 서 도   맛 깔   나 는   사 투 리   연 기 를   보 여   준   홍 지 영 와   따 뜻 함 과   신 뢰 감   주 는   유 오 성 이   기 억 에   남 음 .   사 람 과   말 의   교 감 에   공 감 하 기 가   쉽 지   않 아   큰   감 동 은   못   받 음",
ner-val_000075,True,0,5,6,0.0,0.0,0.0,0,54,0,0.0,0.0,0.0,윤   선 수 는   프 로 축 구   구 단   인 천 유 나 이 티 드 의   주 전   골 키 퍼 가   된   지   반 년 도   안   된   2 0 1 1 년   5 월   6 일   서 초 구   경 부 고 속 도 로   만 남 의 광 장   휴 게 소   주 차 장 에   주 차 된   자 신 의   차 량 에 서   주 검 으 로   발 견 됐 다 .,
ner-val_000076,False,0,4,0,0.0,0.0,0.0,0,0,0,0.0,0.0,0.0,진   씨 가   출 연 한   ' 1 대   1 0 0 ' 은   오 는   2 3 일   8 시   5 5 분   볼   수   있 다 .,list index out of range
ner-val_000077,True,0,5,5,0.0,0.0,0.0,0,36,0,0.0,0.0,0.0,동 양 사 태 를   촉 발 시 킨   동 양 증 권 이   오 는   3 0 일 부 터   내 달   3 일 까 지   희 망 퇴 직 을   접 수 받 아   5 0 0 명   이 상 을   감 원 한 다 는   목 표 로   구 조 조 정 을   할   것 으 로   알 려 졌 다 .,
ner-val_000078,False,0,8,0,0.0,0.0,0.0,0,0,0,0.0,0.0,0.0,"여 성 가 족 부 의   ' 2 0 1 3 년   청 소 년   매 체   이 용 실 태   조 사 ’ 에   따 르 면 ,   청 소 년   1 0 명   중   8 명 이   스 마 트 폰 을   이 용 하 고 ,   4 명   중   한   명 꼴 로   한   달 에   한   번   이 상   성 인 용   콘 텐 츠 를   이 용 하 고   있 습 니 다 .",list index out of range
ner-val_000079,False,0,5,0,0.0,0.0,0.0,0,0,0,0.0,0.0,0.0,"2 0 1 0 년   이 후   급 제 동 과   급 출 발   등   난 폭 운 전   신 고 에   대 한   행 정 처 분   7 천 4 2 2 건   중 에 서 는   경 고 가   2 천 6 0 7 건 으 로   가 장   많 았 고   이 어   주 의   2 천 2 2 3 건 ,   처 분 불 가   1 천 3 0 건   등 이 었 다 .",list index out of range
ner-val_000080,True,0,1,3,0.0,0.0,0.0,0,4,0,0.0,0.0,0.0,"반 면   보 수 대 연 합   측 은   모 임   당 시   식 당   측 이   단   3 명 의   서 빙   직 원 만   배 치 ,   우 파   운 동 가 들 과   미 디 어 워 치   직 원 들 이   직 접   서 빙 을   해 야 했 다 고   주 장 했 습 니 다 .",
ner-val_000081,False,0,4,0,0.0,0.0,0.0,0,0,0,0.0,0.0,0.0,격 리 가   해 제 된   사 람 은   총   3 9 5 1 명 으 로   전 일   대 비   1 3 % 인   4 4 6 명   증 가 했 다 .,list index out of range
ner-val_000082,True,0,4,5,0.0,0.0,0.0,0,28,0,0.0,0.0,0.0,미 국   일 간   U S A 투 데 이   등   외 신 들 은   2 8 일 ( 현 지 시 간 )   뉴 욕 주 에 서   반 려 견 과   함 께   식 당 의   야 외   테 라 스 에   출 입 할   수   있 는   법 안 이   통 과 됐 다 고   보 도 했 다 .,
ner-val_000083,False,0,7,0,0.0,0.0,0.0,0,0,0,0.0,0.0,0.0,앞 서   A 씨 는   일 행 과   함 께   지 난 달   2 3 일   오 전   4 시   4 0 분 쯤   부 산 시   사 하 구   하 단 동 에   있 는   한   도 로 를   걷 다 가   김 모   씨 ( 2 3 )   등   2 명 에 게   폭 행 당 했 다 .,list index out of range
ner-val_000084,True,0,1,1,0.0,0.0,0.0,0,10,0,0.0,0.0,0.0,"줄 거 리 , 연 출 , 연 기   모 두   어 색 한   영 화 .   산 타 바 바 라 의   경 치 나   매 력 또 한   담 지   못 했 다 .",
ner-val_000085,True,0,1,1,0.0,0.0,0.0,0,12,0,0.0,0.0,0.0,그 러 나   줄 리 앤   무 어 와   배 우 들 의   연 기 는   소 름 이   끼 칠 정 도 다 .,
ner-val_000086,True,0,5,6,0.0,0.0,0.0,0,28,0,0.0,0.0,0.0,4 일   머 니 투 데 이 는   t v N   드 라 마   ' 오   나 의   귀 신 님 ' 에   등 장 하 는   강 선 우 ( 조 정 석   씨 )   캐 릭 터 의   일 부   설 정 은   최   셰 프 를   모 델 로   했 다 고   보 도 했 다 .,
ner-val_000087,True,0,1,2,0.0,0.0,0.0,0,2,0,0.0,0.0,0.0,현 재   모   방 송 사 에   근 무 하 는   K 기 자 는   연 차   휴 가 를   낸   것 으 로   알 려 졌 습 니 다 .,
ner-val_000088,True,0,3,3,0.0,0.0,0.0,0,16,0,0.0,0.0,0.0,"이 상 민   씨   냉 장 고   재 료 로   이 연 복   셰 프 가   ' 샤 부 의   샐 러 드 ' 를 ,   샘 킴   셰 프 가   ' 연 어 를   찾 아 ~ 사 바 '   요 리 를   만 들 었 다 .",
ner-val_000089,True,0,4,4,0.0,0.0,0.0,0,26,0,0.0,0.0,0.0,코 레 일 은   개 통 을   앞 두 고   지 난 달   말 부 터   하 루   3 차 례   K T X 를   투 입 해   시 험   운 전 하 고   있 다 .,
ner-val_000090,True,0,3,4,0.0,0.0,0.0,0,22,0,0.0,0.0,0.0,한 편   지 난   2 0 일   ' 비 정 상 회 담 ' 은   개 편   1 주 년 을   맞 아   멤 버   6 명 의   하 차   소 식 을   전 하 면 서   시 청 자 들 의   아 쉬 움 을   사 고   있 다 .,
ner-val_000091,True,0,5,7,0.0,0.0,0.0,0,26,0,0.0,0.0,0.0,"A 씨 는   경 찰 의   추 적 을   피 해   중 국 으 로   도 주 ,   수 개 월   뒤   한 국 으 로   입 국 해   자 신 이   출 국 금 지 된   사 실 을   알 고   의 정 부 경 찰 서 를   방 문 했 다 가   잠 복   경 찰 에   붙 잡 혔 다 .",
ner-val_000092,False,0,3,0,0.0,0.0,0.0,0,0,0,0.0,0.0,0.0,내 가   좋 아 했 던   대 배 우   로 벗 드 니 로   영 화   중   두   번 째   최 악 의   영 화 였 던 . . .   1 점 도   주 기   아 까 운 . . .,list index out of range
ner-val_000093,True,0,1,1,0.0,0.0,0.0,0,2,0,0.0,0.0,0.0,이 씨 는   검 문 검 색 에   걸 리 자   차   안 에 서   지 니 고   있 던   흉 기 로   자 신 의   목 을   찔 러   스 스 로   목 숨 을   끊 었 다 .,
ner-val_000094,True,0,3,3,0.0,0.0,0.0,0,20,0,0.0,0.0,0.0,근 본 적 으 로   시 나 리 오 와   연 출 력 의   부 재 .   유 아 인   김 해 숙   두   배 우 만   믿 고   가 려 다   망 한   영 화,
ner-val_000095,True,0,2,2,0.0,0.0,0.0,0,14,0,0.0,0.0,0.0,"음 악 때 문 에   스 릴 러 인 줄 . . .   키 이 나 와   맥 어 보 이 의   사 랑 이   아 련 하 지 도 , , 공 허 는   커 녕   아 예   집 중 도   안 됨 ㅋ ㅋ ㅋ ㅋ",
ner-val_000096,False,0,4,0,0.0,0.0,0.0,0,0,0,0.0,0.0,0.0,"시   인 권 센 터 는   민 간 조 사 전 문 가   1 명 을   포 함 한   사 건 조 사 팀 을   구 성 ,   2 1 일 간   신 청 인 과   참 고 인 ,   피 신 청 인   1 6 명 에   대 한   진 술 조 사 와   현 장 조 사 를   한   결 과   이 같 이   판 정 했 다 고   3 0 일   밝 혔 다 .",list index out of range
ner-val_000097,True,0,1,1,0.0,0.0,0.0,0,12,0,0.0,0.0,0.0,러 셀   크 로 우   빼 고 는   볼   게   없 는   엉 성 하 기   짝 이   없 는   영 화,
ner-val_000098,True,0,1,0,0.0,0.0,0.0,0,4,0,0.0,0.0,0.0,아   정 말 !   3 D 여 서   손 뻗 으 면   잡 힐 것   같 아 ! !   하 면 서   미 치 게   좋 아 했 는 데 .   챙 피 하 지 않 아 ! !,
ner-val_000099,True,0,5,5,0.0,0.0,0.0,0,38,0,0.0,0.0,0.0,2 6 일   M B C   대 주 주 인   방 송 문 화 진 흥 회 로 부 터   해 임 된   김 재 철   M B C   사 장   관 련   일 지 를   표 로   정 리 했 습 니 다 .,
ner-val_000100,True,0,5,7,0.0,0.0,0.0,0,38,0,0.0,0.0,0.0,강 원   동 해 안 과   산 간 에   지 난   6 일 부 터   9 일 까 지   나 흘 간   7 0 ㎝ 의   ' 눈   폭 탄 ' 이   쏟 아 져   시 내 버 스   운 행   차 질 이   장 기 화 하 면 서   산 간 마 을   주 민 들 이   사 실 상   고 립 되 는   등   주 민 불 편 이   가 중 되 고   있 다 .,
ner-val_000101,True,0,1,0,0.0,0.0,0.0,0,6,0,0.0,0.0,0.0,뇨   이   좋 은   케 미 를   두 고 ㅜ ㅜ 그 럼   시 청 률 도   더   올 라 갈 지 도   혹 시   모 르 쟈 나   엉 엉 ㅇ   시 즌 2 가   나 와 야 해   막 화 좀   미 뤄 줏 메 . . .,
ner-val_000102,True,0,1,1,0.0,0.0,0.0,0,6,0,0.0,0.0,0.0,어 린 시 절   눈 물   펑 펑   흘 리 며   봤 던   영 화 . .   장 백 지 에   빠 지 게   했 . 던   영 화 . . .,
ner-val_000103,True,0,2,3,0.0,0.0,0.0,0,8,0,0.0,0.0,0.0,"오 늘   보 면 서   우 리   5 살   아 들 이   이 거   재 미 있 는 거   맞 아 ? ""   이 랬 음 . . . . """,
ner-val_000104,True,0,4,4,0.0,0.0,0.0,0,38,0,0.0,0.0,0.0,명 목 등 록 금 에   학 생 정 원 을   가 중 해   산 출 한   평 균 등 록 금   결 과 값 은   6 6 7 만 5 천 원 으 로   지 난 해 보 다   1 만 4 천 원 ( 0 . 2 % )   상 승 한   것 으 로   나 타 났 다 .,
ner-val_000105,True,0,8,10,0.0,0.0,0.0,0,72,0,0.0,0.0,0.0,야 권 과   시 민 단 체 가   주 축 이   된   ' 타 마 로 드 ' ( 반 란 ) 는   무 르 시   취 임   1 주 년 을   맞 아   지 난 달   3 0 일   카 이 로   민 주 화   상 징   타 흐 리 르   광 장 과   대 통 령 궁   주 변 에 서   1 0 0 만 명   이 상 이   참 여 한   가 운 데   반 정 부   시 위 를   벌 였 다 .,
ner-val_000106,True,0,5,6,0.0,0.0,0.0,0,18,0,0.0,0.0,0.0,검 찰 은   이 재 현 ( 구 속 기 소 )   C J   회 장 이   당 시   허 씨 를   통 해   전   전   청 장 에 게   금 품   로 비 를   시 도 한   것 으 로   보 고   있 다 .,
ner-val_000107,True,0,1,1,0.0,0.0,0.0,0,6,0,0.0,0.0,0.0,너 무   짧 았 던   러 닝 타 임 .   8 6 분 으 로   다   하 지 못 한   악 사 들 의   얘 기 가   무 척   궁 금 해 졌 다 .,
ner-val_000108,True,0,3,3,0.0,0.0,0.0,0,32,0,0.0,0.0,0.0,다 음 은   지 난 해   사 이 버 의 병 의   8 . 1 5   광 복 절   기 념   태 극 기 몹   영 상 입 니 다 .,
ner-val_000109,True,0,2,0,0.0,0.0,0.0,0,12,0,0.0,0.0,0.0,극 중   대 사   한 마 디   한 마 디 가   경 이 로 운   수 준 . . . .,
ner-val_000110,True,0,1,2,0.0,0.0,0.0,0,6,0,0.0,0.0,0.0,차 라 리   한 병 태 처 럼   순 수 한 게   나 을 지 도   . . .,
ner-val_000111,True,0,1,1,0.0,0.0,0.0,0,6,0,0.0,0.0,0.0,송 새 벽 은   거 품 인 듯 . . .   주 인 공 은   아 닌 거 같 아 요,
ner-val_000112,True,0,3,3,0.0,0.0,0.0,0,32,0,0.0,0.0,0.0,A 씨 는   지 난   1 0 일   수 원 지 법   평 택 지 원 에   친 권 자   및   양 육 자   변 경 신 청 을   냈 다 .,
ner-val_000113,True,0,3,4,0.0,0.0,0.0,0,22,0,0.0,0.0,0.0,중 국   베 이 징 ( 北 京 ) 에 서   공 산 당   집 권   이 래   최 초 로   당 국 이   공 식   허 용 한   시 위 성   집 회 가   이 뤄 져   주 목 을   끌 었 다 .,
ner-val_000114,False,0,5,0,0.0,0.0,0.0,0,0,0,0.0,0.0,0.0,한 국   남 자   역 도   사 재 혁 은   오 후   7 시   인 천   송 도   2 3 호   근 린 공 원 에 서   진 행 될   남 자   역 도   8 5 ㎏ 급 에   출 전 한 다 .,list index out of range
ner-val_000115,True,0,1,0,0.0,0.0,0.0,0,4,0,0.0,0.0,0.0,나 에 게   아 직   이 란 영 화 는   익 숙 하 지   않 다 . . .,
ner-val_000116,True,0,1,1,0.0,0.0,0.0,0,8,0,,,,대 한 항 공 은   추 후   현 지   상 황   변 화 에   따 라   추 가   비 운 항   여 부 를   결 정 할   계 획 이 다 .,
ner-val_000117,True,0,1,1,0.0,0.0,0.0,0,6,0,0.0,0.0,0.0,갠 적 으 로   조 진 웅 씨   진 짜   연 기   잘 하 신 다 . . .,
ner-val_000118,True,0,1,1,0.0,0.0,0.0,0,4,0,0.0,0.0,0.0,"잔 잔 한   재 미 와   소 박 한   감 동 이   있 는   영 화 ,   그 런 데   주 이 의   파 격 적   ㄹ ㅈ ㅂ ㅇ",
ner-val_000119,True,0,2,1,0.0,0.0,0.0,0,20,0,0.0,0.0,0.0,"( 한   가 지 ,   브 래 드   피 트   너 무   잘 생 겨 서   영 화 에   집 중 하 기 가   힘 들 었 다 . .   연 기 력 도   어 후 . . .   다   가 졌 네   다   가 졌 어 )",
ner-val_000120,True,0,2,2,0.0,0.0,0.0,0,24,0,0.0,0.0,0.0,"국 내   콘 텐 츠   사 업 자 의   7 0 . 2 % 는   불 공 정   거 래 가   심 각 하 다 고   인 식 하 고   있 으 며 ,   불 공 정 거 래 로   발 생 하 는   피 해 액 은   연 간   4 천 7 4 6 억 원 에   달 한 다 는   조 사 결 과 가   나 왔 다 .",
ner-val_000121,True,0,5,5,0.0,0.0,0.0,0,28,0,0.0,0.0,0.0,대 한 민 국 에   첫   금 메 달   소 식 이   들 린   1 1 일   밤   K B S   뉴 스 에   소 개 된   이 상 화 의   허 벅 지   둘 레 입 니 다 .,
ner-val_000122,True,0,1,1,0.0,0.0,0.0,0,8,0,0.0,0.0,0.0,"절 망 과   희 망 의   차 이 ,   장 미   한   송 이   같 은   타 자 의   유 무",
ner-val_000123,True,0,1,1,0.0,0.0,0.0,0,8,0,0.0,0.0,0.0,6 0 년 대 영 화 답 지 않 게   정 말   재 밌 어 서   시 간 가 는   줄   몰 랐 음 .   ㅎ ㅎ,
ner-val_000124,True,0,2,2,0.0,0.0,0.0,0,32,0,0.0,0.0,0.0,미 국   연 방   하 원 은   2 0 0 7 년   7 월   위 안 부   결 의 를   채 택   이 후   달 라 진   게   없 다 며   다 시   결 의 안 을   채 택 하 는   방 안 을   추 진 하 기 로   했 다 .,
ner-val_000125,True,0,2,1,0.0,0.0,0.0,0,10,0,0.0,0.0,0.0,다 이 땜 에   봤 는 데   좀   유 치 하 긴   했 음 ;   C G 도   안 습 이 고 ; ;   원 작   안 봐 서   비 교 는   몬 하 겠 지 만   일 단   미 야 비   포 쓰 가   바 닥 을   침 .   등 장 하 기 만   하 면   그 냥   웃 겨 ㅠ ㅠ ; ;   이   영 화   패 인 의   가 장   큰   요 인   아 닐 까   싶 을   정 도 임 ; ;,
ner-val_000126,True,0,2,4,0.0,0.0,0.0,0,10,0,0.0,0.0,0.0,이 날   ' 독 한   언 니   5 인 방 ' 은   런 닝 맨   멤 버 들 과   함 께   하 숙 비 를   마 련 하 기   위 해   각 종   아 르 바 이 트 에   도 전 하 는   대 학 생 들 로   변 신 해   미 션 을   수 행 했 다 .,
ner-val_000127,True,0,4,3,0.0,0.0,0.0,0,40,0,0.0,0.0,0.0,"허   씨 와   주 변   상 인   증 언 을   종 합 하 면 ,   종 교 빌 딩   자 리 는   1 9 8 0 년 대   초 반   과 천   신 도 시 가   개 발 되 면 서   종 교   부 지 로   배 정 됐 다 .",
ner-val_000128,True,0,1,1,0.0,0.0,0.0,0,6,0,0.0,0.0,0.0,일 부   언 론 에 서   장 마 철 에   비 가   적 게   오 거 나   갠   날 이   계 속 되 는   기 상   현 상 을   ' 마 른   장 마 ' 라 고   표 현 하 고   있 다 .,
ner-val_000129,True,0,4,4,0.0,0.0,0.0,0,46,0,0.0,0.0,0.0,"또   한 국 만 화 박 물 관 과   인 천 종 합 문 화 예 술 회 관 은   각 각   입 장 료   6 0 % ,   각 종   공 연   5 0 %   할 인 혜 택 을   준 비 했 다 .",
ner-val_000130,True,0,5,3,0.0,0.0,0.0,0,22,0,0.0,0.0,0.0,"미 국   사 법   당 국 은   도 주   및   증 거   인 멸   우 려 가   있 다 고   판 단 해   김 씨 에   대 한   보 석 을   허 락 하 지   않 고   있 으 며 ,   김 씨 는   친 · 인 척 이   소 개 한   미 국 인   변 호 사 를   선 임 해   향 후   대 책 을   협 의   중 인   것 으 로   전 해 졌 다 .",
ner-val_000131,True,0,1,1,0.0,0.0,0.0,0,6,0,0.0,0.0,0.0,홍 경 민   긴 급 조 치   이 후 에   최 고 의   연 기 를   볼 수 있 다,
ner-val_000132,True,0,1,2,0.0,0.0,0.0,0,8,0,0.0,0.0,0.0,A f t e r   D a r k   H o r r o r f e s t   2 0 0 6   작 품 들 중   그 나 마   볼 만 하 다,
ner-val_000133,True,0,5,7,0.0,0.0,0.0,0,66,0,0.0,0.0,0.0,지 체 장 애   1 급 인   김 성 동 ( 5 4 )   부 평 근 린 장 애 인 자 립 생 활 센 터   소 장 은   인 천   부 평 역   광 장   오 거 리 에 서   한 숨 부 터   내 쉬 었 다 .,
ner-val_000134,True,0,1,1,0.0,0.0,0.0,0,6,0,,,,다 음 은   녹 취 록   공 개   관 련   민 주 당   대 변 인   논 평   전 문 입 니 다 .,
ner-val_000135,True,0,2,2,0.0,0.0,0.0,0,14,0,0.0,0.0,0.0,노 진 구 와   도 라 에 몽 의   끈 끈 한   우 정 이 되 었 던   장 면 도   담 겨   있 었 으 면   하 는   아 쉬 움 도   남 아 있 지 만   이 건   정 말   세 계 적 으 로   오 래 오 래   기 억 이   남 을   영 화 인 거   같 습 니 다 .,
ner-val_000136,True,0,1,1,0.0,0.0,0.0,0,6,0,0.0,0.0,0.0,이   영 화 를   5   번   정 도   되 새 겨 보 고   있 는 데 . . 가 히   최 곱 니 다 . .,
ner-val_000137,True,0,1,1,0.0,0.0,0.0,0,6,0,0.0,0.0,0.0,노 다 메 의   내 적   갈 등 과   그 걸   풀 어 나 가 는   과 정 이   참   좋 았 고 . .,
ner-val_000138,True,0,1,1,0.0,0.0,0.0,0,8,0,0.0,0.0,0.0,"O s t 랑   배 경 이   너 무   아 름 다 웠 고 ,   신 데 렐 라 의   따 뜻 한   마 음 씨 가   정 말   힐 링 이   되 었 어 요 !",
ner-val_000139,False,0,6,0,0.0,0.0,0.0,0,0,0,0.0,0.0,0.0,"김   위 원 장 을   위 한   전 용   활 주 로 는   평 양   대 성 구 역 ,   강 원 도   원 산   별 장   인 근 과   갈 마 비 행 장 내 ,   평 안 남 도   강 동 ,   묘 향 산 에   있 는   것 으 로   파 악 된 다 .",list index out of range
ner-val_000140,True,0,4,5,0.0,0.0,0.0,0,48,0,0.0,0.0,0.0,"일 간   프 랑 크 푸 르 터 알 게 마 이 네 차 이 퉁 ( F A Z ) 은   이 와   관 련 ,   수 개 월   전 부 터   특 정 한   북 아 프 리 카   청 년 들 이   경 찰   당 국 의   조 사   대 상 에   올 라   있 었 다 고   보 도 했 다 .",
ner-val_000141,False,0,12,0,0.0,0.0,0.0,0,0,0,0.0,0.0,0.0,바 르 셀 로 나 는   2 4 일 ( 한 국 시 각 )   오 전   5 시   스 페 인   마 드 리 드   산 티 아 고   베 르 나 베 우 에 서   열 린   레 알   마 드 리 드 와 의   ' 2 0 1 3 ~ 1 4   시 즌   스 페 인   프 리 메 라 리 가 '   2 9 라 운 드   원 정 경 기 에 서   3 골 을   터 뜨 린   메 시 를   앞 세 워   4 - 3   승 리 를   거 뒀 다 .,list index out of range
ner-val_000142,True,0,3,3,0.0,0.0,0.0,0,20,0,0.0,0.0,0.0,"제 주 도 ,   울 릉 도 ,   서 해 5 도   등   장 거 리   항 로 는   물 론   단 거 리   항 로 까 지   포 함 해   모 든   섬   지 역   관 광 객 이   크 게   줄 었 다 .",
ner-val_000143,False,0,4,0,0.0,0.0,0.0,0,0,0,0.0,0.0,0.0,비 대 위 는   개 인 투 자 자   4 천 여 명 ( 투 자 금 액   3 천 억 원 ) 이   서 명 한   탄 원 서 를   서 울 중 앙 지 법 에   냈 다 .,list index out of range
ner-val_000144,True,0,3,3,0.0,0.0,0.0,0,28,0,0.0,0.0,0.0,세 뱃 돈   수 요 가   가 장   많 은   1 만 원 권   새   지 폐 의   품 귀   현 상 은   지 난   2 0 0 9 년   5 만 원 권   발 행   이 후   공 급 이   급 감 하 면 서   연 례   행 사 처 럼   지 속 하 고   있 다 .,
ner-val_000145,True,0,6,6,0.0,0.0,0.0,0,64,0,0.0,0.0,0.0,"아 파 트   분 양 은   2 0 1 2 년   2 5 만 2 천 세 대 ,   2 0 1 3 년   2 7 만 세 대 ,   지 난 해   3 1 만 9 천 세 대   등 으 로   최 근   꾸 준 히   증 가 해 왔 다 .",
ner-val_000146,False,0,3,0,0.0,0.0,0.0,0,0,0,0.0,0.0,0.0,오 지 은 이   예 뻐 서   한   개   주 려 다   두   개   준 다 .,list index out of range
ner-val_000147,True,0,1,2,0.0,0.0,0.0,0,16,0,,,,학 교 와   세 월 호 가 족 대 책 위   측 은   학 기   중   수 업 에   방 해 가   없 도 록   주 중   방 문 은   대 부 분   받 지   않 고   있 다 .,
ner-val_000148,True,0,2,2,0.0,0.0,0.0,0,22,0,0.0,0.0,0.0,리 암   니 슨 과   제 프 리   러 쉬 의   명 연 기 에   극 도 로   몰 입 하 며   봤 다 . .,
ner-val_000149,True,0,1,1,0.0,0.0,0.0,0,4,0,0.0,0.0,0.0,"4 회 째 인 데   갈 수 록   더   흥 미 진 진 해   지 네 요 ,",
ner-val_000150,False,0,3,0,0.0,0.0,0.0,0,0,0,0.0,0.0,0.0,이   제 품 은   온 라 인   쇼 핑 몰   판 매 가 도   평 균   6 만 2 천 5 4 8 원 으 로   미 국   가 격 의   5 . 7 배 에   달 했 다 .,list index out of range
ner-val_000151,True,0,2,2,0.0,0.0,0.0,0,10,0,0.0,0.0,0.0,쿠 엔 틴 이 나   코 엔 류 의   영 화 는   참   찝 찝 하 고   안 보 는 게   나 을 듯 한   느 낌 만   계 속 든 다 . . .,
ner-val_000152,False,0,3,0,0.0,0.0,0.0,0,0,0,0.0,0.0,0.0,여 정 을   함 께 한   기 분 . . .   텟 페 이 와   사 라 의   키 스 신 에   한 표 ! ! !,list index out of range
ner-val_000153,True,0,1,1,0.0,0.0,0.0,0,6,0,0.0,0.0,0.0,괴 물 영 화 치 고   스 토 리   연 출   탄 탄   좀   매 력 적 임 한   두 세 번 밨 는 데   볼 때 마 다   다 른 듯,
ner-val_000154,True,0,1,2,0.0,0.0,0.0,0,4,0,0.0,0.0,0.0,2 년 만 에   생 각 나 서   봤 는 데   처 음 보 고   느 낀 거 와 는   사 뭇   다 른   느 낌   또   몇 년   후   보 게 되 면   또   다 른   느 낌 이 겠 지 .,
ner-val_000155,True,0,2,2,0.0,0.0,0.0,0,22,0,0.0,0.0,0.0,스 노 우 가   공 개 한   사 진 은   댓 글 만   8 만   8 0 0 0 개   이 상 이   달 리 며   폭 발 적 인   관 심 을   받 았 다 .,
ner-val_000156,True,0,1,1,0.0,0.0,0.0,0,6,0,0.0,0.0,0.0,"연 출 ,   연 기 ,   각 본   3 박 자   모 든   면 에 서   이   보 다",
ner-val_000157,True,0,5,5,0.0,0.0,0.0,0,28,0,0.0,0.0,0.0,"왜 냐 하 면 , 스 트 라 움 형 사 가   직 쏘   공 범 으 로   호 프 만 을   의 심 하 는   과 정 이   논 리 적 으 로   전 개 되 고 , 호 프 만 & 직 쏘   첫 만 남 도   나 오 기 때 문 . . 스 토 리 를   이 해 하 면   탄 탄 함 에   놀 랄 수 밖 에 . . 마 지 막   반 전 은   덤 이 고",
ner-val_000158,True,0,1,1,0.0,0.0,0.0,0,10,0,0.0,0.0,0.0,원 래   영 화 에   댓 글   안   남 기 는 데   4 . 4 . 4   로   맞 추 신   분 들 의   노 고 를   생 각 하 니   눈 물 이   다   나 서   저 도   동 참 합 니 다,
ner-val_000159,True,0,1,2,0.0,0.0,0.0,0,6,0,0.0,0.0,0.0,영 화   특 수 효 과 팀 은   킵   손 의   수 학 공 식 을   그 대 로   옮 겨 서   블 랙 홀 이   실 제 로   어 떻 게   생 겼 는 지 를   표 현 해 냈 다 .,
ner-val_000160,False,0,2,0,0.0,0.0,0.0,0,0,0,0.0,0.0,0.0,니 들 도   보 세 염   9 6 분   시 간   6 5 0 0 원 에   샀 음,list index out of range
ner-val_000161,False,0,9,0,0.0,0.0,0.0,0,0,0,0.0,0.0,0.0,"신 동 주   전   부 회 장 이   이 달   2 7 일   일 본 으 로   건 너 갔 을   당 시   신 격 호   총 괄 회 장 과   하 쓰 코 씨 가   만 나 지   못 하 도 록   한   것 으 로   알 려 지 면 서   신   총 괄 회 장 은   장 남   신 동 주   전   부 회 장 을 ,   하 쓰 코 씨 는   차 남   신 동 빈   회 장 을   지 지 한 다 는   해 석 에   힘 이   실 렸 기   때 문 이 다 .",list index out of range
ner-val_000162,True,0,4,3,0.0,0.0,0.0,0,26,0,0.0,0.0,0.0,"류 시 시 의   1 인 2 역 이 나   하 루 마 의   고 독 한   시 계 수 리 공 , 장 효 전 의   혼 란 스 러 운   약 혼 자   연 기 에 는   정 말   아 낌 없 는   찬 사 를   보 낸 다 .",
ner-val_000163,True,0,1,1,0.0,0.0,0.0,0,4,0,,,,정 부 는   창 조   문 화 가   이 끄 는   미 래   신 성 장   동 력 을   만 들 어   우 리 의   미 래 를   확 보 해   나 갈   것 입 니 다 .,
ner-val_000164,True,0,1,1,0.0,0.0,0.0,0,14,0,0.0,0.0,0.0,간 단 히   말 하 면   그 냥   9 0 년 대   초 반   컴 퓨 터 게 임 의   예 고 편 수 준 의   퀄 리 티 다 .,
ner-val_000165,True,0,2,1,0.0,0.0,0.0,0,22,0,0.0,0.0,0.0,해 드 윅   이 후   첨 보 는   존   캐 머 런   밋 첼 의   영 화 지 만   일 단   오 래   남 을 거   같 다 .,
ner-val_000166,True,0,2,2,0.0,0.0,0.0,0,10,0,0.0,0.0,0.0,"사 다 코   T V 서   기 어 나 오 는   장 면 에 서   류 지 가   전 화 받 을 때 ,   영 화 를   봤 다 면   모 르 는 이 가   없 을 거 라   생 각 하 는   그   장 면 을   보 고 있 을   때   실 제 로   전 화 가   울 려   진 짜   식 겁 했 다 .",
ner-val_000167,True,0,3,2,0.0,0.0,0.0,0,22,0,0.0,0.0,0.0,1 을   안 보 려 고   하 다 가   그 나 마   본 거   돌 프 룬 드 그 렌   때 문 인 데   룬 드 그 렌 이   안 나 오 면   안 봐 도   뻔 할 뻔,
ner-val_000168,False,0,9,0,0.0,0.0,0.0,0,0,0,0.0,0.0,0.0,지 난   3 일 ( 현 지 시 각 )   영 국   일 간 지   데 일 리 메 일 의   보 도 에   따 르 면   지 난 달   3 1 일   일 본 에 서   멜 론   한   쌍 ( 2 개 ) 이   1 6 0 만   엔 ( 약   1 8 0 0 만   원 ) 에   팔 렸 다 .,list index out of range
ner-val_000169,True,0,3,3,0.0,0.0,0.0,0,14,0,0.0,0.0,0.0,난 생 처 음 으 로   댓 글 달 아 봄 . . 한 국 영 화 의   블 록 버 스 터 의   단 순 한   시 도 작 품 이 라 면   1 0 점 만 점 에   8 점   주 겠 음 .   허 나 진 짜   영 화 를   만 들 겠 다 고   만 든   거 라 면   점 수 를   줄 수   없 음 .   시 작 부 터   누 가   죽 을 것 이 고   누 가   도 움 을   줄 것 이 고   마 지 막   억 지   감 동 의   역 할 이   누 구 인 지   뻔 한 전 개,
ner-val_000170,False,0,5,0,0.0,0.0,0.0,0,0,0,0.0,0.0,0.0,"이 후 에 도   이   항 공 기 는   수 차 례   난 기 류 를   만 난   것 으 로   알 려 졌 으 며 ,   일 본   열 도 를   통 과 한   뒤   태 평 양   상 공 에 서   회 항 해   1 7 일   새 벽   일 본   나 리 타 공 항 에   비 상   착 륙 했 다 .",list index out of range
ner-val_000171,True,0,3,5,0.0,0.0,0.0,0,40,0,0.0,0.0,0.0,1 6 일   용 인 서 부 경 찰 서 는   사 건 이   일 어 난   경 기   용 인 시   수 지 구   아 파 트 에 서   이   아 파 트 에   거 주 하 는   초 등 학 생 을   검 거 했 다 .,
ner-val_000172,False,0,2,0,0.0,0.0,0.0,0,0,0,0.0,0.0,0.0,"어 제   우 연 히   케 이 블 에 서   봤 는 데 ,   정 보   없 이   본   영 화 였 는 데 ,   수 작 임 .   여 운 이   남 는   좋 은   영 화 .   밑 에   글 을   보 니   1 인   2 역   이 었 다",list index out of range
ner-val_000173,False,0,2,0,0.0,0.0,0.0,0,0,0,0.0,0.0,0.0,플 린 의   외 도 에   깜 짝 놀 랐 지 만   ㅠ ㅠ   결 국   돌 아 온   그   ㅋ ㅋ   난   플 린 이   좋 아   ♡,list index out of range
ner-val_000174,True,0,1,1,0.0,0.0,0.0,0,6,0,0.0,0.0,0.0,걍   포 티 아 라 는   매 력 적 인   여 배 우 를   발 견 한 걸 로   만 족 하 련 다,
ner-val_000175,True,0,2,2,0.0,0.0,0.0,0,16,0,0.0,0.0,0.0,하 지 만   논 란 의   중 심 은   갈 수 록   바 스 코 ! 1 4 년 동 안   힙 합 한   사 람 이   애 들 하 고   뭐 하 는   짓 인 지 ? ?,
ner-val_000176,True,0,3,2,0.0,0.0,0.0,0,16,0,0.0,0.0,0.0,수 준   이 하 의   각 본   연 출   캐 릭 터   3 박 자 가   맞 아 떨 어 져   올 해   최 악 의   공 포 영 화 가   탄 생 .   특 히   벡 터 맨 을   연 상 시 키 는   결 말 부 는   그 야 말 로   압 권 .   정 말   무 서 운   사 실 은   이 런   영 화 가   대 대 적 으 로   홍 보 되 고   극 장 에   상 영 되 었 다 는   것,
ner-val_000177,True,0,3,3,0.0,0.0,0.0,0,18,0,0.0,0.0,0.0,"허 진 호 ,   한 석 규 ,   심 은 하   최 고 의   영 화 . 멜 로   영 화 이 지 만 ,   죽 음 을   앞 둔   한   남 자 가   남 은   인 생 을   정 리 해 가 는   영 화 로 도   볼   수   있 다 .",
ner-val_000178,True,0,2,2,0.0,0.0,0.0,0,12,0,0.0,0.0,0.0,"이 렇 게   잘   만 든   영 화 가   평 점 이   왜 이 러 냐 ? . . . 유 오 성 ,   박 진 희   최 고 의   작 품 .",
ner-val_000179,True,0,7,8,0.0,0.0,0.0,0,82,0,0.0,0.0,0.0,"또 한   김 형 완   인 권 정 책 연 구 소 장 의   사 회 로   이 연 숙   한 국 지 역 사 회 교 육 협 의 회   회 장 ,   김 영 화   강 동 신 경 정 신 과 의 원   원 장 ,   이 금 형   청 소 년 폭 력 예 방 재 단   고 문 이   토 론 을   진 행 했 다 .",
ner-val_000180,True,0,1,1,0.0,0.0,0.0,0,14,0,0.0,0.0,0.0,햐 . . .   베 아 트 리 체   달 . . .   무 삭 제 로   봐 야 만   하 는   영 화,
ner-val_000181,True,0,2,2,0.0,0.0,0.0,0,10,0,0.0,0.0,0.0,엠 마 와   덱 스 터 처 럼   서 로 를   비 춰 주 어   같 이   있 을   때   빛 나 는   그 런   사 랑 을   하 고   싶 다 .,
ner-val_000182,True,0,1,1,0.0,0.0,0.0,0,6,0,0.0,0.0,0.0,동 방 불 패   속 편 이 라 고 해 서   봤 는 데   기 대 이 하 . .   그 리 고   허 관 걸   목 소 리 가   너 무   거 슬 린 다,
ner-val_000183,True,0,2,0,0.0,0.0,0.0,0,8,0,0.0,0.0,0.0,대 사   하 나 하 나 가   공 감 가 고   현 실 적 이 네 요,
ner-val_000184,True,0,6,6,0.0,0.0,0.0,0,38,0,0.0,0.0,0.0,1 점   차 로   뒤 진   가 운 데   이 란 의   반 격 이   시 작 됐 으 나   한 국 은   양 희 종 ( K G C 인 삼 공 사 ) 과   김 종 규 가   더 블 팀   수 비 에   성 공 하 며   다 시   공 격 권 을   빼 앗 아 왔 다 .,
ner-val_000185,True,0,1,1,0.0,0.0,0.0,0,4,0,0.0,0.0,0.0,태 진 형 과 의   관 계 까 지   보 태 지   않 아 도 요 .,
ner-val_000186,True,0,3,4,0.0,0.0,0.0,0,26,0,0.0,0.0,0.0,저   역 시   지 난   수 년 간   2 N E 1 의   미 약 한   활 동 이   아 쉬 웠 던 지 라   올   한   해 는   2 N E 1 의   지 속 적 인   앨 범   활 동 을   약 속 드 리 고   싶 습 니 다 .,
ner-val_000187,True,0,1,1,0.0,0.0,0.0,0,10,0,0.0,0.0,0.0,2 0 0 4 년 에   만 든 영 화 를   마 치   신 작 처 럼 . . .,
ner-val_000188,True,0,3,4,0.0,0.0,0.0,0,14,0,0.0,0.0,0.0,주 말 에 도   전 국 이   대 체 로   맑 겠 고   한 낮 에 는   초 여 름   더 위 가   이 어 지 겠 습 니 다 .,
ner-val_000189,True,0,1,3,0.0,0.0,0.0,0,18,0,,,,검 경   합 동 수 사 본 부 가   카 카 오 톡 을   토 대 로   여 객 선   세 월 호   침 몰   상 황 을   재 구 성 하 고   있 다 .,
ner-val_000190,True,0,5,6,0.0,0.0,0.0,0,48,0,0.0,0.0,0.0,이 날   오 전   1 시   2 3 분 쯤   레 이 디 스 코 드   멤 버 와   스 타 일 리 스 트   등 을   태 운   승 합 차 가   영 동 고 속 도 로   인 천   방 면 으 로   이 동 하 던   중   신 갈 분 기 점   부 근 에 서   빗 길 에   미 끄 러 져   사 고 를   당 했 다 .,
ner-val_000191,True,0,3,3,0.0,0.0,0.0,0,22,0,0.0,0.0,0.0,5 일 간   버 거 킹   와 퍼 주 니 어 를   1 9 0 0 원 에   먹 을   수   있 다 .,
ner-val_000192,True,0,1,1,0.0,0.0,0.0,0,6,0,0.0,0.0,0.0,정 재 영 의   연 기   빼 곤   볼 게   없 는   영 화 ! ! !,
ner-val_000193,False,0,7,0,0.0,0.0,0.0,0,0,0,0.0,0.0,0.0,서 울 북 부 지 법   형 사 1 부 ( 정 호 건   부 장 판 사 ) 는   5 일   강 씨 에   대 한   항 소 심   선 고 공 판 에 서   징 역   2 년 6 월 을   선 고 한   원 심 을   깨 고   징 역 1 년 6 월 에   집 행 유 예   2 년 을   선 고 했 다 .,list index out of range
ner-val_000194,False,0,3,0,0.0,0.0,0.0,0,0,0,0.0,0.0,0.0,"김 경 도 는   시 야 가   넓 고   패 스 와   전 술 적   움 직 임 이   좋 으 며 ,   공 격   파 괴 력 까 지   지 녀   중 국   축 구 계 가   주 목 하 고   있 다 고   길 림 신 문 은   전 했 다 .",list index out of range
ner-val_000195,True,0,5,5,0.0,0.0,0.0,0,26,0,0.0,0.0,0.0,I O C   위 원 장 의   임 기 는   8 년 이 며   한   차 례 에   한 해   4 년   중 임 할   수   있 다 .,
ner-val_000196,False,0,2,0,0.0,0.0,0.0,0,0,0,0.0,0.0,0.0,화 려 한   캐 스 팅   그 러 나   내 용 을   지 루 함 의   끝 .   한   네 티 즌 의   리 뷰 처 럼   이   영 화 는   왕 가 위   작 품 의   아 류,list index out of range
ner-val_000197,False,0,2,0,0.0,0.0,0.0,0,0,0,0.0,0.0,0.0,온 갖   소 스 를   가 져 다   막   섞 어   놓 은   니 맛 도   내 맛 도   아 닌   먹 지   못 할   음 식   같 은   영 화 .   또 한   배 경 음 악 과   영 상 도   전 혀   조 화 를   이 루 지   못 함 .   오 히 려   우 정 출 연 한   김 지 우 와   이 범 수 가   더   기 억 에   남 음,list index out of range
ner-val_000198,True,0,1,1,0.0,0.0,0.0,0,6,0,0.0,0.0,0.0,잔 혹 한 장 면 은   없 지 만   심 리   전 개 가   훌 륭 함 . .   소 설 가   공 지 영 을   닮 은   악 역 의   연 기 도   일 품,
ner-val_000199,False,0,4,0,0.0,0.0,0.0,0,0,0,0.0,0.0,0.0,휘 트 니 는   2 0 1 0 년 까 지   총   4 1 5 개 의   상 을   수 상 해   세 계 에 서   가 장   많 이   상 을   받 은   여 성   아 티 스 트 로   기 네 스 북 에   이 름 을   올 렸 다 .,list index out of range
ner-val_000200,True,0,4,4,0.0,0.0,0.0,0,58,0,0.0,0.0,0.0,논 란 이   제 기 되 자   치 프 라 스   총 리 는   독 립 그 리 스 인 당   대 표 인   파 노 스   캄 메 노 스   국 방 장 관 에 게   문 제 의   트 위 터   계 정 이   사 실 로   밝 혀 지 면   디 미 트 리 스   캄 메 노 스   차 관 을   교 체 해 야   한 다 고   말 했 던   것 으 로   전 해 진 다 .,
ner-val_000201,True,0,7,8,0.0,0.0,0.0,0,84,0,0.0,0.0,0.0,앞 서   1 8 일 ( 한 국 시 각 )   탑 승 객   2 9 8 명 을   태 우 고   네 덜 란 드   암 스 테 르 담 에 서   말 레 이 시 아   쿠 알 라 룸 푸 르 로   향 하 던   말 레 이 시 아   항 공   여 객 기   M H 1 7 편 이   피 격 돼   탑 승 자   전 원 이   사 망 하 는   참 사 가   발 생 했 다 .,
ner-val_000202,True,0,3,4,0.0,0.0,0.0,0,24,0,0.0,0.0,0.0,"수 퍼 맨 의   양 아 버 지   케 빈 코 스 트 너 가   죽 음 의   위 협 에   직 면 했 을 때 , 아 들 인   주 인 공   수 퍼 맨 에 게   초 능 력 을   쓰 지 말 라 고   하 면 서   죽 을 때 . . 난   울 었 다 ~",
ner-val_000203,True,0,4,3,0.0,0.0,0.0,0,20,0,0.0,0.0,0.0,내 일 도 칸 타 빌 레 를   보 다 가   노 다 메 와   치 아 키 의   케 미 를   다 시 보 고 싶 어 서   3 일   동 안   드 라 마 부 터   극 장 판 까 지   정 주 행 햇 다,
ner-val_000204,True,0,2,2,0.0,0.0,0.0,0,14,0,0.0,0.0,0.0,"쌍 제 이 가   재 기   넘 치 게   담 아 낸   스 필 버 그 ,   그   자 체 .",
ner-val_000205,True,0,1,1,0.0,0.0,0.0,0,8,0,0.0,0.0,0.0,6 0 년 대   작 품 으 로   보 기 에 는   대 단 합 니 다,
ner-val_000206,True,0,2,0,0.0,0.0,0.0,0,16,0,0.0,0.0,0.0,"이 어   "" ( 모 피 를 )   입 지   말 라 고   이 야 기 하 기 보 다   그   과 정 을   한   번 쯤   회 피 하 지   않 길   바 란 다 .   징 그 럽 다 고   생 각 해 서   ( 모 피   생 산 )   동 영 상 을   안   보 거 나   귀 를   막 아 버 리 는   분 들 이   많 은 데   한   번 쯤   보 고   입 을 지   말 지   결 정 하 는   게   좋 을   것   같 다 ” 는   바 람 을   밝 혔 다 .",
ner-val_000207,True,0,1,2,0.0,0.0,0.0,0,4,0,0.0,0.0,0.0,이   때 문 에   보 호 관 찰 소 에   불 안 감 을   넘 어   공 포 감 을   느 끼 는   분 당 주 민 들 의   반 발 과   항 의 가   심 각 합 니 다 .,
ner-val_000208,False,0,6,0,0.0,0.0,0.0,0,0,0,0.0,0.0,0.0,서 울 에 서   임 대 차 가 격   3 억 원   이 상 인   주 택 의   비 중 도   2 0 0 0 년 에 는   0 . 8 % 였 지 만   2 0 1 3 년 에 는   3 0 . 0 % 로   크 게   늘 었 다 .,list index out of range
ner-val_000209,True,0,1,0,0.0,0.0,0.0,0,4,0,0.0,0.0,0.0,성 자 도   사 람   .   한 번 쯤   노 년 에   외 로 움   생 각 하 게 됨,
ner-val_000210,False,0,2,0,0.0,0.0,0.0,0,0,0,0.0,0.0,0.0,이   자 료 를   보 면   전 재 국 씨 는   등 기 이 사 의   주 소 로   서 울   서 초 구   서 초 동   1 6 2 8 - 1 번 지 를   기 재 .,list index out of range
ner-val_000211,True,0,1,1,0.0,0.0,0.0,0,8,0,0.0,0.0,0.0,아 프 리 카   아 이 들 의   순 수 하 고   해 맑 은   모 험,
ner-val_000212,True,0,4,4,0.0,0.0,0.0,0,32,0,0.0,0.0,0.0,"정 부 는   1 7 일   칠 레   전 역 의   학 교 에   휴 교 령 을   내 렸 으 며 ,   산 티 아 고   국 제 공 항 은   잠 시   폐 쇄 했 다 가   운 항 을   재 개 했 다 .",
ner-val_000213,True,0,2,2,0.0,0.0,0.0,0,12,0,0.0,0.0,0.0,9 0 분 을   두 시 간 으 로   늘 리 고 싶 다 면   이   영 화 를   추 천 .   굉 장 히   재 미 없 다,
ner-val_000214,True,0,6,4,0.0,0.0,0.0,0,38,0,0.0,0.0,0.0,이 상 덕   외 교 부   동 북 아 국 장 대 리 는   이 날   오 전   후 나 코 시   주 한   일 본 대 사 관   정 무 공 사 를   초 치 해   항 의   입 장 을   전 했 다 .,
ner-val_000215,True,0,1,2,0.0,0.0,0.0,0,6,0,0.0,0.0,0.0,괜 찮 네 . . 하 며   보 다 가   마 지 막 쯤 에   도 지 원 씨 가   링   위 에 서   울 부 짖 는   장 면 에 서   정 말   그   아 픔 과   분 노 가   뼈 저 리 게   느 껴 져 서   눈 물 이   터 져 나 오 더 군 요 . . .,
ner-val_000216,False,0,5,0,0.0,0.0,0.0,0,0,0,0.0,0.0,0.0,검 찰 은   중 수 부   폐 지 에   따 른   업 무   공 백 을   줄 이 고   특 별 수 사 체 계 를   전 면   개 편 하 기   위 해   이 날   대 검 에   ' 검 찰   특 별 수 사 체 계   개 편 추 진   T F ' 를   출 범 시 킨 다 .,list index out of range
ner-val_000217,True,0,3,2,0.0,0.0,0.0,0,28,0,0.0,0.0,0.0,설   연 휴   기 간   동 안   C G V   영 화 관   일 부 가   ' 쿵 푸 팬 더 3 '   아 이 맥 스   상 영 을   취 소 하 고   ' 검 사 외 전 ' 을   상 영 해   논 란 이   되 기 도   했 다 .,
ner-val_000218,True,0,3,5,0.0,0.0,0.0,0,22,0,0.0,0.0,0.0,하 지 만   이 마 저 도   배 우   섭 외   등 이   뜻 대 로   되 지   않 으 면 서   지 난 해   강 남 구   역 삼 동 에   기 획 사   사 무 실 을   차 려 놓 고   영 업 이 사   김 씨 와   범 행 을   공 모 한   것 으 로   드 러 났 다 .,
ner-val_000219,True,0,2,2,0.0,0.0,0.0,0,12,0,0.0,0.0,0.0,김 현 수 도   이 대 호 의   좌 전 안 타 로   홈 을   밟 았 다 .,
ner-val_000220,True,0,5,6,0.0,0.0,0.0,0,36,0,0.0,0.0,0.0,지 난   2 7 ∼ 2 8 일   내 몽 골 과   중 국   북 부 지 방 에 서   발 원 한   황 사 가   남 하 하 면 서   서 해 안 과   일 부   내 륙 에 서 는   낮 부 터   옅 은   황 사 가   나 타 날   수   있 으 니   건 강 관 리 에   신 경   써 야   한 다 .,
ner-val_000221,True,0,2,2,0.0,0.0,0.0,0,12,0,0.0,0.0,0.0,도 성 시 리 즈   흑 사 회   나 이 트 폴 을   본   이 후 로   장 가 휘 님 의   팬 이 되 었 는 데   어 둡 고   불 확 실 했 던   사 람 들 이   하 나 의   행 복 을   위 해   몸 을   던 져 가 는   영 상 을   보 면   뭉 클 하 기 도 하 고   장 가 휘 님 과   같 이   연 기 했 던   출 연 진 분 들 도   다 시 금   새 롭 게   보 게 되 네 요,
ner-val_000222,False,0,5,0,0.0,0.0,0.0,0,0,0,0.0,0.0,0.0,한 편   루 키 야 노 바 는   2 0 1 3 년   영 국   매 체   더 선 과 의   인 터 뷰 에 서   성 형 수 술 을   단   한 번   받 았 다 고   밝 혔 다 .,list index out of range
ner-val_000223,True,0,1,1,0.0,0.0,0.0,0,2,0,0.0,0.0,0.0,그 런 데   1 이 랑   큰   차 이 가   없 는   것   같 아   아 쉬 웠 던 . .   너 무   교 육 적 인   측 면 을   부 각 시 키 려 는   모 습 이   역 력 하 여   좀 . . .,
ner-val_000224,False,0,4,0,0.0,0.0,0.0,0,0,0,0.0,0.0,0.0,"신 라 면 은   1 9 8 6 년   1 0 월   농 심 이   출 시 한   제 품 으 로 ,   2 0 1 3 년 까 지   국 내   누 적   판 매 량 이   2 3 0 억   개 에   달 합 니 다 .",list index out of range
ner-val_000225,True,0,4,4,0.0,0.0,0.0,0,24,0,0.0,0.0,0.0,한 국 팀 은   안 정 환 의   골 든 골 로   이 탈 리 아 를   꺾 고   8 강   진 출 에   성 공 했 다 .,
ner-val_000226,False,0,11,0,0.0,0.0,0.0,0,0,0,0.0,0.0,0.0,박 씨 는   지 난 해   1 1 월 2 6 일   경 기   수 원 시   팔 달 구   매 교 동   주 거 지 에 서   전   동 거 녀   김 모 ( 4 8 · 중 국 국 적 ) 씨 를   목   졸 라   살 해 하 고   다 음 날   오 전 부 터   이 틀   동 안   시 신 을   훼 손 한   뒤   수 원   팔 달 산   등   5 곳 에   유 기 한   혐 의 로   구 속   기 소 됐 다 .,list index out of range
ner-val_000227,True,0,5,5,0.0,0.0,0.0,0,26,0,0.0,0.0,0.0,9 일   오 후   방 송 된   S B S   예 능 프 로 그 램   ' 일 요 일 이   좋 다 - 서 바 이 벌   오 디 션   K 팝 스 타   시 즌 3 ’ 에 서 는   톱 1 0 을   결 정 짓 기   위 한   배 틀 오 디 션 이   진 행 됐 다 .,
ner-val_000228,True,0,4,4,0.0,0.0,0.0,0,18,0,0.0,0.0,0.0,모 델   장 윤 주 ( 3 5 ) 씨 가   출 연 한   ' S B S   스 페 셜 - 장 윤 주 의   가 슴 이 야 기 ' 가   방 송 을   앞 둔   가 운 데   장   씨 가   공 개 한   ' 가 슴   석 고 상 ' 이   눈 길 을   끌 고   있 다 .,
ner-val_000229,True,0,1,1,0.0,0.0,0.0,0,8,0,0.0,0.0,0.0,"이 십   년 이   지 났 지 만 ,   긴 장 감 은   아 직 도 !",
ner-val_000230,True,0,1,1,0.0,0.0,0.0,0,16,0,0.0,0.0,0.0,다 니 엘 데 이 루 이 스 의   섬 세 한   연 기 에   다 시 한 번 감 동 .,
ner-val_000231,True,0,2,2,0.0,0.0,0.0,0,8,0,0.0,0.0,0.0,사 실   준 후 빼 고 는   이 때 당 시   적 절 한   배 우 들 로   뽑 았 다 고   생 각 함 . .   개 인 적 으 로   준 후 빼 고 는   내 가   생 각 했 던   배 우 들   그 대 로   캐 스 팅 되 서   너 무   놀 랐 던   기 억 이 . . . 그 리 고   극 장 가 서   시 나 리 오 를   어 떻 게   이 러 케   만 들 수 가   있 을 까 란   사 실 에   놀 랏 고 . .,
ner-val_000232,False,0,9,0,0.0,0.0,0.0,0,0,0,0.0,0.0,0.0,수 사   결 과   총 격 범   아 유 브   엘   카 자 니 ( 2 5 ) 는   I S 에   가 담 하 기   위 해   시 리 아 로   여 행 을   떠 났 다 가   불 과   석   달   전 에   유 럽 으 로   돌 아 와   범 행 을   준 비 한   것 으 로   보 인 다 고   영 국   일 간   텔 레 그 래 프   등   외 신 들 이   2 2 일 ( 현 지 시 간 )   보 도 했 다 .,list index out of range
ner-val_000233,True,0,2,2,0.0,0.0,0.0,0,20,0,0.0,0.0,0.0,멋 진   다 큐 영 화 .   다 만   4 6 억 년 전   2 3 . 5 도 로   기 울 어 졌 다 는   말 은   믿 기   힘 듬 .,
ner-val_000234,True,0,3,4,0.0,0.0,0.0,0,8,0,0.0,0.0,0.0,박   경 사 에 게   흉 기 를   휘 두 른   것 으 로   추 정 되 는   윤 모 ( 3 5 )   씨 도   대 퇴 부 에   총 상 을   입 고   병 원 으 로   옮 겨 져   치 료 를   받 고   있 다 .,
ner-val_000235,True,0,2,1,0.0,0.0,0.0,0,12,0,0.0,0.0,0.0,두 우 항 도   견 자 단   삘 이   좀   나 는 군 요 . . .,
ner-val_000236,True,0,2,2,0.0,0.0,0.0,0,8,0,0.0,0.0,0.0,너 무   잘 하 셔 서   전 문 성 운 줄 알 았 어 여 ~ ㅋ   8 살   제 딸 이   재 룡 이 오 빠   완 전   잘 한 다 고 ~ ㅋ,
ner-val_000237,True,0,1,1,0.0,0.0,0.0,0,4,0,0.0,0.0,0.0,T V 에 서   두 번   보 고   강 렬 한   충 격 . . . 차 별 철 폐   메 시 지 ! !,
ner-val_000238,False,0,4,0,0.0,0.0,0.0,0,0,0,0.0,0.0,0.0,"입 건 된   국 회 의 원   당 선 자   1 0 4 명   가 운 데   1 명 이   기 소 돼   재 판 에   넘 겨 졌 고   5 명 은   불 기 소 ,   9 8 명 은   수 사   진 행   중 이 다 .",list index out of range
ner-val_000239,True,0,1,4,0.0,0.0,0.0,0,6,0,0.0,0.0,0.0,"영 화   ' 님 아 ,   그   강 을   건 너 지   마 오 '   강 계 열   할 머 니 가   하 늘 나 라 에   있 는   할 아 버 지 에 게   영 상   편 지 를   보 냈 다 .",
ner-val_000240,False,0,4,0,0.0,0.0,0.0,0,0,0,0.0,0.0,0.0,순 전 히   애 슐 리   주 드   때 문 에   본   영 화 .   애 슐 리   주 드 는   모 건   프 리 먼 과   좀   더   잘   맞 는   듯 .   찾 아   볼 만 한   가 치 가   있 는   영 화 는   아 님 .   단 지   애 슐 리   주 드   팬 이 라 면   모 를 까 .,list index out of range
ner-val_000241,True,0,1,1,0.0,0.0,0.0,0,6,0,0.0,0.0,0.0,마 카 롱 이   프 랑 스   고 급   디 저 트 라 는   점 과   불 황   속 에 서   작 은   사 치 를   누 리 고   싶 은   심 리 인   ' 립 스 틱   효 과 ' 가   맞 물 리 며   소 비 자 들 이   지 갑 을   열 었 다 .,
ner-val_000242,False,0,1,0,0.0,0.0,0.0,0,0,0,0.0,0.0,0.0,"어 떤   의 도 와   방 향 으 로   만 들 었 는 지 는   알 겠 다 만 , ,   이   정 도 로   정 신 산 만 하 게   다 른 인 생 들 을   겹 쳐 서   보 여 주 면 서 까 지   만 들 어 야   했 을 까 , ,   깔 끔 하 게   만 들 었 으 면   9 점 은   받 았 을   영 화",list index out of range
ner-val_000243,True,0,2,2,0.0,0.0,0.0,0,12,0,0.0,0.0,0.0,나 참   이 런   재 난 영 화 는   처 음 인 듯 ㅋ ㅋ ㅋ 쓰 나 미 일 어 나 서   하 지 원   설 경 구   전 봇 대 에   매 달 리 구   그 냥   쓰 나 미   끝 ㅋ ㅋ ㅋ 별 웃 긴 영 화   다 봤 네   내 가 이 걸 왜 봤 지,
ner-val_000244,True,0,1,1,0.0,0.0,0.0,0,6,0,0.0,0.0,0.0,만 약   고 다 르 가   아 닌   무 명 의   영 화 감 독 이   만 들 었 다 면   지 금 과   같 은   호 평 을   받 을   수   있 을 까 ?,
ner-val_000245,True,0,3,3,0.0,0.0,0.0,0,14,0,0.0,0.0,0.0,이 날   8 강 전 에 서   한 국 은   1 세 트 부 터   패 배 를   당 하 며   불 안 하 게   출 발 했 다 .,
ner-val_000246,False,0,9,0,0.0,0.0,0.0,0,0,0,0.0,0.0,0.0,"예 를   들 어   D C C 수 수 료   5 % 에   환 전 수 수 료   1 % ,   환 율 이   1 달 러 당   1 0 0 0 원 이 라 고   가 정 하 고 ,   미 국 에 서   1 0 0 0 달 러   어 치 의   물 품 을   구 매 했 을   때   D C C 청 구 금 액 은   1 0 8 만 1 9 2 0 원 으 로   현 지 통 화 청 구 금 액 ( 1 0 1 만 원 ) 보 다   약   7 . 1 % ( 7 만 2 0 0 0 원 )   더   비 싸 게   청 구 된 다 .",list index out of range
ner-val_000247,True,0,1,1,0.0,0.0,0.0,0,4,0,0.0,0.0,0.0,s a v e d   b y   t h e   b e l l 의   제 씨 가   처 음 이 자   마 지 막 으 로   주 연 한   영 화 인 데   완 전   쪽 빡 찼 음   ㅠ _ ㅠ   아 쉬 움 . . . .,
ner-val_000248,True,0,7,7,0.0,0.0,0.0,0,42,0,0.0,0.0,0.0,"이 에   따 라   이 번   총 선 에 서   당 선 된   탈 당 파 인   유 승 민 ,   주 호 영 ,   윤 상 현 ,   강 길 부 ,   안 상 수   의 원 과   장 제 원 ,   이 철 규   당 선 인   등 은   본 인 들 이   원 할   경 우   모 두   복 당 이   유 력 한   것 으 로   전 망 된 다 .",
ner-val_000249,True,0,3,3,0.0,0.0,0.0,0,18,0,,,,검 찰 은   이 미   한 국 거 래 소 를   압 수 수 색 해   C J   주 식   거 래 내 역 을   확 보 한   상 태 다 .,
ner-val_000250,True,0,1,2,0.0,0.0,0.0,0,6,0,0.0,0.0,0.0,감 독 님   진 짜   신 의   캐 스 팅 . .   곽 시 양   크 게 된 다 .,
ner-val_000251,True,0,3,3,0.0,0.0,0.0,0,12,0,0.0,0.0,0.0,ㅎ ㅎ 전   바 나 라 서   오 늘   진 영   오 빠 가   이   드 라 마 에   카 메 오 로   출 현 한 다 고   해 서   첨   봤 구 요 ! ! ㅎ ㅎ,
ner-val_000252,True,0,1,2,0.0,0.0,0.0,0,6,0,0.0,0.0,0.0,"가 수   겸   배 우   김 은 오   씨 가   음 주 운 전   혐 의 로   구 속 기 소   된   가 운 데 ,   과 거   S N S 에   올 린   술 병   사 진 이   이 목 을   끌 고   있 다 .",
ner-val_000253,False,0,5,0,0.0,0.0,0.0,0,0,0,0.0,0.0,0.0,신 유 주 를   위 한   신 유 주 에   의 한   신 유 주 의   영 화 !   신 유 주 때 문 에   1 0 점 을 ^ ^,list index out of range
ner-val_000254,False,0,6,0,0.0,0.0,0.0,0,0,0,0.0,0.0,0.0,서 울 중 앙 지 법   형 사 합 의 3 8 부 ( 심 우 용   부 장 판 사 ) 는   1 7 일   직 권 남 용 권 리 행 사   방 해   혐 의   등 으 로   기 소 된   박   전   차 관 에 게   징 역   2 년 에   추 징 금   1 억 6 천 4 0 0 여 만 원 을   선 고 했 다 .,list index out of range
ner-val_000255,True,0,4,6,0.0,0.0,0.0,0,46,0,0.0,0.0,0.0,배 두 나   씨 는   지 난 해   1 1 월   루 이 비 통   2 0 1 5   봄 / 여 름   콜 렉 션   컷 에   아 시 아 인 으 로 는   유 일 하 게   참 석 해   화 제 가   되 기 도   했 다 .,
ner-val_000256,False,0,4,0,0.0,0.0,0.0,0,0,0,0.0,0.0,0.0,정 동 영   전   통 일 부   장 관 이   국 민 의 당 에   합 류 하 겠 다 고   1 8 일   선 언 했 다 .,list index out of range
ner-val_000257,True,0,2,2,0.0,0.0,0.0,0,12,0,0.0,0.0,0.0,"개 별 급 여   개 편 으 로   약   1 4 만 명 이   추 가 로   급 여   혜 택 을   볼   수   있 게   됐 지 만 ,   정 부 가   수 급 대 상 자 를   실 제 보 다   적 게   추 계 해   예 산 이   부 족 할   수   있 다 는   지 적 도   나 왔 다 .",
ner-val_000258,False,0,1,0,0.0,0.0,0.0,0,0,0,0.0,0.0,0.0,"영 화 가   따 뜻 해 서   내   맘 까 지   따 뜻 해 지 는 . .   요 즘   남 자 친 구 랑   권 태 기   아 닌   권 태 기 였 는 데   이   영 화 를   보 면 서   아 ,   마 니 가   있 어 야   나 도   있 구 나   싶 었 어 요",list index out of range
ner-val_000259,True,0,1,2,0.0,0.0,0.0,0,6,0,0.0,0.0,0.0,과 거   안 방 마 님   한 혜 진 의   거 침 없 는   솔 직 한   ' 돌 직 구 '   발 언 을   모 아 봤 습 니 다 .,
ner-val_000260,True,0,2,5,0.0,0.0,0.0,0,10,0,0.0,0.0,0.0,너 무   훌 륭 한   동 물 농 장 !   몇 년 째   보 는   일 요 일   프 로 그 램 인 데   오 늘   정 말   방 치 되 어   굶 어 죽 는   강 아 지 들   그 리 고   인 간 이   아 닌 것   같 은   견 주 를   보 면 서   다 시 한 번   동 물 농 장 에   감 사 드 립 니 다 !,
ner-val_000261,True,0,2,2,0.0,0.0,0.0,0,10,0,0.0,0.0,0.0,클 래 퍼   국 장 은   또   사 이 버   위 협 이   미 국 의   최 우 선   안 보 과 제 라 고   적 시 했 다 .,
ner-val_000262,True,0,1,1,0.0,0.0,0.0,0,6,0,0.0,0.0,0.0,"거 대 한   혁 명 을   2 시 간 짜 리   영 화 에   담 아 내 기 엔   버 거 워 보 이 는   각 본 , 연 출 , 편 집",
ner-val_000263,True,0,1,2,0.0,0.0,0.0,0,4,0,,,,어 이 없 던 게   당 시 의   형 사 ( 눈 째 진 사 람 ) 삼 풍   에 피 소 드   얘 기 하 는 데   처 참 한   비 극   이 야 기 인 데   마 치   재 밌 는   일 였 다 는 듯 이   인 터 뷰 한 다 .,
ner-val_000264,False,0,4,0,0.0,0.0,0.0,0,0,0,0.0,0.0,0.0,"경 찰 에   따 르 면   이 번   시 위   사 태 로   의 경   3 명 이   귀 ,   머 리   등 이   찢 어 지 거 나   의 식 을   잃 고   인 근   병 원 으 로   옮 겨 지 는   등   경 찰   7 4 명 이   다 쳤 다 .",list index out of range
ner-val_000265,True,0,4,4,0.0,0.0,0.0,0,52,0,0.0,0.0,0.0,9 일 ( 이 하   현 지 시 각 )   일 본   마 이 니 치   신 문 에   따 르 면   우 로 시 다 니   마 사 요 시 ( 漆 谷 正 義 ) 는   멧 돼 지 로   인 한   농 사   피 해 를   줄 이 기   위 해   스 피 커 를   활 용 한   퇴 치 기 를   개 발 했 다 .,
ner-val_000266,True,0,3,3,0.0,0.0,0.0,0,16,0,0.0,0.0,0.0,아 폴 로   아 저 씨 도   멋 지 게   나 와 서   좋 네 . . 록 키 는   1 0 점 이 상   줘 야 됨,
ner-val_000267,True,0,1,2,0.0,0.0,0.0,0,6,0,0.0,0.0,0.0,하 . . . . 그 냥   시 간   낭 비 . . . 마 동 성   연 기 낭 비 . . . 감 독 님   공 부 더 하 고   오 셔 야 겠 네,
ner-val_000268,True,0,2,2,0.0,0.0,0.0,0,30,0,0.0,0.0,0.0,이   영 화   진 짜 . . .   하 . . .   말 로   표 현   안 되 네 . . .   진 짜 . . .   하 . . .   ㅜ ㅜ   진 짜   호 소 다   마 모 루 님 . . .   아 니   스 튜 디 오   지 브 리   분 들 . . .   앞 으 로 도   좋 은   영 화   많 이   만 들 어   주 시 고 . . .,
ner-val_000269,True,0,1,1,0.0,0.0,0.0,0,12,0,0.0,0.0,0.0,1 억 8 천 만 불 의   상 상 력 이   고 작   이 정 도 라 니,
ner-val_000270,True,0,2,2,0.0,0.0,0.0,0,14,0,0.0,0.0,0.0,"' 응 답 하 라   1 9 8 8 ' 에 서   이 민 지   씨 는   고 등 학 생   배 역 을   소 화 하 기   위 해   화 장 기   없 는   얼 굴 ,   단 발 머 리 ,   치 아   교 정 기 를   착 용 하 고   출 연 한 다 .",
ner-val_000271,True,0,3,3,0.0,0.0,0.0,0,30,0,0.0,0.0,0.0,"표 절   논 란 이   인   부 분 은   구 찌   모 델 로   등 장 한   할 리 우 드   배 우   블 레 이 크   라 이 블 리 의   황 금 색   의 상 과   도 입 부 의   유 사 성 ,   배 경   음 악   등 이 다 .",
ner-val_000272,True,0,1,1,0.0,0.0,0.0,0,6,0,0.0,0.0,0.0,시 티 헌 터   정 말   재 밌 게   봤 는 데   ? 역 시   이 민 호   최 고 의   배 우 !,
ner-val_000273,True,0,2,2,0.0,0.0,0.0,0,10,0,0.0,0.0,0.0,실 제   지 역 전 문 가 로   활 동 하 는   삼 성 인   최 영 하   과 장 의   스 토 리 가   담 겼 습 니 다 .,
ner-val_000274,True,0,2,2,0.0,0.0,0.0,0,12,0,0.0,0.0,0.0,팀 이   1 - 5 로   뒤 진   4 회 말 에 는   선 두   타 자 로   나 서   홈 런 포 를   가 동 했 다 .,
ner-val_000275,True,0,1,1,0.0,0.0,0.0,0,10,0,0.0,0.0,0.0,소 피 마 르 소 보 는 거 랑   주 제 곡   빼 고 는   별 로   내 용 이   너 무   산 만 하 다,
ner-val_000276,True,0,2,2,0.0,0.0,0.0,0,20,0,0.0,0.0,0.0,"첫 째 ,   국 민 과   함 께   하 는   새 정 치 추 진 위 원 회 가   주 최 하 는   설 명 회 와   정 책 토 론 회 를   전 국   곳 곳 에 서   열 어   나 갈   예 정 입 니 다 .",
ner-val_000277,True,0,1,1,0.0,0.0,0.0,0,6,0,0.0,0.0,0.0,1 4 일   열 린   대 규 모   시 위 에 서   무 장 중 인   경 찰 이   기 념 사 진 을   찍 는 듯 한   모 습 이   포 착 됐 다 .,
ner-val_000278,True,0,1,0,0.0,0.0,0.0,0,6,0,0.0,0.0,0.0,뜻 밖 에   수 확 . . 분 명   한 가 지 를   던 져 줄   영 화,
ner-val_000279,True,0,2,3,0.0,0.0,0.0,0,6,0,0.0,0.0,0.0,이 날   검 찰 은   채   전   총 장 을   둘 러 싼   고 소 · 고 발 사 건   수 사 를   마 무 리 하 면 서   혼 외 아 들   의 혹 이   사 실 상   맞 다 고   발 표 했 다 .,
ner-val_000280,True,0,1,3,0.0,0.0,0.0,0,6,0,,,,해 당   승 강 장 에   스 크 린 도 어 는   설 치 돼   있 지   않 았 다 고   코 레 일   관 계 자 는   전 했 다 .,
ner-val_000281,True,0,2,2,0.0,0.0,0.0,0,20,0,0.0,0.0,0.0,투 표 는   오 후   6 시 까 지   진 행 되 고   종 료 와   함 께   투 표 함   수 거   및   개 표   작 업 에   들 어 가   이 르 면   밤   1 1 시 께   당 선 자 들 의   윤 곽 이   드 러 날   전 망 이 다 .,
ner-val_000282,True,0,7,6,0.0,0.0,0.0,0,44,0,0.0,0.0,0.0,9 일   런 민 넷 ( 人 民 網 ) 은   1 자 녀   정 책 을   견 지 하 는   중 국 에 서   소 문 대 로   장 이 머 우 가   일 곱   자 녀 를   둔   것 이   밝 혀 지 면   거 액 의   벌 금 을   물 게   될   것 이 라 고   지 적 했 다 .,
ner-val_000283,True,0,2,2,0.0,0.0,0.0,0,18,0,0.0,0.0,0.0,류 현 진 이   2 0 1 4 시 즌   첫   이 닝 을   기 분   좋 게   출 발 했 다 .,
ner-val_000284,True,0,5,4,0.0,0.0,0.0,0,48,0,0.0,0.0,0.0,이 날   서 울 중 앙 지 검   조 사 부 는   이   전   회 장 이   지 난   2 0 0 9 년 부 터   지 난 해 까 지   재 직 시   각 종   사 업 을   추 진 하 고   회 사   자 산 을   매 각 하 는   과 정 에 서   회 사 에   손 해 를   입 힌   혐 의 ( 특 정 경 제 범 죄   가 중 처 벌 법 상   배 임   및   횡 령 )   등 으 로   구 속 영 장 을   청 구 했 다 고   전 했 다 .,
ner-val_000285,False,0,1,0,0.0,0.0,0.0,0,0,0,0.0,0.0,0.0,처 음 부 분 의   지 루 한 것 과   결 말 의   작 은 이 해 부 족   빼 면   완 벽 보 고   소 름 돋 아 서   잠 을   잘 수 가   없 음 ㄷ   ㄷ ( 무 서 워 ㅜ ) 심 오 하 거 나   이 런 부 류 좋 아 하 는 사 람   강 추   무 서 운 영 화 중 에   2 번 째 영 화 여 튼   진 짜   재 밌 어 요 . .,list index out of range
ner-val_000286,True,0,1,1,0.0,0.0,0.0,0,12,0,0.0,0.0,0.0,음 악 을   아 는   사 람 들 에 겐   1 0 0 0   점 을   줘 도   모 자 랄   영 화 .,
ner-val_000287,True,0,1,1,0.0,0.0,0.0,0,12,0,0.0,0.0,0.0,2 시 간 4 0 분 이   짦 게 느 껴 질 정 도 로   그 야 말 로   대 작 ! !,
ner-val_000288,True,0,1,1,0.0,0.0,0.0,0,6,0,0.0,0.0,0.0,베 토 벤   어 린 시 절   넘   귀 엽 ㅋ ㅋ ㅋ ㅋ ㅋ   신 기 하 고   잼 따   ㅋ ㅋ ㅋ ㅋ ㅋ ㅋ ㅋ ㅋ ㅋ,
ner-val_000289,True,0,1,1,0.0,0.0,0.0,0,10,0,0.0,0.0,0.0,"아 오 이 유 우   팬 이 었 는 데 . . . .   캐 릭 터   왜   이 렇 게   짜 증 나 냐 . . . . 내 용 도   너 무   지 루 하 고 ,   진 짜   짜 증 난 다 ;   안   보 는 게   나 았 음 . 그 나 마   예 쁜   케 익   구 경 하 는   것 에   보 다",
ner-val_000290,True,0,1,1,0.0,0.0,0.0,0,8,0,0.0,0.0,0.0,국 내   가 맹 점 에 서   신 용 카 드   결 제 액 이   5 0 만 원 을   초 과 할   경 우   신 분 증 을   제 시 하 도 록   한   조 항 은   금 융 사 고 를   방 지 하 고   소 비 자   피 해 를   최 소 화 하 려 는   방 안 으 로   보 인 다 .,
ner-val_000291,False,0,2,0,0.0,0.0,0.0,0,0,0,0.0,0.0,0.0,생 각 없 이   봤 는 데   재 미 있 음   ㅋ ㅋ ㅋ   다 시 봐 도   재 미 있 음   ㅋ ㅋ ㅋ   o c n 에 서   하 는 거   어 쩌 다   보 게 되 도   재 미 있 음   ㅋ ㅋ ㅋ   2 탄   안 나 오 나 . . ?,list index out of range
ner-val_000292,True,0,1,1,0.0,0.0,0.0,0,16,0,0.0,0.0,0.0,로 베 르 트   베 니 니 에   대 해   다 시   생 각 해 보 게   되 었 다 . .,
ner-val_000293,True,0,3,3,0.0,0.0,0.0,0,16,0,0.0,0.0,0.0,특 히   푸 틴 이 나   러 시 아   대 기 업 에 서   안 현 수 를   위 해   통 큰   선 물 이   있 을   것 이 라 는   관 측 이   나 오 고   있 다 .,
ner-val_000294,True,0,1,1,0.0,0.0,0.0,0,4,0,0.0,0.0,0.0,진 짜   내 인 생 의   드 라 마 중 한 개   시 간 날 때 다,
ner-val_000295,True,0,1,1,0.0,0.0,0.0,0,6,0,0.0,0.0,0.0,코 믹 한 영 화 . .   장 국 영 의   밝 은   모 습 을   보 고 싶 다 면   추 천 !,
ner-val_000296,False,0,3,0,0.0,0.0,0.0,0,0,0,0.0,0.0,0.0,노 홍 철   씨 의   복 귀 작   ' 내   방 의   품 격 ' 은   오 는   2 3 일   오 후   1 1 시 에   방 송 된 다 .,list index out of range
ner-val_000297,True,0,2,2,0.0,0.0,0.0,0,12,0,0.0,0.0,0.0,오 지 호 랑   하 주 희 랑   러 브 라 인 을   좀   더   만 들 어 주 던 지 . .,
ner-val_000298,True,0,1,1,0.0,0.0,0.0,0,6,0,0.0,0.0,0.0,요 리 연 구 가   겸   프 랜 차 이 즈   음 식 점   C E O   백 종 원   사 장 이   방 송 에 서   공 개 한   ' 손 님 상 '   레 시 피 다 .,
ner-val_000299,False,0,6,0,0.0,0.0,0.0,0,0,0,0.0,0.0,0.0,지 난   1 일   여 야   국 회 의 원   1 5 2 명 이   참 여 한   ' 개 헌 추 진   국 회 의 원   모 임 ' 이   활 동 을   시 작 하 며   이 달   중 으 로   국 회   개 헌 특 위 를   구 성 한   뒤   내 년   상 반 기 까 지   개 헌 안 을   만 들 겠 다 고   밝 혔 다 .,list index out of range
ner-val_000300,True,0,2,2,0.0,0.0,0.0,0,12,0,0.0,0.0,0.0,강 수 연 의   나 가 있 어 ~ ! 그 리 고   최 정 원 의   신 음 신 ~,
ner-val_000301,True,0,1,1,0.0,0.0,0.0,0,10,0,0.0,0.0,0.0,역 대   제 시 카 비 엘 이   나 온   영 화 중 에   젤 로   예 쁘 게   나 왔 다 .,
ner-val_000302,True,0,1,1,0.0,0.0,0.0,0,10,0,0.0,0.0,0.0,이   영 화 보 고   일 주 일 동 안   잠   못 이 루 었 음,
ner-val_000303,True,0,5,4,0.0,0.0,0.0,0,38,0,0.0,0.0,0.0,2 1 일   이 투 데 이 ( e t o d a y )   보 도 에   따 르 면   더 본 코 리 아 와   백   대 표 에   대 한   세 무 조 사 는   일 반 적 인   정 기 세 무 조 사 가   아 닌   심 층 ( 특 별 )   세 무 조 사 인   것 으 로   파 악 됐 다 .,
ner-val_000304,True,0,2,2,0.0,0.0,0.0,0,12,0,0.0,0.0,0.0,롭 코 헨   감 독   특 유 의   영 상 미 + 빈 디 젤 의   액 션 연 기 + 비 쥬 얼 은   지 금 영 화 보 다 도   세 련 됨,
ner-val_000305,True,0,1,1,0.0,0.0,0.0,0,6,0,0.0,0.0,0.0,감 독 은   구 지 성 을   왜   캐 스 팅 했 는 지 . . .,
ner-val_000306,True,0,1,2,0.0,0.0,0.0,0,6,0,0.0,0.0,0.0,네 이 버 평 점 에   혹 해 서   봤 음 .   아 마   피 터 팬   등 장 배 경   정 도 .,
ner-val_000307,True,0,4,3,0.0,0.0,0.0,0,20,0,0.0,0.0,0.0,"공 관 위 는   후 속   컷 오 프 를   예 고 하 고   있 는   데 다 ,   공 천 방 식 을   둘 러 싼   김 무 성   대 표   등   비 박 계 와   이 한 구   공 관 위 원 장 을   필 두 로   한   친 박 계 의   갈 등 도   고 조 되 면 서   내 홍 은   더 욱   격 화 될   전 망 이 다 .",
ner-val_000308,False,0,5,0,0.0,0.0,0.0,0,0,0,0.0,0.0,0.0,"남 들 은   2 0 0 2 년   히 딩 크   신 화 를   말 하 지 만 . .   난   이 영 화 를   보 면 서   먹 고 살 기   힘 들 던   시 기   타 국 에   나 가   선 전 하 던   한 국 선 수 들 이   떠 올 랐 다 . .   낡 은   라 디 오 속 에 서   외 치 던   아 나 운 서 의   "" 고 국 에   계 신   동 포 여 러 분 . .   대 한 민 국 이   드 디 어 . . ""   암 튼   동 티 모 르 에 도   희 망 이   싹 트 길",list index out of range
ner-val_000309,False,0,3,0,0.0,0.0,0.0,0,0,0,0.0,0.0,0.0,"조 선 마 술 사 '   언 론   시 사 회 장 의   고 아 라 ,   조 윤 희   씨   사 진   7 장 이 다 .",list index out of range
ner-val_000310,True,0,1,1,0.0,0.0,0.0,0,4,0,0.0,0.0,0.0,특 히   성 종 의   연 기 는   압 권 .   경 력 있 는   조 연 들 이   주 연 들 의   발 연 기 덕 분 에   눈 에   띄 더 라 .,
ner-val_000311,True,0,3,5,0.0,0.0,0.0,0,32,0,0.0,0.0,0.0,재 연 실 험 은   2 3 일   오 전   6 시   2 0 분 께   자 살 장 소 에 서   2 . 4 ㎞   떨 어 진   버 스 정 류 장   앞   C C T V 와   같 은   장 소 에 서   이 뤄 졌 다 .,
ner-val_000312,True,0,4,4,0.0,0.0,0.0,0,36,0,0.0,0.0,0.0,이 날   선 고 의   핵 심 은   재 판 부 가   지 하 혁 명 조 직   R O ( 이 하   R O 조 직 ) 와   내 란 음 모 ㆍ 선 동   혐 의   인 정   여 부 다 .,
ner-val_000313,True,0,1,1,0.0,0.0,0.0,0,18,0,0.0,0.0,0.0,크 리 스 챤   슬 레 이 터 를   청 춘 스 타   반 열 에   올 려 놓 은   풋 풋 한   영 화,
ner-val_000314,True,0,1,1,0.0,0.0,0.0,0,4,0,0.0,0.0,0.0,늑 대 들 의   여 정 이   너 무   낭 만 적 이 었 던   애 니   스 토 리 도   좋 지 만   음 악 은   일 본   애 니 중 에   탑 으 로   뛰 어 나 다,
ner-val_000315,True,0,1,1,0.0,0.0,0.0,0,8,0,0.0,0.0,0.0,9 8 년 도 에   이 런 영 화 가   나 왔 다 는 건 . .   정 말   말 이   안 나 옴,
ner-val_000316,False,0,8,0,0.0,0.0,0.0,0,0,0,0.0,0.0,0.0,"이 어   체 코 산   마 토 니 그 랜 드 가   5 . 8 배 ,   . 이 탈 리 아 산   산 베 네 디 토   4 . 3 배 ,   폴 란 드 산   페 라 지   3 . 5 배 ,   프 랑 스   페 리 에 는   3 . 4 배   순 이 다 .",list index out of range
ner-val_000317,True,0,1,1,0.0,0.0,0.0,0,4,0,0.0,0.0,0.0,"단 순 한   코 미 디 물 인   줄   알 고 봤 는 데 ,   미 국 사 회 를   비 판 하 는   메 시 지 가   있 는   수 작 !",
ner-val_000318,False,0,2,0,0.0,0.0,0.0,0,0,0,0.0,0.0,0.0,"항 공 기 는   공 항   인 근   마 을 인   후 씨   지 역 에   곤 두 박 질 쳤 으 며 ,   이 로   인 해   민 가   두   채 에   화 재 가   발 생 했 다 .",list index out of range
ner-val_000319,True,0,5,10,0.0,0.0,0.0,0,32,0,0.0,0.0,0.0,"강 제 철 거   당 시   농 성 촌 에 는   고 동 민   대 외 협 력 실 장 ,   이 현 준   선 전 부 장 ,   유 재 선   조 합 원 ( 3 4 )   등   쌍 용 차 지 부   조 합 원 이   잠 을   자 고   있 었 다 고   하 는 데 요 .",
ner-val_000320,False,0,5,0,0.0,0.0,0.0,0,0,0,0.0,0.0,0.0,M B C   ' 무 한 도 전 - 자 유 로   가 요 제 '   녹 화 가   진 행 될   임 진 각   평 화 공 원 의   1 7 일   오 후   6 시   3 0 분 경   현 장   모 습 입 니 다 .,list index out of range
ner-val_000321,True,0,1,2,0.0,0.0,0.0,0,4,0,0.0,0.0,0.0,"장 혁 이   몇 번   언 급 은   하 나 ,   그 래 도   절 대   모 르 겠 다 는 . .   암 툰   비 추",
ner-val_000322,True,0,1,1,0.0,0.0,0.0,0,6,0,0.0,0.0,0.0,맹 세 하 고   2 3 년 인 생   제 일   재 미 없 는   영 상 이 었 다,
ner-val_000323,False,0,6,0,0.0,0.0,0.0,0,0,0,0.0,0.0,0.0,루 이 비 통 은   2 0 1 6   봄 여 름   컬 렉 션 의   영 감 을   표 현 한   글 로 벌   광 고   캠 페 인   ' 시 리 즈 4 ( S E R I E S   4 ) ' 에   배 두 나 를   주 인 공 으 로   선 정 했 다 고   4 일   밝 혔 다 .,list index out of range
ner-val_000324,False,0,5,0,0.0,0.0,0.0,0,0,0,0.0,0.0,0.0,차 예 련   연 기   못   하 고   김 혜 성 은   사 투 리 를   쓰 던 가   표 준 어 를   쓰 던 가   둘   중 에   하 나 했 음   싶 고   연 출   후 지 고   스 토 리 도   후 지 다   유 선 은   연 기   참   잘 한 다,list index out of range
ner-val_000325,True,0,1,2,0.0,0.0,0.0,0,8,0,0.0,0.0,0.0,네 이 버 에 서   바 로   검 색 됩 니 다 .   가 르 시 아   뿐 만   아 니 라   주 옥 같 은   작 품 들 을   모 아 놨 습 니 다 .,
ner-val_000326,False,0,6,0,0.0,0.0,0.0,0,0,0,0.0,0.0,0.0,"그 의   후 임 자 인   구 스 타 보   알 베 르 토   바 스 케 스 는   2 0 0 5 년   비 행 기   추 락   사 고 로   사 망 했 고 ,   몬 테 스 의   후 임 자 인   헤 수 스   실 베 리 오   카 바 소 스 는   2 0 1 0 년   암 살 당 하 는   등   역 대   콜 리 마   주 지 사 의   수 난 이   잇 따 랐 다 .",list index out of range
ner-val_000327,True,0,1,1,0.0,0.0,0.0,0,4,0,0.0,0.0,0.0,알 리   생 각 하 고   별   기 대 안 하 고   봤 는 데   졸 잼,
ner-val_000328,True,0,3,4,0.0,0.0,0.0,0,16,0,0.0,0.0,0.0,이 날   오 티 스 는   오 바 마   대 통 령 과   찍 은   사 진 을   트 위 터 에   올 리 기 도   했 다 .,
ner-val_000329,True,0,6,5,0.0,0.0,0.0,0,32,0,0.0,0.0,0.0,왜   이 렇 게   하 차 가   많 은 거 임   ㅡ ㅡ   돌 비 수   연 살 타   사 갈 현   모 두 루 약 연   고 창   등 등 등   다   없 어 져   있 어   ㅡ ㅡ,
ner-val_000330,True,0,1,2,0.0,0.0,0.0,0,12,0,0.0,0.0,0.0,"1 ,   2   화 까 진   재 미 있 었 음 !   그   다 음 부 터   질 질   끔",
ner-val_000331,True,0,2,3,0.0,0.0,0.0,0,16,0,0.0,0.0,0.0,이 에   따 라   수 도 권 과   충 청 남 북 도 에 서 는   장 시 간   또 는   무 리 한   실 외   활 동 을   제 한 하 고   특 히   눈 이   아 픈   증 상 이   있 는   사 람 은   실 외 활 동 을   피 하 는   것 이   좋 다 .,
ner-val_000332,True,0,1,1,0.0,0.0,0.0,0,6,0,0.0,0.0,0.0,이 건   진 짜   한   번 은   봐 야 되 지   않 을 까 . . . ㅋ ㅋ,
ner-val_000333,False,0,7,0,0.0,0.0,0.0,0,0,0,0.0,0.0,0.0,경 찰   수 사 가   시 작 되 자   그 는   2 0 1 1 년   6 월   중 국 을   거 쳐   필 리 핀 으 로   건 너 갔 다 가   약   2 년 5 개 월 만 인   지 난   2 6 일   오 전   한   카 지 노   건 물 에 서   붙 잡 혔 다 .,list index out of range
ner-val_000334,True,0,2,1,0.0,0.0,0.0,0,10,0,0.0,0.0,0.0,김 창 완 씨   연 기 력 하 나 는   끝 내 주 는 데   그 거 빼 곤 . . .,
ner-val_000335,True,0,1,1,0.0,0.0,0.0,0,6,0,0.0,0.0,0.0,정 말   아 름 답 고   감 동 적 인   영 화 . . . . 이 런   영 화 야 말 로   평 점 1 0 점   받 을   자 격 이   있 다 .,
ner-val_000336,False,0,4,0,0.0,0.0,0.0,0,0,0,0.0,0.0,0.0,A 군   어 머 니 는   지 난   1 월   포 털 사 이 트   다 음   아 고 라   게 시 판 에   ' 아 들 이   친 구 들 에 게   1 년 간   학 교 폭 력 을   당 했 다 ' 는   글 을   올 려   피 해   사 실 을   알 렸 고   경 찰 에   고 소 했 다 .,list index out of range
ner-val_000337,False,0,7,0,0.0,0.0,0.0,0,0,0,0.0,0.0,0.0,"현 재   한 국 에 서 는   리 포 터   류 시 현 과   한 준 호   M B C   아 나 운 서 가   회 원 으 로   등 록 돼   있 고 ,   해 외 에 서 는   할 리 우 드   스 타   샤 론 스 톤 ,   지 나   데 이 비 스   등 이   가 입 돼   있 습 니 다 .",list index out of range
ner-val_000338,False,0,5,0,0.0,0.0,0.0,0,0,0,0.0,0.0,0.0,역 시   다 시 봐 도   너 무 재 밌 고   또   다 시   볼 수   있 는   노 다 메 ! !   노 다 메 와   치 아 키   너 무   잘 어 울 리 고   하 나 도   어 색 하 지   아 직 도   노 다 메 의 여 운 이   남 아   내 일 도 가 . . ㅠ ㅠ,list index out of range
ner-val_000339,True,0,1,1,0.0,0.0,0.0,0,4,0,0.0,0.0,0.0,애 들 생 일 이 라   친 구 들   5 명 과 함 께 봤 는 데   감 동 적 이 었 다 고   전 부 들   잼 있 었 다,
ner-val_000340,True,0,1,1,0.0,0.0,0.0,0,10,0,,,,전 력 거 래 소 는   필 요 할   경 우   추 가   수 급 대 책 을   시 행 하 겠 다 고   말 했 다 .,
ner-val_000341,True,0,2,2,0.0,0.0,0.0,0,10,0,0.0,0.0,0.0,강 인 과   박 세 영 의   연 기 는   전 혀   조 화 가   되 지   않 는 다 .,
ner-val_000342,True,0,2,2,0.0,0.0,0.0,0,12,0,0.0,0.0,0.0,"극 본 은   엉 망 이 였 지 만   강 지 환 ,   윤 은 혜 의   연 기 가   살 렸 다 .",
ner-val_000343,True,0,2,2,0.0,0.0,0.0,0,10,0,0.0,0.0,0.0,이 거   초 딩 때   봤 던 건 데   다 시 생 각 나 서   옴   다 시 볼 라 고   최 성 국   개 웃 겼 는 데   여 자 5 명 도   개 웃 김   왜   다 들   평 점   낮 춰 서   웃 음 이   사 라 졌 나,
ner-val_000344,True,0,5,4,0.0,0.0,0.0,0,34,0,0.0,0.0,0.0,이 에   앞 서   트 위 터   C E O 인   딕   코 스 톨 로 는   지 난   9 월   금 년   말 에   이 용 자 들 이   가 장   원 하 는   서 비 스   중   하 나 를   시 작 하 게   될   것 으 로   예 상 하 고   있 다 고   밝 힌   바   있 다 .,
ner-val_000345,True,0,1,1,0.0,0.0,0.0,0,8,0,0.0,0.0,0.0,무 엇 보 다 도   역 순 으 로   전 개 되 는   시 간 진 행 과   다 섯 가 지   다 른 시 점 으 로   보 는   관 점 은,
ner-val_000346,False,0,1,0,0.0,0.0,0.0,0,0,0,0.0,0.0,0.0,위   사 진 에 서   조 작   의 혹 이   이 는   근 거 를   방 송 은   세   가 지 로   들 고   있 다 .,list index out of range
ner-val_000347,False,0,4,0,0.0,0.0,0.0,0,0,0,0.0,0.0,0.0,한 편   2 0 0 9 년   2 월   이 후   여 성   1 8 명 을   포 함 해   1 1 7 명 의   티 베 트 인 들 이   분 신 했 으 며   사 망 자 는   1 0 0 명 에   달 한 다 .,list index out of range
ner-val_000348,True,0,1,2,0.0,0.0,0.0,0,8,0,0.0,0.0,0.0,우 리 나 라   개 봉 일 이   9 6 년 도 라 서   오 해 를   하 는   분 이   있 네 요,
ner-val_000349,True,0,3,3,0.0,0.0,0.0,0,24,0,0.0,0.0,0.0,청 와 대   홈 페 이 지 가   2 5 일   오 전   1 0 시   다 운 됐 다 .,
ner-val_000350,True,0,1,0,0.0,0.0,0.0,0,2,0,0.0,0.0,0.0,잊 을 만 하 면   한 번 씩   보 는 데   볼 때 마 다   밤 잠   설 쳐 요   ㅠ,
ner-val_000351,True,0,1,2,0.0,0.0,0.0,0,4,0,0.0,0.0,0.0,미 국 의   한   고 등 학 교   졸 업 앨 범 에   개 의   증 명 사 진 이   함 께   실 려   화 제 다 .,
ner-val_000352,True,0,1,1,0.0,0.0,0.0,0,4,0,0.0,0.0,0.0,1 편 과 의   연 관 성 있 는   탄 탄 한   스 토 리 에 서   높 은   점 수 를   주 고 싶 다 .,
ner-val_000353,True,0,1,1,0.0,0.0,0.0,0,4,0,,,,법 원 은   이 런   요 청 에   대 해   아 직   결 정 을   내 리 지   않 고   있 다 .,
ner-val_000354,False,0,4,0,0.0,0.0,0.0,0,0,0,0.0,0.0,0.0,"린 제 이 로 한 ,   레 이 첼 맥 아 담 스 ,   아 만 다 사 이 프 리 드 . . .   슈 퍼 스 타 가   되 지   못 한 건   레 이 시   뿐   ㅠ ㅠ",list index out of range
ner-val_000355,True,0,1,1,0.0,0.0,0.0,0,16,0,0.0,0.0,0.0,오 기 가 미   나 오 코 의   이 야 기 는   언 제 까 지 나   기 다 릴 테 다 !,
ner-val_000356,False,0,5,0,0.0,0.0,0.0,0,0,0,0.0,0.0,0.0,급 성 심 부 전   및   호 흡 부 전 으 로   1 3 일   사 망 한   김 국 태   검 열 위 원 장 은   김 일 성   주 석 의   항 일 빨 치 산   동 료 로   6 · 2 5 전 쟁 시 기   전 선 사 령 관 을   지 낸   김 책 의   장 남 이 다 .,list index out of range
ner-val_000357,False,0,7,0,0.0,0.0,0.0,0,0,0,0.0,0.0,0.0,"삼 성 전 자 는   현 재   에 스 에 스 엘 엠 의   지 분   1 9 . 9 % 를   여 전 히   보 유   중 이 며 ,   이   회 사 는   2 0 1 3 년   기 준 으 로   자 산   1 천 9 1 2 억 원 ,   부 채   1 천 8 2 5 억 원 으 로   자 산 이   부 채 보 다   많 지 만 ,   6 4 2 억 원 의   적 자 를   냈 다 .",list index out of range
ner-val_000358,False,0,4,0,0.0,0.0,0.0,0,0,0,0.0,0.0,0.0,이 사 회   의 결 에   따 라   몰 렌 코 프 는   지 난   1 2 일 자 로   등 기 이 사 에   임 명 됐 으 며   내 년   연 례   주 주 총 회 가   끝 난   후 인   3 월   4 일   C E O 로   취 임 할   예 정 이 다 .,list index out of range
ner-val_000359,True,0,1,1,0.0,0.0,0.0,0,8,0,0.0,0.0,0.0,8 0 년 대   소 림 축 구   정 말   재 밌 게   보 았 습 니 다,
ner-val_000360,True,0,3,3,0.0,0.0,0.0,0,18,0,0.0,0.0,0.0,미 국   경 찰 은   한 국   내 에 서   파 문 이   커 지 자   이 날 부 터 는   아 예   전 화 나   이 메 일   질 의 에   답 변   자 체 를   하 지   않 는   등   언 론   접 촉 을   중 단 했 다 .,
ner-val_000361,True,0,2,1,0.0,0.0,0.0,0,16,0,0.0,0.0,0.0,차 라 리   월 트 디 즈 니   애 니 메 이 션 으 로   만 들 었 으 면   나 았 을   뻔 한 실 망 만   안 겨 주 는   영 화   부 도 리 의   꿈   이 후 로   이 렇 게   빡 치 는   영 화 는   처 음 이 다 .,
ner-val_000362,False,0,4,0,0.0,0.0,0.0,0,0,0,0.0,0.0,0.0,"암 으 로   인 한   사 망 률 이   인 구   1 0 만 명 당   1 4 9 . 0 명 으 로   사 망 원 인   중   가 장   높 았 고 ,   뇌 혈 관   질 환 ( 5 0 . 3 명 ) ,   심 장   질 환 ( 5 0 . 2 명 ) 이   뒤 를   이 었 다 .",list index out of range
ner-val_000363,True,0,1,1,0.0,0.0,0.0,0,6,0,0.0,0.0,0.0,처 음 에 는   단 지   배 두 나   몸   보 려 고   봤 다 가   볼 수 록   깊 은   여 운 을   남 긴   영 화 . .,
ner-val_000364,True,0,1,2,0.0,0.0,0.0,0,18,0,0.0,0.0,0.0,그 러 나   수 도 권   지 방 을   중 심 으 로   미 세 먼 지   농 도 가   ' 약 간   나 쁨 ' ( 8 1 ∼ 1 2 0 ㎍ / ㎥ )   수 준 까 지   오 를   것 으 로   전 망 돼   노 약 자 나   호 흡 기   질 환 자 는   유 의 해 야   한 다 .,
ner-val_000365,True,0,3,3,0.0,0.0,0.0,0,22,0,0.0,0.0,0.0,주 민 투 표 를   하 려 면   도 내   유 권 자   2 6 0 만 명 의   5 % 인   1 3 만 명   이 상 의   서 명 을   받 아   청 구 해 야   한 다 .,
ner-val_000366,True,0,2,2,0.0,0.0,0.0,0,10,0,0.0,0.0,0.0,유 족 으 로 는   부 인   이 혜 림   씨 와   딸   리 단   양 이   있 다 .,
ner-val_000367,True,0,1,1,0.0,0.0,0.0,0,4,0,0.0,0.0,0.0,한 회 를   다 보 는   동 안   내 용   전 개 도   전 혀 없 고 .,
ner-val_000368,True,0,4,4,0.0,0.0,0.0,0,18,0,0.0,0.0,0.0,이 에   지 난   9 일   더 팩 트 는   조   씨 가   운 영 하 는   베 이 커 리 에   찾 아 가   조 민 아   씨 를   직 접   만 나   이 야 기 를   나 눴 다 .,
ner-val_000369,True,0,2,1,0.0,0.0,0.0,0,22,0,0.0,0.0,0.0,토 비 맥 과 이 어 가   스 파 이 더 맨   다 음   시 리 즈 를   고 사 하 고   선 택 한   영 화 라 한 다 .,
ner-val_000370,True,0,1,1,0.0,0.0,0.0,0,6,0,0.0,0.0,0.0,키 드 먼 의   캐 스 팅 은   언 제 나   억 지 스 럽 다 . . .,
ner-val_000371,True,0,2,2,0.0,0.0,0.0,0,28,0,0.0,0.0,0.0,"헤 이 든   처 치 ,   도 날 드   서 덜 랜 드 도   마 찬 가 지 .",
ner-val_000372,True,0,3,4,0.0,0.0,0.0,0,28,0,0.0,0.0,0.0,검 찰 은   6 시 간   넘 게   기 다 렸 는 데 도   반 응 이   없 자   오 후   5 시   3 0 분 께   소 방 관 들 의   도 움 을   받 아   대 문 을   강 제 로   열 고   내 부 로   진 입 했 다 .,
ner-val_000373,True,0,2,2,0.0,0.0,0.0,0,22,0,0.0,0.0,0.0,슈 퍼   마 리 오 ( 밥   호 킨 스 )   :   버 섯 을   믿 어 라 ~ ! !,
ner-val_000374,True,0,2,2,0.0,0.0,0.0,0,12,0,0.0,0.0,0.0,최 민 호   진 짜   예 쁘 당 ~   최 민 호   최 고 ♥ ▼ ♥,
ner-val_000375,True,0,3,3,0.0,0.0,0.0,0,18,0,0.0,0.0,0.0,"시 원 한   복 수 는   언 제 쯤   하 려 나   기 다 리 면 서   2 1 회 까 지   봤 는 데 ,   2 1 회   2 8 분 에   꼭   그 렇 게 까 지   해 야   했 냐 ?   역 겨 워 서   더   못   보 겠 다 .",
ner-val_000376,True,0,3,3,0.0,0.0,0.0,0,12,0,0.0,0.0,0.0,넌 내 게 반 했 어   완 전   재 미 있 었 음   ^ ^   특 히   이 신 이 와 규 원 이 ㅋ ㅋ   이 신 이 가   진 리 에 옄 ㅋ ㅋ,
ner-val_000377,True,0,1,1,0.0,0.0,0.0,0,6,0,0.0,0.0,0.0,주 연 과   조 연 들 이   아 주   잘   조 화 되 어   드 라 마 들   가 득   채 운 다   이 병 훈 사 단   구 경 하 는   재 미 !,
ner-val_000378,True,0,2,2,0.0,0.0,0.0,0,24,0,0.0,0.0,0.0,그 냥   낯 익 은   얼 굴 들 이 네 라 고 만   생 각 하 며   봤 는 데   끝 나 고 나 서   찾 아 보 니 까   스 칼 렛 요 한 슨 이 랑   크 리 스 에 반 스 여 서   놀 랐 음 . . ! !,
ner-val_000379,True,0,1,1,0.0,0.0,0.0,0,16,0,,,,"' 토 즈   스 터 디 센 터 ' 는   이 러 한   효 율 적 인   학 습   공 간 은   물 론 ,   진 로   고 민   해 소 를   돕 는   멘 토 링   서 비 스 ,   공 부   시 간 을   관 리 해 주 는   ' 스 터 디 데 일 리 '   앱 으 로   공 부   효 율 을   최 대 한   올 릴   수   있 도 록   지 원 하 고   있 다 .",
ner-val_000380,True,0,2,2,0.0,0.0,0.0,0,16,0,0.0,0.0,0.0,"타 이 타 닉 , 반 지 의 제 왕 과   더 불 어   아 카 데 미   1 1 관 왕 한   그   작 품 . .",
ner-val_000381,False,0,8,0,0.0,0.0,0.0,0,0,0,0.0,0.0,0.0,2 3 일   부 산   동 래 경 찰 서 에   따 르 면   A ( 5 7 ) 씨 는   지 난   6 월   8 일   부 산   동 래 구   온 천 동   자 신 의   집 에 서   스 마 트 폰   채 팅 으 로   만 난   5 0 대   중 반   남 자 에 게   성 폭 행 을   당 했 다 고   경 찰 에   신 고 했 다 .,list index out of range
ner-val_000382,True,0,1,1,0.0,0.0,0.0,0,6,0,0.0,0.0,0.0,곽 부 성 이   아 니 었 으 면   감 칠 맛 이   안 났 을   영 화,
ner-val_000383,False,0,2,0,0.0,0.0,0.0,0,0,0,0.0,0.0,0.0,한 국 에 서   찍 은   독 립 영 화 도   이 보 다 는   탄 탄 할   수   있 었 을 거 라   생 각 하 는 데   왜   출 연 했 는 지   의 문 이   들 었 음   뭔 가   어 설 픈   편 집 덕 에   송 혜 교 라 는   이 름 이   아 까 웠 던   영 화,list index out of range
ner-val_000384,True,0,2,3,0.0,0.0,0.0,0,26,0,0.0,0.0,0.0,마 이 크   마 이 어 스 의   1 인   4 역 은   훌 륭 했 으 나   그 뿐 이 였 다,
ner-val_000385,True,0,4,4,0.0,0.0,0.0,0,52,0,0.0,0.0,0.0,"1 9 8 9 년   경 제 단 체 협 의 회   의 장 ,   1 9 9 0 년 대 에 는   한 국 경 영 자 총 협 회   회 장 으 로   활 동 하 며   경 제 단 체 를   이 끌 기 도   했 다 .",
ner-val_000386,True,0,1,1,0.0,0.0,0.0,0,20,0,,,,이 와   관 련   샌   버 너 디 노   경 찰 국   측 은   공 정 하 고   심 도 있 는   조 사 를   할   예 정 이 라 고   밝 혔 다 .,
ner-val_000387,True,0,4,6,0.0,0.0,0.0,0,52,0,0.0,0.0,0.0,한 국 지 질 자 원 연 구 원 은   2 0 1 1 년   3 월   일 본   도 호 쿠   지 방 에 서   발 생 한   동 일 본   대 지 진 의   영 향 에   의 한   것 으 로   추 정 했 다 .,
ner-val_000388,True,0,1,3,0.0,0.0,0.0,0,4,0,0.0,0.0,0.0,개 정 안 에   따 르 면   충 남 지 역   학 원 과   교 습 소 는   학 생 이 나   학 부 모 가   학 원 비 를   쉽 게   알 아 볼   수   있 도 록   실 내 뿐 만   아 니 라   건 물   주   출 입 구 와   보 조   출 입 구 에   게 시 해 야   한 다 .,
ner-val_000389,True,0,2,1,0.0,0.0,0.0,0,10,0,0.0,0.0,0.0,문 근 영   복 귀 !   불 의   여 신   정 이   재 미 있 어 요 !,
ner-val_000390,False,0,4,0,0.0,0.0,0.0,0,0,0,0.0,0.0,0.0,조   중 사   사 탕   떨 구 는 거   오 글 거 림 의   극 치 인 데 다 가   버 스 안 에 서   훈 련 병 들   지 껄 이 는   대 화   내 용   개 오 글 거 림   그 리 고   정 재 영 이   우 리 가   누 구 야   우 린   6 8 4 야 !   하 는 거   대 박   유 치 함   소 재   괜 찮 고   액 션 신   볼 만 하 지 만   과 대 평 가 된   면 이   있 어 서   1 점   준 다,list index out of range
ner-val_000391,True,0,4,3,0.0,0.0,0.0,0,50,0,0.0,0.0,0.0,제 라 르   드   빠 르 디 유 와   이 브   몽 땅 과   마 농 을   연 기 한   엠 마 뉴 엘   베 아 르 의   모 습 이   매 우   인 상   깊 게   남 았 다 .,
ner-val_000392,True,0,1,1,0.0,0.0,0.0,0,6,0,0.0,0.0,0.0,케 릭 터 들 의   겉 도 는   느 낌 과   어 색 한   스 토 리   전 개 . .   강 혜 정   연 기 할 땐   내 가   다   손 발 이 오 글,
ner-val_000393,True,0,2,3,0.0,0.0,0.0,0,14,0,0.0,0.0,0.0,천 우 희   씨 는   영 화   ' 한 공 주 ' 로   제 3 5 회   청 룡 영 화 제   여 우 주 연 상   수 상 의   영 예 를   안 았 다 .,
ner-val_000394,True,0,2,2,0.0,0.0,0.0,0,12,0,0.0,0.0,0.0,김 소 연 .   정 경 호 의   연 기 는   베 스 트 .   그   외   조 연 들 의   연 기 도   베 스 트 .   플 롯 의   구 성 도   베 스 트,
ner-val_000395,True,0,2,3,0.0,0.0,0.0,0,14,0,0.0,0.0,0.0,나 오 는   아 이 들 이   너 무 사 랑 스 러 웠 다 고 나   할 까 오 늘   운 좋 게   두   감 독 님 들 의   인 터 뷰 도   있 어 서   그   후 의   이 야 기 를   들 을   수   있 었 어 요,
ner-val_000396,False,0,1,0,0.0,0.0,0.0,0,0,0,0.0,0.0,0.0,"이 건   뭐   공 포 영 화 가   무 섭 지 도   않 고 ; ;   아 니 ,   애 초 에   영 화   내 용 이   이 해 가   안   됨 .   여 기 에   리 뷰   정 말   예 술 로   올 려 주 신   분   있 는 데   그   분   리 뷰   읽 고   내 용   이 해 했 음   ㄷ ㄷ   울 나 라   공 포 영 화   워 스 트 5   안 에   반 드 시   들 어   갈   듯 .",list index out of range
ner-val_000397,True,0,3,3,0.0,0.0,0.0,0,26,0,0.0,0.0,0.0,경 찰 은   부 정 수 급 한   1 2 0 억 원 을   환 수 조 치 하 도 록   건 강 보 험 공 단 에   통 보 했 다 .,
ner-val_000398,True,0,1,1,0.0,0.0,0.0,0,6,0,0.0,0.0,0.0,O p e r a t i o n   d i n n e r   o u t !   듣 는 데   진 짜   울 컥 .   찐 한   액 션 낀 없 어 도   두 시 간 내 내   긴 장 하 며   재 밌 게   봤 다 .,
ner-val_000399,True,0,4,2,0.0,0.0,0.0,0,24,0,0.0,0.0,0.0,진 종 오 는   국 가 대 표   선 발 전 을   겸 해   지 난 달   열 린   경 찰 청 장 기   대 회   때   유 일 하 게   출 전 한   5 0 m   권 총 에 서   예 선   탈 락 했 다 .,
ner-val_000400,True,0,1,1,0.0,0.0,0.0,0,16,0,,,,아 이 는   관 악 구 청   복 지 과 에   인 계 돼   한   아 동 복 지 센 터 에 서   머 물 고   있 다 .,
ner-val_000401,True,0,1,1,0.0,0.0,0.0,0,6,0,0.0,0.0,0.0,역 시   닐 조 단 . .   근 데   누 가   영 화 에 서   상 징 하 는   것 들 좀   설 명 해   줫 으 면 . .,
ner-val_000402,True,0,1,1,0.0,0.0,0.0,0,4,0,0.0,0.0,0.0,그 냥   1 기 때 처 럼   그 데 로   해 줬 으 면   좋 겠 는 데   ㅠ 제 발   우 리 곁 에   떠 나 지 마 요   ㅠ 안 가 면   안 되 나 ?,
ner-val_000403,True,0,3,3,0.0,0.0,0.0,0,16,0,0.0,0.0,0.0,김 수 철 씨   요 즘   뭐 하 나 춘 자 가   이 미 숙 씨   이 었 군 요,
ner-val_000404,True,0,1,1,0.0,0.0,0.0,0,8,0,,,,K T & G   등   업 계   역 시   면 세   담 뱃 값   인 상 을   두 고   고 심   중 인   것 으 로   알 려 졌 다 .,
ner-val_000405,True,0,1,1,0.0,0.0,0.0,0,6,0,0.0,0.0,0.0,2 4 부   마 지 막 까 지   본 방 사 수 하 며   응 원 하 겠 습 니 다 .,
ner-val_000406,True,0,2,2,0.0,0.0,0.0,0,8,0,0.0,0.0,0.0,2 도   나 오 면 좋 겠 다 고   8 년 째   생 각 중 ㅠ ㅠ,
ner-val_000407,True,0,3,4,0.0,0.0,0.0,0,14,0,0.0,0.0,0.0,경 찰 이   어 린 이 집   주 변   C C T V   등 을   조 사 한   결 과   김   군 은   자 신 이   타 고   온   2 5 인 승   통 학 버 스 에   치 인   것 으 로   확 인 됐 다 .,
ner-val_000408,False,0,2,0,0.0,0.0,0.0,0,0,0,0.0,0.0,0.0,"초 반 에 는   살 짝   지 루 하 고 ,   무 슨   이 야 기 를   하 려 는   것 인 가   했 었 는 데 점 점   생 각 지 도   않 게   숨 이   턱   막 히 게   만 드 는   영 화 내 가   꼽 은   베 스 트   대 사 . 박 해 일 씨 의   낭 만 의   화 신 과 . .   마 지 막 의   김 혜 수 씨 의   살 고   싶 다 . .",list index out of range
ner-val_000409,False,0,2,0,0.0,0.0,0.0,0,0,0,0.0,0.0,0.0,현 행   징 병   신 체 검 사   규 칙 은   정 신 과   질 환 에   대 한   병 역 면 제   판 정   기 준 을   ' 최 저   치 료 경 력   1 년   이 상 ' 으 로   규 정 하 고   있 지 만   이 를   ' 6 개 월   이 상 ' 으 로   완 화 했 다 .,list index out of range
ner-val_000410,False,0,2,0,0.0,0.0,0.0,0,0,0,0.0,0.0,0.0,육 지 에   나 왔 다 가   들 어 가 지   못 하 는   울 릉   주 민 도   1 천 명 에   이 른 다 .,list index out of range
ner-val_000411,True,0,2,2,0.0,0.0,0.0,0,8,0,0.0,0.0,0.0,일 본 의   한   고 등 학 생 이   3 일   만 에   만 들 었 다 는   게 임 이   눈 길 을   끌 고   있 다 .,
ner-val_000412,True,0,2,2,0.0,0.0,0.0,0,12,0,0.0,0.0,0.0,결 론 적 으 론   김 혜 수   짱 ! ! ! . . . . .   김 혜 수 만   남 은   드 라 마,
ner-val_000413,True,0,1,1,0.0,0.0,0.0,0,10,0,0.0,0.0,0.0,유 다   벤 허 가   좌 절 과   역 경 을   이 겨 내 며   활 약 하 는   이 야 기 는   역 시   훌 륭 하 다 .,
ner-val_000414,True,0,2,2,0.0,0.0,0.0,0,12,0,0.0,0.0,0.0,"두   손 ,   두   발   모 두   멀 쩡 하 면 서 도   불 행 하 다 고   생 각 했 던   내 가   부 끄 럽 다 .",
ner-val_000415,False,0,7,0,0.0,0.0,0.0,0,0,0,0.0,0.0,0.0,3 0 일   여 론 조 사   전 문 회 사   한 국 갤 럽 에   따 르 면   이 달   2 1 - 2 4 일   전 국   만   1 9 세   이 상   남 녀   1 천 2 1 4 명 에 게   전 화 로   가 장   좋 아 하 는   T V 프 로 그 램 을   물 은   결 과   ' 무 한 도 전 ' 이   1 3 . 0 % 의   선 호 도 로   1 위 에   올 랐 다 .,list index out of range
ner-val_000416,True,0,4,4,0.0,0.0,0.0,0,32,0,0.0,0.0,0.0,H & M 은   2 0 0 4 년   처 음 으 로   샤 넬   수 석   디 자 이 너   칼   라 거 펠 트 와   협 업 했 으 며   이 후   매 년   콜 라 보 레 이 션   제 품 을   선 보 이 고   있 다 .,
ner-val_000417,True,0,1,1,0.0,0.0,0.0,0,4,0,0.0,0.0,0.0,미 국 영 화   따 라 한 듯 한 . . . 이 것 저 것   잡 다 한   느 낌 이   물 씬 .,
ner-val_000418,True,0,2,2,0.0,0.0,0.0,0,16,0,0.0,0.0,0.0,경 찰 은   가 장   많 은   위 폐 가   적 발 된   5 0 0 0 원 권 의   경 우   구 권 이   은 선 이 나   홀 로 그 램   등   위 조   방 지 장 치 가   취 약 해   상 대 적 으 로   많 은   것 으 로   분 석 했 다 .,
ner-val_000419,False,0,7,0,0.0,0.0,0.0,0,0,0,0.0,0.0,0.0,이 씨 는   지 난 해   5 월   1 7 일   오 전   1 시 ∼ 3 시   3 0 분   연 희 동   일 대   벽 에   수 의 와   수 갑 을   착 용 한   채   2 9 만 원 짜 리   수 표 를   들 고   서   있 는   전   전   대 통 령 의   포 스 터   5 5 장 을   청 테 이 프 로   붙 인   혐 의 로   기 소 됐 다 .,list index out of range
ner-val_000420,True,0,5,5,0.0,0.0,0.0,0,26,0,0.0,0.0,0.0,아 내 와   두   딸 을   살 해 한   ' 서 초 동   세   모 녀   살 인 사 건 ’   피 고 인   강 모 ( 4 8 ) 씨   진 술   내 용 이 다 .,
ner-val_000421,True,0,1,1,0.0,0.0,0.0,0,4,0,0.0,0.0,0.0,그 냥   조 안 을   찍 고 싶 어 서   만 든   영 화 라 고   생 각   될   정 도 다 .,
ner-val_000422,True,0,2,2,0.0,0.0,0.0,0,16,0,0.0,0.0,0.0,"2 0 살 때   봤 던   설 레 임 이   녹 아 있 는   영 화 ,   라 디 오 헤 드 의   n o   s u r p r i s e   삽 입 곡 은   화 룡 점 정",
ner-val_000423,True,0,1,1,0.0,0.0,0.0,0,6,0,0.0,0.0,0.0,두 시 간 에   내 용 을   다   담 기 는   어 려 웠 나 봐 요 . . .,
ner-val_000424,True,0,1,2,0.0,0.0,0.0,0,10,0,0.0,0.0,0.0,"플 래 시 몹 ,   몰 래 카 메 라 ,   거 대   인 간   하 트 ,   풍 선   이 벤 트   등   S N S 에   올 라 온   다 양 한   스 승 의   날   깜 짝   이 벤 트   영 상 과   사 진 들 을   모 아 봤 습 니 다 .",
ner-val_000425,True,0,2,2,0.0,0.0,0.0,0,8,0,0.0,0.0,0.0,숨 진   부 인 인   5 5 살   이   모   씨 도   식 당 일 을   하 며   돈 을   벌 었 지 만   집 안   사 정 은   여 의 치   않 았 습 니 다 .,
ner-val_000426,False,0,6,0,0.0,0.0,0.0,0,0,0,0.0,0.0,0.0,신 씨 는   이 날   정 오   무 렵   변 호 인 을   통 해   수 원 지 검   강 력 부 에   전 화 를   걸 어   자 수 하 겠 다 는   의 사 를   밝 힌 데   이 어   오 후   1 시 2 8 분 께   수 원 지 검 에   자 진   출 석 했 다 .,list index out of range
ner-val_000427,True,0,6,8,0.0,0.0,0.0,0,40,0,0.0,0.0,0.0,2 0 1 3 년   엠 넷   ' 보 이 스   키 즈 ' 로   데 뷔 해   이 듬 해   투 니 버 스   ' 김 구 라   김 동 현 의   김 부 자 쇼 ' 에   출 연 한   것 이   전 부 인   이 수 민 에 게   방 송   진 행 은   처 음 이 었 다 .,
ner-val_000428,False,0,2,0,0.0,0.0,0.0,0,0,0,0.0,0.0,0.0,"각   부 서 와   사 업 장 에 서   시 작 된   감 사 나 눔   운 동 은   경 영   환 경 과   업 무   효 율   개 선 에 도   효 과 를   나 타 냈 으 며 ,   포 스 코 에 너 지   조 직 문 화   가 운 데   하 나 로   자 리   잡 게   됐 다 .",list index out of range
ner-val_000429,True,0,1,1,0.0,0.0,0.0,0,4,0,0.0,0.0,0.0,사 랑 과 전 쟁 을   유 쾌 하 게   풀 어 낸   공 감 안 되 는   미 국 식   코 미 디,
ner-val_000430,True,0,1,2,0.0,0.0,0.0,0,4,0,0.0,0.0,0.0,"최 근   전 주   ' 평 화 의   소 녀 상 ' 에   손 수   뜨 개 질 한   양 말 을   신 긴   미 담 이   알 려 져   화 제 가   된   가 운 데 ,   그   주 인 공 이   뒤 늦 게   알 려 졌 다 .",
ner-val_000431,True,0,1,1,0.0,0.0,0.0,0,4,0,0.0,0.0,0.0,영 상 도   어 두 워 서   한 개 도   안 보 이 지 . .   . .,
ner-val_000432,True,0,3,3,0.0,0.0,0.0,0,28,0,0.0,0.0,0.0,원 더 걸 스 는   오 는   8 월   3 일   정 오   ' 리 부 트 '   음 원 을   공 개 한 다 .,
ner-val_000433,True,0,2,3,0.0,0.0,0.0,0,16,0,0.0,0.0,0.0,수 화 ( 樹 話 )   김 환 기   작 가   1 9 7 0 년   작 품 이   국 내   미 술 품   경 매   최 고 가   기 록 을   바 꿨 다 .,
ner-val_000434,True,0,2,2,0.0,0.0,0.0,0,14,0,0.0,0.0,0.0,장   씨 는   자 신 의   작 품   구 도   설 정 에   방 해 가   된 다 며   경 북   울 진 군   산 림 보 호 구 역   내   금 강 송 을   베 었 다 .,
ner-val_000435,True,0,3,1,0.0,0.0,0.0,0,14,0,0.0,0.0,0.0,"3 D 는   무 슨 ㅋ ㅋ ㅋ ㅋ ㅋ ㅋ ㅋ   넣 을 데 가   없 어 서   막   창 문   깨 부 술 때 나   손 나 올 때 가 3 d 지 ,   그 리 고   사 다 코   C G   겁 나   이 상 해 ㅠ ㅠ 전 혀   무 섭 지   않 았 다 .",
ner-val_000436,True,0,2,1,0.0,0.0,0.0,0,14,0,0.0,0.0,0.0,이   중   첫   번 째   층 인   5 7 m   높 이 에   유 리   바 닥 이   설 치 됐 습 니 다 .,
ner-val_000437,True,0,2,2,0.0,0.0,0.0,0,14,0,0.0,0.0,0.0,옛 날   7 0 년 대   히 어 로 물 의   가 벼 움 과   탄 탄 한 스 토 리   아 놀 드 형 님   주 연   무 슨 말 이 필 요 할 까   고 전 향 수 를   느 낄 수 있 는   영 화,
ner-val_000438,True,0,2,4,0.0,0.0,0.0,0,36,0,0.0,0.0,0.0,당 시   남 아 프 리 카 공 화 국   수 도 인   요 하 네 스 버 그   밀 파 크   병 원   맞 은 편 에 서   생 방 송 을   시 작 하 기   불 과   몇   초   전   방 송   기 자 에 게   강 도 가   다 가 와   권 총 으 로   위 협 했 다 .,
ner-val_000439,True,0,2,2,0.0,0.0,0.0,0,8,0,0.0,0.0,0.0,햅 번 의   미 소 가   너 무   아 름 답 다   로 마 에   가 보 고   싶 은   생 각 도   들 게 끔   만 든   영 화 같 ㄷ,
ner-val_000440,False,0,1,0,0.0,0.0,0.0,0,0,0,0.0,0.0,0.0,딸 바 보   아 빠   적 극 추 천   진 짜   눈 물 없 이   볼 수 없 는   영 화   인 도 영 화   진 짜   최 고,list index out of range
ner-val_000441,True,0,2,2,0.0,0.0,0.0,0,24,0,0.0,0.0,0.0,1 1 월   말   M B C 에 브 리 원 에 서   방 송 될   예 정 인   ' 상 상 드 라 마 ' 는   고 양 이 와   인 간 의   동 거 를   다 룬   인 기   웹 툰   ' 상 상 고 양 이 ' 를   원 작 으 로   한   국 내   최 초   고 양 이   소 재   드 라 마 다 .,
ner-val_000442,True,0,2,2,0.0,0.0,0.0,0,12,0,0.0,0.0,0.0,제 2 0 회   부 산 국 제 영 화 제 에   참 석 한   여 배 우 들 이   레 드 카 펫 을   사 로 잡 았 다 .,
ner-val_000443,True,0,4,4,0.0,0.0,0.0,0,20,0,0.0,0.0,0.0,내 인 생 에 최 고 를 뽑 으 라 면   난   인 생 이 란 영 화 를 . . 중 3 때 처 음 보 고   성 인 이 되 서   다 시 보 니   또 다 른 느 낌   세 번 . 네 번 . 다 섯 번 째 봐 도   잔 잔 한 마 음 에 여 운 을   남 겨 주 는   영 화,
ner-val_000444,True,0,5,7,0.0,0.0,0.0,0,50,0,0.0,0.0,0.0,이 러 한   박   대 통 령 의   언 급 은   북 한 의   연 평 도   포 격 과   천 안 함   침 몰 을   옹 호 하 는   듯 한   천 주 교   정 의 구 현 사 제 단   전 주 교 구   소 속   박 창 신   원 로 신 부 의   최 근   발 언 을   겨 냥 한   비 판 으 로   해 석 된 다 .,
ner-val_000445,True,0,2,2,0.0,0.0,0.0,0,14,0,0.0,0.0,0.0,"해 당   휴 대 폰 은   중 국   심 천 ( 深 圳 ) 에 서   만 들 어 졌 으 며 ,   다 양 한   기 능 을   갖 추 고 도   저 렴 한   가 격   때 문 에   현 지   노 동 자 들 을   포 함 한   많 은   사 람 들 이   사 용 하 고   있 다 .",
ner-val_000446,False,0,6,0,0.0,0.0,0.0,0,0,0,0.0,0.0,0.0,박   당 선 인 이   향 후   5 년 간   국 정   운 영   방 침 의   틀 을   발 표 하 는   대 통 령   취 임 사   준 비 는   오 는   2 0 일 부 터   다 음 달   1 0 일 까 지   2 0 일   정 도   걸 릴   것 으 로   행 안 부 는   예 상 했 다 .,list index out of range
ner-val_000447,False,0,5,0,0.0,0.0,0.0,0,0,0,0.0,0.0,0.0,특 히   K T X 는   가 용 차 량 을   최 대 한   투 입 해   평 상 시 보 다   1 0 . 9 %   늘 어 난   1 천 4 3 0 회 ( 1 일   평 균   2 3 8 회 ) 를   운 행 했 다 .,list index out of range
ner-val_000448,False,0,2,0,0.0,0.0,0.0,0,0,0,0.0,0.0,0.0,재 미 있 고   여 운 도   있 고   역 시   실 화 의   힘 이 란 . . . 루 시 에 나   역 활   제 니 퍼   덱 커   마 음 에   든 다 !,list index out of range
ner-val_000449,True,0,1,1,0.0,0.0,0.0,0,6,0,0.0,0.0,0.0,역 시   봉 준 호   영 화 는   진 짜   세 상 을   적 나 라 하 게   보 여 주 지 .,
ner-val_000450,True,0,3,3,0.0,0.0,0.0,0,22,0,0.0,0.0,0.0,배 우   한 혜 진 이   최 근   국 가 대 표 로   발 탁 된   남 편   기 성 용 과   오 는   7 일   동 반   귀 국 합 니 다 .,
ner-val_000451,True,0,3,3,0.0,0.0,0.0,0,12,0,0.0,0.0,0.0,중 국 에   대 한   수 출   의 존 도 가   높 은   한 국 으 로 서 는   중 국   경 제   불 안 의   직 접 적   영 향 권 에   들 어 간 다 .,
ner-val_000452,True,0,7,8,0.0,0.0,0.0,0,32,0,0.0,0.0,0.0,"이 날   김   씨 와   개 그 맨   남 희 석 ( 4 4 )   씨 ,   서 경 석 ( 4 3 )   씨 ,   의 사   양 재 진 ( 4 1 )   씨 는   한   음 식 점 에 서   만 나   프 로 그 램 에   대 해   허 심 탄 회 하 게   이 야 기 를   나 눴 다 .",
ner-val_000453,True,0,2,2,0.0,0.0,0.0,0,12,0,,,,법 무 부 는   수 형 자 들 이   방 통 대   등   다 양 한   교 육 과 정 을   거 쳐   건 전 한   사 회 의   일 원 으 로   복 귀 할   수   있 도 록   지 속 적 으 로   돕 겠 다 고   밝 혔 다 .,
ner-val_000454,True,0,9,9,0.0,0.0,0.0,0,70,0,0.0,0.0,0.0,"실 제 로   신   총 괄 회 장 과   부 인   시 게 미 쓰   하 츠 코 ( 重 光 初 子 . 8 8 ) 씨 ,   장 녀 인   신 영 자   롯 데 복 지 재 단   이 사 장 ,   5 촌   조 카   신 동 인   롯 데 자 이 언 츠   구 단 주   직 무 대 행 은   불 참 한   것 으 로   확 인 됐 다 .",
ner-val_000455,True,0,2,2,0.0,0.0,0.0,0,12,0,0.0,0.0,0.0,임 권 택 님   감 독 에   강 수 연 씨 가   나 온 다 고 해 서   망 설 임 없 이   극 장 가 서   본   영 화 . .   시 골 길   위 로   뜬   커 달 한   달 과   시 같 은   대 사 들 . . .   그 리 고   우 리 것 을   찾 아 가 는   기 행 . . .   어 느 하 나   마 음 에   들 이   않 는   장 면 이   없 었 어 요 . . .,
ner-val_000456,False,0,5,0,0.0,0.0,0.0,0,46,0,0.0,0.0,0.0,4 년   전   2 0 1 0   남 아 공   월 드 컵   대 표 팀   최 종   명 단 에 서   탈 락 했 던   이 근 호 가   최 근   방 송 된   브 라 질   월 드 컵   특 집   다 큐 멘 터 리 에 서   당 시   심 경 을   밝 혔 습 니 다 .,'GenerateContentResponse' object has no attribute 'content'
ner-val_000457,True,0,1,1,0.0,0.0,0.0,0,14,0,0.0,0.0,0.0,시 리 즈 중   단 연   최 악   초 반   1 0 여 분 만   볼 만 하 다,
ner-val_000458,True,0,3,3,0.0,0.0,0.0,0,16,0,0.0,0.0,0.0,황 비 홍   최 고   졸 작 . . .   왕 정 감 독 !   왜   황 비 홍 을   오 락 영 화 로   전 락 시 켰 는 가 !,
ner-val_000459,True,0,3,4,0.0,0.0,0.0,0,18,0,0.0,0.0,0.0,전 반   이 른   시 간 에   두   골 을   헌 납 한   스 위 스 는   만 회 골 을   넣 기   위 해   총 공 세 에   나 섰 지 만   결 과 적 으 로   프 랑 스 에   더   많 은   기 회 를   제 공 하 는   결 과 를   가 져 왔 다 .,
ner-val_000460,True,0,3,3,0.0,0.0,0.0,0,18,0,0.0,0.0,0.0,"안 재 욱 씨 ,   차 인 표 씨 ,   최 진 실 씨   정 말   환 상 의   조 합 이 구 요 .",
ner-val_000461,True,0,4,4,0.0,0.0,0.0,0,32,0,0.0,0.0,0.0,키   1 8 7 c m 의   윤 균 상   씨 와   1 8 6 c m 의   이 종 석   씨 가   만 들 어   낸   비 주 얼 에   많 은   팬 의   비 명   아 닌   비 명 이   쏟 아 졌 다 .,
ner-val_000462,True,0,5,5,0.0,0.0,0.0,0,28,0,0.0,0.0,0.0,이 미   지 난   1 일   김   비 서 관 이   해 수 부   차 관 에   내 정 된   사 실 이   알 려 졌 지 만   박   대 통 령 은   손 재 학   전   차 관 이   모 친 상 을   당 한   점 을   감 안 해   발 표 를   늦 춘   것 으 로   전 해 진   바   있 다 .,
ner-val_000463,True,0,1,1,0.0,0.0,0.0,0,6,0,0.0,0.0,0.0,민 병 천 이 란   감 독 의   다 음 작 품 만 봐 도   답 니 온 다,
ner-val_000464,True,0,3,3,0.0,0.0,0.0,0,22,0,0.0,0.0,0.0,2 0 1 1 년   ' 로 켓 걸 ' 로   데 뷔 한   스 텔 라 는   지 난 해   발 표 한   ' 마 리 오 네 트 '   뮤 직 비 디 오 에 서   노 출   의 상 을   입 고   선 정 적 인   안 무 를   선 보 여   논 란 에   휩 싸 였 었 다 .,
ner-val_000465,False,0,7,0,0.0,0.0,0.0,0,0,0,0.0,0.0,0.0,"이 어   "" 중 국 이 나   한 국   외 에 는   그 다 지   화 제 가   되 지   않 고   있 다 .   한 국   네 티 즌 들 은   ' 일 본 이   미 쳤 다 ’ ,   ' ( 일 본 을 )   아 시 아 의   동 료 라 고   생 각 하 고   응 원 하 고   있 었 는 데   더 이 상   하 지   않 겠 다 ’   등 의   반 응 을   보 이 며   배   아 나 운 서 의   의 견 에   동 조 하 고   있 다 ” 고   덧 붙 였 다 .",list index out of range
ner-val_000466,False,0,4,0,0.0,0.0,0.0,0,0,0,0.0,0.0,0.0,연 간   수 출 액   5 0 0 억 달 러 ( 1 9 8 8 년 ) 에 서   월   수 출 액   5 0 0 억 달 러 까 지 는   2 5 년 이   걸 렸 다 .,list index out of range
ner-val_000467,True,0,1,1,0.0,0.0,0.0,0,2,0,0.0,0.0,0.0,리 베 라 메 가   그 나 마   낫 다 고   하 여   이 영 화 는   안 봤 지 만   둘 다   최 악 이 었 다,
ner-val_000468,True,0,1,1,0.0,0.0,0.0,0,8,0,0.0,0.0,0.0,넘   현 실 적 이 어 서   씁 쓸 하 긴   하 지 만   1 8 여 년 의   시 간 과   함 께   세 월 의   무 게 와   가 치 를   느 끼 게   하 는   이 런   영 화 를   앞 으 로 도   볼   수   있 을 까 ?,
ner-val_000469,True,0,1,1,0.0,0.0,0.0,0,6,0,0.0,0.0,0.0,출 연 진 완 벽 ㅋ ㅋ ㅋ ㅋ ㅋ 연 기 개 쩌 는 여 배 우 와   유 머 러 스 하 고   멋 있 는   다 우 니   행 오 버 예 능 신   곰 ( ? ) 까 지   최 고 ㅋ   영 화 급 은 떨 어 지 지 만   배 우 들 이   살 린 영 화 ㅋ,
ner-val_000470,True,0,3,3,0.0,0.0,0.0,0,26,0,0.0,0.0,0.0,조 셉 고 든 래 빗 때 문 에   본   영 화 이 긴   하 지 만 . .   세 스   로 건 이   더 욱   빛 났 던   영 화 . . !   카 일 같 은   친 구 가   옆 에 있 으 면   얼 마 나   좋 을 까 . .,
ner-val_000471,False,0,2,0,0.0,0.0,0.0,0,0,0,0.0,0.0,0.0,경 찰 은   도 주 로 를   차 단 하 고 서   테 이 저   건 으 로   응 수 하 며   승 용 차 를   덮 쳐   결 국   조   씨 를   붙 잡 았 다 .,list index out of range
ner-val_000472,False,0,4,0,0.0,0.0,0.0,0,0,0,0.0,0.0,0.0,"스 타 뉴 스 는   최 근   소 속 사   제 이 튠 캠 프 와   전 속 계 약 이   끝 난   이 준 이   재 계 약 을   체 결 하 지   않 고 ,   그 룹 에 서   탈 퇴 해   연 기 자 로   활 동 할   계 획 이 라 고   1 3 일   보 도 했 다 .",list index out of range
ner-val_000473,True,0,1,1,0.0,0.0,0.0,0,4,0,0.0,0.0,0.0,결 혼 하 고   애 낳 고   2 년 만 에   극 장 가 서   본   영 화   -   짜 증   지 대 루   났 던   영 화 .,
ner-val_000474,True,0,3,3,0.0,0.0,0.0,0,16,0,0.0,0.0,0.0,"경 찰 이   청 와 대   인 근   집 회   현 장 에   이 어   경 복 궁   인 근 에 서 도   노 란   리 본 을   단   시 민 의   통 행 을   제 지 하 고 ,   불 심 검 문 한   영 상 이   공 개 됐 다 .",
ner-val_000475,True,0,2,2,0.0,0.0,0.0,0,12,0,0.0,0.0,0.0,이 하 나   매 력 만 점   이 하 나 의   매 력 이   물 씬   느 껴 진 다,
ner-val_000476,True,0,1,1,0.0,0.0,0.0,0,12,0,0.0,0.0,0.0,패 트 릭   뎀 시 라 는   배 우 를   다 시   보 게   되 었 다 .,
ner-val_000477,True,0,3,3,0.0,0.0,0.0,0,18,0,0.0,0.0,0.0,그 러 나   3 ∼ 5 번 째   시 리 즈 에 서   명 중   4 개 씩   기 록 해   2 위 까 지   올 라 섰 다 .,
ner-val_000478,False,0,7,0,0.0,0.0,0.0,0,0,0,0.0,0.0,0.0,1 · 4 호 선   서 울 역 은   지 난 해   이 용 객 이   전 년 보 다   9 %   감 소 해   순 위 도   4 위 에 서   5 위   밖 으 로   밀 려 났 다 .,list index out of range
ner-val_000479,False,0,5,0,0.0,0.0,0.0,0,0,0,0.0,0.0,0.0,"천 안 함   사 건 은   지 난   2 0 1 0 년   3 월   2 6 일   오 후   9 시   2 2 분 경   백 령 도   서 남 방   2 . 5 k m   해 상 에 서   발 생 해 ,   승 조 원   1 0 4 명   중   4 6 명 의   전 사 자 를   냈 는 데 요 .",list index out of range
ner-val_000480,False,0,4,0,0.0,0.0,0.0,0,0,0,0.0,0.0,0.0,박   회 장 은   2 0 1 5 년   3 월 까 지   중 도   사 퇴 한   손 경 식   전   회 장 의   잔 여 임 기   1 년 7 개 월 가 량 을   채 우 게   된 다 .,list index out of range
ner-val_000481,True,0,4,7,0.0,0.0,0.0,0,28,0,0.0,0.0,0.0,앞 서   이   양 은   지 난   5 일   한   국 내   유 튜 브   채 널 에   공 개 된   ' H e l l o '   라 이 브   영 상 으 로   조 회   수   1 2 0 0 만 ( 2 1 일   기 준 ) 을   돌 파 하 며   외 신 에   소 개 되 는   등   화 제 가   됐 다 .,
ner-val_000482,False,0,1,0,0.0,0.0,0.0,0,0,0,0.0,0.0,0.0,모 금   운 동   소 식 이   온 라 인   커 뮤 니 티   ' 일 간 베 스 트 저 장 소 ' ( 일 베 )   등 으 로   확 산 되 며   총   1 3 4 0 만   원   정 도 가   모 금 됐 다 .,list index out of range
ner-val_000483,False,0,4,0,0.0,0.0,0.0,0,0,0,0.0,0.0,0.0,서 울 시 는   지 난   2 월   국 세 청 과   함 께   경 매   수 익 금 에 서   체 납   세 금 을   1 순 위 로   배 분 받 았 다 .,list index out of range
ner-val_000484,True,0,5,5,0.0,0.0,0.0,0,32,0,0.0,0.0,0.0,6 0 년 대 초   서 민 들 의   모 습 . .   김 희 갑   구 봉 서   황 정 순   최 은 희   젊 은   모 습 도 . .,
ner-val_000485,True,0,4,4,0.0,0.0,0.0,0,22,0,0.0,0.0,0.0,강 씨 는   한 국   국 적 자 로   애 틀 랜 타 의   대 표 적 인   부 촌 인   존 스 크 릭   소 재   아 파 트 에 서   홀 로   지 내 왔 다 .,
ner-val_000486,True,0,4,5,0.0,0.0,0.0,0,38,0,0.0,0.0,0.0,1 일   새 벽   서 울   송 파 구   롯 데 월 드 타 워 에 서   새 해 맞 이   카 운 트 다 운   쇼 가   열 렸 다 .,
ner-val_000487,True,0,2,2,0.0,0.0,0.0,0,28,0,0.0,0.0,0.0,"카 메 론   디 아 즈 가   눈 에   들 어 오 는   영 화 .   소 재 ,   장 르 를   비 롯   줄 리 아   로 버 츠 를   좋 아 하 지   않 아 서   대 충   본   영 화",
ner-val_000488,False,0,3,0,0.0,0.0,0.0,0,0,0,0.0,0.0,0.0,지 금   케 이 블 에 서   하 길 래   검 색 .   ^ ^   홍 학 표   방 가 ~   ㅋ   겨 우   1 7 년 된   영 화 라 니 . . .,list index out of range
ner-val_000489,True,0,3,6,0.0,0.0,0.0,0,34,0,0.0,0.0,0.0,"채   총 장 은   이 날   오 전   서 울   서 초 동   대 검 찰 청 에 서   열 린   퇴 임 식 에 서   "" 최 고 의   가 장 은   아 니 었 지 만   부 끄 럽 지   않 은   남 편 과   아 빠 로   살 아 왔 고   앞 으 로 도   그 러 할   것 ” 이 라 고   말 했 다 .",
ner-val_000490,False,0,2,0,0.0,0.0,0.0,0,0,0,0.0,0.0,0.0,"U F C   앤 더 슨   실 바   선 수   ' 킥 '   스 승 님 이 라 던 데 ,   역 시   남 다 른   시 걸   형 님 ! !",list index out of range
ner-val_000491,False,0,4,0,0.0,0.0,0.0,0,0,0,0.0,0.0,0.0,그 러 나   금 융 위 기 가   진 정 된   2 0 1 0 년 에   4 4 억 8 천 8 0 0 만 달 러 를   기 록 한   데   이 어   2 0 1 1 년 엔   4 3 억 8 천 9 5 0 만 달 러 로   감 소 했 다 .,list index out of range
ner-val_000492,True,0,5,4,0.0,0.0,0.0,0,44,0,0.0,0.0,0.0,최 근   영 국 에 서   열 린   ' 과 학 페 스 티 벌 ' 에 서   사 진   전 문 가   영 국   서 리 대 학 교   앤 드 류   파 이   박 사 와   라 두   스 토 레 아   박 사 는   그 동 안   자 신 들 이   연 구 한   몇 가 지   팁 을   공 개 했 다 .,
ner-val_000493,True,0,9,9,0.0,0.0,0.0,0,76,0,0.0,0.0,0.0,"서 울 시 는   2 3 일   집 중 호 우 로   오 후   2 시   현 재   잠 수 교   보 행 로 ,   청 계 천 ,   양 재 천 변   도 로 ( K T ~ 영 동 1 교 ) ,   증 산 철 교   하 부 도 로 의   통 행 을   제 한 하 고   있 다 고   밝 혔 다 .",
ner-val_000494,False,0,4,0,0.0,0.0,0.0,0,0,0,0.0,0.0,0.0,중 국   항 공 사 로   이 직 한 지   2 년   된   대 한 항 공   출 신   기 장   김 모 씨 의   말 이 다 .,list index out of range
ner-val_000495,True,0,2,2,0.0,0.0,0.0,0,14,0,0.0,0.0,0.0,생 각 보 다   볼 만 하 고   평 점 이   너 무   낮 아   1 0 점 줌   냉 정 하 게   7 . 8 점   정 도   영 화 임 . . .,
ner-val_000496,True,0,1,1,0.0,0.0,0.0,0,4,0,0.0,0.0,0.0,아 무 리   생 각 해 도   쏘 우 는   1 편 이   최 고 다 .,
ner-val_000497,True,0,1,0,0.0,0.0,0.0,0,4,0,0.0,0.0,0.0,내 가   선 택 한 것 은   눈 을   감 고   느 끼 는   여 름 햇 살 의   붉 고   뜨 거 운   기 억,
ner-val_000498,True,0,5,5,0.0,0.0,0.0,0,32,0,0.0,0.0,0.0,1 호 선   남 영 역 ~ 서 울 역   구 간 과   청 량 리 역 ~ 회 기 역   구 간 에 서   이 런   일 이   벌 어 진 다 .,
ner-val_000499,True,0,2,2,0.0,0.0,0.0,0,20,0,0.0,0.0,0.0,7 0 년 대   영 화   미 학 에   담 긴   9 0 년 대   말 의   메 시 지 .,
ner-val_000500,True,0,1,2,0.0,0.0,0.0,0,6,0,0.0,0.0,0.0,류 혜 영   씨 에 게   ' 나 의   독 재 자 ' 는   첫   상 업 영 화 다 .,
ner-val_000501,False,0,5,0,0.0,0.0,0.0,0,0,0,0.0,0.0,0.0,2 5 일   머 니 투 데 이 에   따 르 면   이 날   서 울   강 남 경 찰 서 는   음 식 점   주 차 장 에   주 차 된   차 량 을   들 이 받 은   혐 의 ( 도 로 교 통 법   위 반 ) 로   유 명   목 사   A   씨 를   불 구 속   입 건 했 다 .,list index out of range
ner-val_000502,True,0,3,2,0.0,0.0,0.0,0,14,0,0.0,0.0,0.0,"반 전 을   위 해   만 들 어 진   영 화 .   어 디 선 가   본   듯 한   설 정 .   박 용 우 ,   남 궁 민   둘 다   왠 지   어 울 리 지   않 는   배 역 을   맡 은   듯",
ner-val_000503,True,0,5,5,0.0,0.0,0.0,0,52,0,0.0,0.0,0.0,아 프 리 카   시 에 라 리 온   출 신 인   데 이 비 스 는   펜 실 베 이 니 아 주 에 서   다 수 의   절 도   전 과 가   있 으 며   뉴 욕 에 서 도   8 차 례   체 포 된   전 력 이   있 는   것 으 로   드 러 났 다 .,
ner-val_000504,True,0,2,4,0.0,0.0,0.0,0,8,0,0.0,0.0,0.0,"이 씨   일 당 은   약   1 0 년   전   한   영 어 학 원 에 서   강 사 · 학 생   등 으 로   만 난   친 구   사 이 로 ,   ' 신 의   눈 물 ' 을   판 매 해   큰   돈 을   번   사 람 이   있 다 는   소 문 을   듣 고   마 약   판 매 에   뛰 어 든   것 으 로   조 사 됐 다 .",
ner-val_000505,True,0,2,2,0.0,0.0,0.0,0,10,0,0.0,0.0,0.0,"루 이 종 과   쥘 리 ,   정 말   사 랑 스 러 운   캐 릭 터 다 .",
ner-val_000506,False,0,4,0,0.0,0.0,0.0,0,0,0,0.0,0.0,0.0,김 성 룡   9 단 은   알 파 고 가   어 느   시 점 에   바 둑 을   두 는 지 에   대 한   ' 결 행 ' 과   상 대 방 이   수 를   알   수   없 도 록   두 텁 게   두 는   부 분 에 서   이 창 호   9 단 과   유 사 하 다 고   강 조 했 다 .,list index out of range
ner-val_000507,True,0,1,1,0.0,0.0,0.0,0,8,0,0.0,0.0,0.0,영 화   보 는 동 안   9 7 년 작   볼 케 이 노 가   훨 씬   낫 다 고   내 내   생 각 했 다,
ner-val_000508,True,0,3,2,0.0,0.0,0.0,0,20,0,0.0,0.0,0.0,반 면   이   수 퍼 맨 리 턴 즈 가   7 년 후   영 화 인   맨 오 브 보 다   제 작 비 도   많 이 쓰 고   악 역 에   렉 스 루 터 를   쓰 고 도   재 미 없 긴 힘 들 거 다,
ner-val_000509,True,0,2,2,0.0,0.0,0.0,0,8,0,0.0,0.0,0.0,장 혁   나 오 는   1 편 만   그 냥   보 고   끄 시 면   될   듯 . . .   엑 기 스 만   골 라 서   보 고   끄 셔 도   무 방,
ner-val_000510,False,0,4,0,0.0,0.0,0.0,0,0,0,0.0,0.0,0.0,서 정 희   씨   상 해 혐 의 로   불 구 속   기 소 된   서 세 원   씨 가   징 역   6 월 에   집 행 유 예   2 년 을   선 고   받 았 다 .,list index out of range
ner-val_000511,False,0,2,0,0.0,0.0,0.0,0,0,0,0.0,0.0,0.0,"공 군 이   직 접   제 조 해   사 용 하 는   천 연 조 미 료 는   멸 치 ,   다 시 마 ,   새 우 ,   조 갯 살 을   갈 아   만 든   네   종 류 의   분 말 가 루 다 .",list index out of range
ner-val_000512,True,0,2,2,0.0,0.0,0.0,0,14,0,0.0,0.0,0.0,벤   킹 슬 리 의   압 도 적 인   연 기 를   통 해   간 디 의   삶 을   느 꼈 다,
ner-val_000513,True,0,1,2,0.0,0.0,0.0,0,10,0,0.0,0.0,0.0,또   전 망 대 에 서   내 려 가 기 를   기 다 리 던   관 광 객   5 0 0 여 명 도   고 립 됐 다 .,
ner-val_000514,True,0,2,2,0.0,0.0,0.0,0,10,0,0.0,0.0,0.0,강 산 이 도   계 탔 다   지 혜 누 나   짱   ㅜ ㅜ   사 랑 해 요   ㅜ,
ner-val_000515,True,0,1,1,0.0,0.0,0.0,0,4,0,0.0,0.0,0.0,오 해 와   의 심 이   만 드 는   아 이 러 니 의   공 간 을   파 고 드 는   코 엔   형 제 의   농 담   센 스,
ner-val_000516,True,0,1,1,0.0,0.0,0.0,0,6,0,0.0,0.0,0.0,배 우   홍 은 희   씨 가   클 럽 에   대 한   애 정 을   드 러 냈 다 .,
ner-val_000517,True,0,2,2,0.0,0.0,0.0,0,22,0,0.0,0.0,0.0,1 9 9 0 년 대   말   ' I T   버 블 '   붕 괴   이 후   침 체 에 서   벗 어 나 지   못 한   코 스 닥 시 장 이   반 전 을   노 릴   수   있 는   카 드 인   셈 이 다 .,
ner-val_000518,True,0,1,1,0.0,0.0,0.0,0,10,0,0.0,0.0,0.0,티 아 라 N 4 가   자 신 들 을   둘 러 싼   루 머 에   대 해   해 명 했 다 .,
ner-val_000519,True,0,4,3,0.0,0.0,0.0,0,16,0,0.0,0.0,0.0,"2 번 봤 음   엽 문 , 사 망 유 희 , 폴 리 스 토 리 1   그 리 고   곽 원 갑   개 인 적 주 관 이 지 만   조 음 ㅋ",
ner-val_000520,True,0,1,2,0.0,0.0,0.0,0,8,0,0.0,0.0,0.0,영 화 개 봉 했 을 때   카 와 사 키 의   극 장 에 서   두 번 봤 음   장 례 식 의   장 면   항 상   감 동 한 다,
ner-val_000521,True,0,2,2,0.0,0.0,0.0,0,14,0,0.0,0.0,0.0,이 번 에   프 랑 스 영 화 는   거 의   두   번 째 로   접 하 게   되 었 네 요 .,
ner-val_000522,True,0,1,1,0.0,0.0,0.0,0,6,0,0.0,0.0,0.0,이 런 류 의   드 라 마   대 환 영 임   근 데   왜   하 필   4 부 작 밖 에   안 하 노 ㅠ ㅠ,
ner-val_000523,False,0,5,0,0.0,0.0,0.0,0,0,0,0.0,0.0,0.0,이 에   앞 서   ' 여 대 생   청 부   살 인   사 건 ’ 의   범 인   윤   모 씨 의   전   남 편   류 원 기   영 남 제 분   회 장 은   최 근   자 신 을   비 판 한   네 티 즌   1 0 0 여 명 을   경 찰 에   고 소 했 습 니 다 .,list index out of range
ner-val_000524,True,0,1,2,0.0,0.0,0.0,0,14,0,,,,"공 무 원   징 계 령 을   보 면   별 정 직   공 무 원 은   직 무 상 의   의 무 를   위 반 하 거 나 ,   직 무 를   게 을 리   하 거 나   체 면   혹 은   위 신 을   손 상 하 는   행 위 를   한   경 우 에 는   인 사 권 자 가   직 권 으 로   면 직 하 거 나   중 앙 징 계 위 원 회 의   의 결 을   거 쳐   파 면 이 나   해 임   등   징 계 처 분 을   할   수   있 다 .",
ner-val_000525,True,0,4,4,0.0,0.0,0.0,0,24,0,0.0,0.0,0.0,육 덕 이   왕 콩 이   혁 띠   차 돌 백 이   망 가 지 는 거   두 려 워   하 지 않 고   적 극 적 으 로   임 해 서   보 기 좋 아 요 .,
ner-val_000526,True,0,3,3,0.0,0.0,0.0,0,16,0,0.0,0.0,0.0,이 순 과   장 옥 정 의   슬 프 지 만   아 름 다 운   사 랑 ! 장 희 빈 을   새 로 운   관 점 에 서   바 라 보 게 된   좋 은   드 라 마 였 습 니 다,
ner-val_000527,True,0,1,2,0.0,0.0,0.0,0,6,0,0.0,0.0,0.0,에 미 넴   예 전 부 터   좋 아 했 는 데   이 영 화 는   오 늘   처 음 봄   와   근 데   스 토 리 도   좋 고   랩 배 틀 도   멋 있 고 ! !,
ner-val_000528,True,0,1,1,0.0,0.0,0.0,0,4,0,0.0,0.0,0.0,1 편 은   참   잘 만 들 었 었 는 데   쩝 . . .   박 수 칠 때   떠 나 야   했 다,
ner-val_000529,True,0,3,3,0.0,0.0,0.0,0,18,0,0.0,0.0,0.0,황 창 규   전   삼 성 전 자   사 장 이   K T   차 기   사 장 으 로   내 정 됐 다 .,
ner-val_000530,True,0,1,1,0.0,0.0,0.0,0,12,0,0.0,0.0,0.0,스 토 리 고   연 출 이 고   뭐 고   밀 라 요 보 비 치   진 짜   에 쁩 니 다,
ner-val_000531,True,0,1,2,0.0,0.0,0.0,0,6,0,0.0,0.0,0.0,"이 민 정 때 매   봄   ㅋ ㅋ   아   결 말   뭔 가   개 운 하 지 가   않 아 , . .",
ner-val_000532,True,0,3,3,0.0,0.0,0.0,0,28,0,0.0,0.0,0.0,U S A 투 데 이 는   ' 대 천 해 수 욕 장 에 서   열 리 는   보 령 머 드 축 제 에   외 국 인   관 광 객 이   머 드   레 슬 링 과   머 드   슬 라 이 딩 을   즐 긴 다 ' 는   내 용 과   함 께   축 제   사 진 을   게 재 했 다 .,
ner-val_000533,False,0,1,0,0.0,0.0,0.0,0,0,0,0.0,0.0,0.0,"특 정   가 정 의   이 야 기 지 만 ,   보 편 적 인   인 간 과   가 족 들 에   대 한   이 야 기 를   전 달 하 는   오 즈   야 스 지 로 의   힘",list index out of range
ner-val_000534,True,0,1,1,0.0,0.0,0.0,0,12,0,0.0,0.0,0.0,아 놔   매 즈   미 켈 슨   땜 에   잠 못   이 루 겠 다,
ner-val_000535,True,0,2,2,0.0,0.0,0.0,0,14,0,0.0,0.0,0.0,다 음 은   2 4 일   실 시 되 고   있 는   ' 4 . 2 4   재 보 궐 선 거 '   시 간 대 별   투 표 율 입 니 다 .,
ner-val_000536,True,0,5,5,0.0,0.0,0.0,0,30,0,0.0,0.0,0.0,이 날   가 수   거 미 의   ' 친 구 라 도   될   걸   그 랬 어 ' 를   선 곡 한   솔 지   씨 는   5 3 대   4 6 으 로   배 우   김 예 원   씨 를   누 르 고   최 종   우 승 을   차 지 했 다 .,
ner-val_000537,False,0,4,0,0.0,0.0,0.0,0,0,0,0.0,0.0,0.0,수 년 간   전 립 선 암 을   앓 아 온   남   전   총 리 는   최 근   노 환 이   겹 쳐   병 세 가   급 속 히   악 화 됐 고   지 난   6 일   서 울   강 남   세 브 란 스 병 원 에   입 원 해   치 료 를   받 아 왔 다 .,list index out of range
ner-val_000538,True,0,2,2,0.0,0.0,0.0,0,18,0,0.0,0.0,0.0,0 2 년 도   르 네 젤 위 거   러 블 리   오 브   러 블 리 다   당 시 로   따 지 면   신 선 한   소 재 가   아 닐 까,
ner-val_000539,True,0,1,1,0.0,0.0,0.0,0,12,0,,,,질 병 관 리 본 부 도   A I   바 이 러 스 가   이 들 의   몸   안 에   침 투 한   것 은   사 실 이 라 고   인 정 했 다 .,
ner-val_000540,True,0,3,3,0.0,0.0,0.0,0,16,0,0.0,0.0,0.0,"아 , , , , 내 가   장 진 감 독   영 화 를   보 고   눈 물 을   주 룩   흘 릴   줄 이 야 . . . 배 우 들 의   연 기 , 특 히   김 성 균   연 기 가   대 단 했 음 ! !   연 기   잘 하 는   걸 로   알 려 진   조 진 웅 씨 의   절 제 된   연 기 도   좋 았 음 ! !   단 지 ,   좀   꼬 부 라 진   혓 소 리   였 어 야   하 지   않 았 나   싶 음 .",
ner-val_000541,True,0,1,0,0.0,0.0,0.0,0,6,0,0.0,0.0,0.0,"시 즌 2 보 단   훨 씬   나 음 .   초 반 엔   단 순 히   표 절 의 법 칙 으 로   느 껴 졌 으 나 ,   뒤 로 갈 수 록   정 체 성 을   찾 음",
ner-val_000542,True,0,7,7,0.0,0.0,0.0,0,72,0,0.0,0.0,0.0,"한 편   대 한 민 국 재 향 경 우 회 ,   고 엽 제 전 우 회   등   보 수   단 체   회 원   3 천 7 0 0 여 명 ( 경 찰   추 산 ) 은   ' 맞 불 집 회 '   차 원 에 서   이 날   동 화 면 세 점   앞 과   동 아 일 보 사   앞 에   모 여   진 보   단 체 의   불 법 · 폭 력   시 위 를   비 판 했 다 .",
ner-val_000543,True,0,1,1,0.0,0.0,0.0,0,6,0,0.0,0.0,0.0,조 니 뎁   영 화 중   가 장   기 억 에   남 는   로 맨 티 시 즘,
ner-val_000544,False,0,1,0,0.0,0.0,0.0,0,0,0,0.0,0.0,0.0,"사 랑 과   욕 망 이   파 멸 로   치 닫 는 . .   정 말   연 민 이   많 이   가 는   캐 릭 터 ,   강 영 걸 .",list index out of range
ner-val_000545,True,0,1,1,0.0,0.0,0.0,0,10,0,0.0,0.0,0.0,기 억 나 는 건   콜 린   파 렐 의   현 란 한 ( ? )   눈 썹   연 기 . .,
ner-val_000546,True,0,2,3,0.0,0.0,0.0,0,18,0,0.0,0.0,0.0,당 시   6 0 대 의   레 슬 리   닐 슨 의   기 념 비 적 인   코 믹 물 . .   극 장 에 서   배 꼽 잡 고   웃 었 심,
ner-val_000547,False,0,4,0,0.0,0.0,0.0,0,0,0,0.0,0.0,0.0,싸 이 는   1 7 일   항 저 우 에   위 치 한   한   바 에 서   파 티 에   참 석 해   축 하 공 연 을   할   계 획 이 며   이 후   베 이 징 으 로   이 동 한 다 .,list index out of range
ner-val_000548,True,0,1,1,0.0,0.0,0.0,0,6,0,0.0,0.0,0.0,불 현 듯   다 시   생 각 나 는   영 화 . . .   이   영 화 보 고   곽 지 민 님   너 무   좋 아 졌 어 요 . .,
ner-val_000549,True,0,2,2,0.0,0.0,0.0,0,12,0,0.0,0.0,0.0,"볼 때 마 다   감 동 하 고   재 밌 는   영 화 . 미 니 가   식 사 를   대 접   받 을 때 ,   에 이 블 린 이   떠 날 때 . 작 은   희 망 이   피 어 난 다 .",
