id,is_correct,true_label_text,prediction_text,true_label,predicted_label,predicted_label_id,finish_reason,premise,hypothesis,error
klue-nli-v1_dev_00000,False,neutral,contradiction,2,contradiction,1.0,STOP,흡연자분들은 발코니가 있는 방이면 발코니에서 흡연이 가능합니다.,어떤 방에서도 흡연은 금지됩니다.,
klue-nli-v1_dev_00001,False,neutral,contradiction,2,contradiction,1.0,STOP,10명이 함께 사용하기 불편함없이 만족했다.,10명이 함께 사용하기 불편함이 많았다.,
klue-nli-v1_dev_00002,False,contradiction,,1,,,SAFETY,10명이 함께 사용하기 불편함없이 만족했다.,성인 10명이 함께 사용하기 불편함없이 없었다.,
klue-nli-v1_dev_00003,True,entailment,entailment,0,entailment,0.0,STOP,10명이 함께 사용하기 불편함없이 만족했다.,10명이 함께 사용하기에 만족스러웠다.,
klue-nli-v1_dev_00004,True,entailment,entailment,0,entailment,0.0,STOP,10층에 건물사람들만 이용하는 수영장과 썬베드들이 있구요.,건물사람들은 수영장과 썬베드를 이용할 수 있습니다.,
klue-nli-v1_dev_00005,False,neutral,contradiction,2,contradiction,1.0,STOP,10층에 건물사람들만 이용하는 수영장과 썬베드들이 있구요.,수영장과 썬베드는 9층에 있습니다.,
klue-nli-v1_dev_00006,False,contradiction,neutral,1,neutral,2.0,STOP,10층에 건물사람들만 이용하는 수영장과 썬베드들이 있구요.,수영장과 썬베드는 유료입니다.,
klue-nli-v1_dev_00007,False,neutral,contradiction,2,contradiction,1.0,STOP,"11월 5일, 정부가 국무회의에서 통합진보당에 대한 해산심판 청구안을 통과시켰으며, 이애 따라 대한민국 법무부는 즉시 해산 청구서를 제출했다.",법무부가 해산심판 청구안을 통과시킨 후 정부가 해산 청구서를 제출하였다.,
klue-nli-v1_dev_00008,False,contradiction,neutral,1,neutral,2.0,STOP,"11월 5일, 정부가 국무회의에서 통합진보당에 대한 해산심판 청구안을 통과시켰으며, 이애 따라 대한민국 법무부는 즉시 해산 청구서를 제출했다.",법무부가 청구서를 제출한 3일 뒤에 통합진보당은 해산됐다.,
klue-nli-v1_dev_00009,True,entailment,entailment,0,entailment,0.0,STOP,"11월 5일, 정부가 국무회의에서 통합진보당에 대한 해산심판 청구안을 통과시켰으며, 이애 따라 대한민국 법무부는 즉시 해산 청구서를 제출했다.",정부는 통합진보당의 해산에 동의하였다.,
klue-nli-v1_dev_00010,False,contradiction,neutral,1,neutral,2.0,STOP,"14일 발표한 한국판 뉴딜은 디지털과 그린 뉴딜을 양대축으로 10대 과제를 선정해 추진되며, 고용사회망 강화도 함께 이뤄진다.",14일 발표한 한국판 뉴딜은 10년동안 추진된다.,
klue-nli-v1_dev_00011,True,entailment,entailment,0,entailment,0.0,STOP,"14일 발표한 한국판 뉴딜은 디지털과 그린 뉴딜을 양대축으로 10대 과제를 선정해 추진되며, 고용사회망 강화도 함께 이뤄진다.",디지털과 그린 뉴딜은 한국판 뉴딜의 양대축이다.,
klue-nli-v1_dev_00012,False,neutral,contradiction,2,contradiction,1.0,STOP,"14일 발표한 한국판 뉴딜은 디지털과 그린 뉴딜을 양대축으로 10대 과제를 선정해 추진되며, 고용사회망 강화도 함께 이뤄진다.",한국판 뉴딜은 5대 과제가 선정하여 추진된다.,
klue-nli-v1_dev_00013,False,neutral,contradiction,2,contradiction,1.0,STOP,14일 전국에서 제365회 토익 시험이 치러졌다.,제주도는 제 365회 토익 시험을 15일에 치렀다.,
klue-nli-v1_dev_00014,False,contradiction,neutral,1,neutral,2.0,STOP,14일 전국에서 제365회 토익 시험이 치러졌다.,전국에서 동시에 토익 시험이 진행된 것은 이번이 처음이었다.,
klue-nli-v1_dev_00015,True,entailment,entailment,0,entailment,0.0,STOP,14일 전국에서 제365회 토익 시험이 치러졌다.,토익은 시험의 한 종류이다.,
klue-nli-v1_dev_00016,False,neutral,contradiction,2,contradiction,1.0,STOP,1636년 병자호란 당시 남한산성에 피난하게 된 조선 인조는 사방이 청군에 포위되어 고립무원의 처지에 놓인다.,1636년 병자호란 당시 인조는 한양에서 청군에게 포위당해 고립무원의 처지에 놓인다.,
klue-nli-v1_dev_00017,True,entailment,entailment,0,entailment,0.0,STOP,1636년 병자호란 당시 남한산성에 피난하게 된 조선 인조는 사방이 청군에 포위되어 고립무원의 처지에 놓인다.,1636년 병자호란 당시 인조를 남한산성에서 포위한 것은 청군이다.,
klue-nli-v1_dev_00018,False,contradiction,neutral,1,neutral,2.0,STOP,1636년 병자호란 당시 남한산성에 피난하게 된 조선 인조는 사방이 청군에 포위되어 고립무원의 처지에 놓인다.,병자호란은 청군의 기습으로 인해 발생했다.,
klue-nli-v1_dev_00019,False,contradiction,neutral,1,neutral,2.0,STOP,16일 독일 베를린에서 열린 제26회 세계남자핸드볼선수권대회에서 남북 단일팀과 세르비아의 경기가 열렸다.,남자 핸드볼 남북단일팀은 세르비아를 이겼다.,
klue-nli-v1_dev_00020,False,neutral,contradiction,2,contradiction,1.0,STOP,16일 독일 베를린에서 열린 제26회 세계남자핸드볼선수권대회에서 남북 단일팀과 세르비아의 경기가 열렸다.,제26회 세계 남자 핸드볼 선수권 대회에 남과 북은 모두 출전하지 않았다.,
klue-nli-v1_dev_00021,True,entailment,entailment,0,entailment,0.0,STOP,16일 독일 베를린에서 열린 제26회 세계남자핸드볼선수권대회에서 남북 단일팀과 세르비아의 경기가 열렸다.,제26회 세계 남자 핸드볼 선수권 대회에 남과 북은 단일팀으로 출전했다.,
klue-nli-v1_dev_00022,False,entailment,,0,,,SAFETY,"1877년, 파리 살롱에서 그의 출제품들을 모두 거절당하자 매리 카사트는 7년만에 처음으로 파리 살롱에서 작품을 전시하지 못했다.",매리 카사트가 파리 살롱에 그의 작품을 전시하지 못한 것은 1877년이 처음이다.,
klue-nli-v1_dev_00023,False,contradiction,neutral,1,neutral,2.0,STOP,"1877년, 파리 살롱에서 그의 출제품들을 모두 거절당하자 매리 카사트는 7년만에 처음으로 파리 살롱에서 작품을 전시하지 못했다.",매리 카사트는 파리 살롱에 그의 작품을 전시하지 못하게 되자 다른 곳을 찾아보았다.,
klue-nli-v1_dev_00024,False,neutral,contradiction,2,contradiction,1.0,STOP,"1877년, 파리 살롱에서 그의 출제품들을 모두 거절당하자 매리 카사트는 7년만에 처음으로 파리 살롱에서 작품을 전시하지 못했다.",매리 카사트는 1875년에 처음으로 파리 살롱에 그의 작품을 전시했다.,
klue-nli-v1_dev_00025,False,neutral,contradiction,2,contradiction,1.0,STOP,"1880년, 역마차를 타고 뉴멕시코의 로즈버그로 가려 하는 손님들은 잠시 애리조나의 톤토에 멈추게 된다.",1880년에는 역마차가 발명되지 않는다.,
klue-nli-v1_dev_00026,False,contradiction,neutral,1,neutral,2.0,STOP,"1880년, 역마차를 타고 뉴멕시코의 로즈버그로 가려 하는 손님들은 잠시 애리조나의 톤토에 멈추게 된다.",몇몇 손님은 톤토가 로즈버그인줄 알고 그곳에서 완전히 내리게 된다.,
klue-nli-v1_dev_00027,True,entailment,entailment,0,entailment,0.0,STOP,"1880년, 역마차를 타고 뉴멕시코의 로즈버그로 가려 하는 손님들은 잠시 애리조나의 톤토에 멈추게 된다.",손님들은 역마차를 타고 뉴멕시코의 로즈버그로 향하게 된다.,
klue-nli-v1_dev_00028,False,neutral,contradiction,2,contradiction,1.0,STOP,18일 귀국이라 발인도 지켜드리지 못해 더욱 죄송할 따름입니다.,귀국 바로 다음날이라 발인을 지킬 수 있었습니다.,
klue-nli-v1_dev_00029,False,contradiction,entailment,1,entailment,0.0,STOP,18일 귀국이라 발인도 지켜드리지 못해 더욱 죄송할 따름입니다.,18일 한국으로 귀국하였습니다.,
klue-nli-v1_dev_00030,True,entailment,entailment,0,entailment,0.0,STOP,18일 귀국이라 발인도 지켜드리지 못해 더욱 죄송할 따름입니다.,귀국 날짜와 겹쳐 발인을 지키지 못했습니다.,
klue-nli-v1_dev_00031,False,neutral,contradiction,2,contradiction,1.0,STOP,"1934년 7월, 사이토 내각을 이어 출범한 오카다 게이스케 내각은 과격파 청년 장교들의 계속되는 갈등 유발과 점령지 주민들의 계속되는 저항에 부딪쳤다.",1934년 7월 오카다 게이스케 내각을 이어 사이토 내각이 출범했다.,
klue-nli-v1_dev_00032,True,contradiction,contradiction,1,contradiction,1.0,STOP,"1934년 7월, 사이토 내각을 이어 출범한 오카다 게이스케 내각은 과격파 청년 장교들의 계속되는 갈등 유발과 점령지 주민들의 계속되는 저항에 부딪쳤다.",오카다 게이스케 내각은 청년 장교들의 갈등을 해결했다.,
klue-nli-v1_dev_00033,True,entailment,entailment,0,entailment,0.0,STOP,"1934년 7월, 사이토 내각을 이어 출범한 오카다 게이스케 내각은 과격파 청년 장교들의 계속되는 갈등 유발과 점령지 주민들의 계속되는 저항에 부딪쳤다.",오카다 게이스케 내각은 주민들의 저항에 부딪쳤다.,
klue-nli-v1_dev_00034,False,neutral,contradiction,2,contradiction,1.0,STOP,"1941년 4월 16일, 보울리와 메세네는 영국 하이위컴에 있는 렉스 극장에서 공연을 마쳤다.",렉스는 미국에 있는 극장이다.,
klue-nli-v1_dev_00035,False,contradiction,neutral,1,neutral,2.0,STOP,"1941년 4월 16일, 보울리와 메세네는 영국 하이위컴에 있는 렉스 극장에서 공연을 마쳤다.",1941년 4월 16일은 월요일이다.,
klue-nli-v1_dev_00036,True,entailment,entailment,0,entailment,0.0,STOP,"1941년 4월 16일, 보울리와 메세네는 영국 하이위컴에 있는 렉스 극장에서 공연을 마쳤다.",보울리와 메세네는 극장에서 공연을 했다.,
klue-nli-v1_dev_00037,False,neutral,contradiction,2,contradiction,1.0,STOP,"1959년 11월 1일, 후투족의 부족장이었던 도미니크 음보뉴무트와가 키갈리에서 친 투치 정당의 지지자들에 의해 공격을 당했다.",도미니크 음보뉴무트와는 부족장이 아니었다.,
klue-nli-v1_dev_00038,False,contradiction,neutral,1,neutral,2.0,STOP,"1959년 11월 1일, 후투족의 부족장이었던 도미니크 음보뉴무트와가 키갈리에서 친 투치 정당의 지지자들에 의해 공격을 당했다.",후투족의 부족장은 공격을 당하고 후퇴했다.,
klue-nli-v1_dev_00039,True,entailment,entailment,0,entailment,0.0,STOP,"1959년 11월 1일, 후투족의 부족장이었던 도미니크 음보뉴무트와가 키갈리에서 친 투치 정당의 지지자들에 의해 공격을 당했다.",도미니크 음보뉴무트와는 공격을 당했다.,
klue-nli-v1_dev_00040,False,contradiction,neutral,1,neutral,2.0,STOP,1997년 현대 유니콘스는 선수층 빈약함이 여실히 드러나게 되어 정규 시즌 6위를 기록한다.,2000년대에 들어서면서 선수층의 빈약함이 줄어든다.,
klue-nli-v1_dev_00041,True,entailment,entailment,0,entailment,0.0,STOP,1997년 현대 유니콘스는 선수층 빈약함이 여실히 드러나게 되어 정규 시즌 6위를 기록한다.,1997년의 현대 유니콘스의 선수층은 빈약하다.,
klue-nli-v1_dev_00042,False,neutral,contradiction,2,contradiction,1.0,STOP,1997년 현대 유니콘스는 선수층 빈약함이 여실히 드러나게 되어 정규 시즌 6위를 기록한다.,현대 유니콘스는 1997년 정규 시즌 순위에 들지 못한다.,
klue-nli-v1_dev_00043,False,neutral,contradiction,2,contradiction,1.0,STOP,1999에 나온 애니 타잔 을 다시 봤다,애니 타잔은 처음 개봉되었을때 딱 한 번 봤다.,
klue-nli-v1_dev_00044,False,contradiction,neutral,1,neutral,2.0,STOP,1999에 나온 애니 타잔 을 다시 봤다,최근 개봉한 타잔과 1999년 타잔은 내용이 살짝 다르다.,
klue-nli-v1_dev_00045,True,entailment,entailment,0,entailment,0.0,STOP,1999에 나온 애니 타잔 을 다시 봤다,1999년에 나온 것은 애니 타잔이었다.,
klue-nli-v1_dev_00046,False,neutral,contradiction,2,contradiction,1.0,STOP,"1개 병실 구축하는데 1억씩이나 드는 병실인데, 우리나라에는 2019년 기준 535개 운영하고 있다.",우리나라에는 2019년 기준 143개 운영하고 있다.,
klue-nli-v1_dev_00047,False,contradiction,neutral,1,neutral,2.0,STOP,"1개 병실 구축하는데 1억씩이나 드는 병실인데, 우리나라에는 2019년 기준 535개 운영하고 있다.",우리나라는 100개의 병실을 추가 구축할 계획이다.,
klue-nli-v1_dev_00048,True,entailment,entailment,0,entailment,0.0,STOP,"1개 병실 구축하는데 1억씩이나 드는 병실인데, 우리나라에는 2019년 기준 535개 운영하고 있다.",병실 구축 비용은 1억이다.,
klue-nli-v1_dev_00049,False,neutral,contradiction,2,contradiction,1.0,STOP,1기는 한국에 정식으로 방영되지 않았으며 학생회 임원들이 이번에 정식 방영하는 것은 처음이다.,1기는 한국에 정식으로 방영되었다.,
klue-nli-v1_dev_00050,False,contradiction,neutral,1,neutral,2.0,STOP,1기는 한국에 정식으로 방영되지 않았으며 학생회 임원들이 이번에 정식 방영하는 것은 처음이다.,일본에서는 1기가 정식 방영되었다.,
klue-nli-v1_dev_00051,True,entailment,entailment,0,entailment,0.0,STOP,1기는 한국에 정식으로 방영되지 않았으며 학생회 임원들이 이번에 정식 방영하는 것은 처음이다.,학생회 임원들이 이번에 정식 방영한다.,
klue-nli-v1_dev_00052,False,neutral,contradiction,2,contradiction,1.0,STOP,1주택을 소유한 1세대가 다른 1주택을 추가로 취득한 경우 종전 주택을 일정 기간 내에 처분할 경우에 신규 주택은 1주택 세율을 적용받게 된다.,1주택을 소유한 1세대가 다른 1주택을 추가로 취득한 경우 종전 주택을 일정 기간 내에 처분할 경우에 신규 주택은 2주택 세율을 적용받게 된다.,
klue-nli-v1_dev_00053,True,entailment,entailment,0,entailment,0.0,STOP,1주택을 소유한 1세대가 다른 1주택을 추가로 취득한 경우 종전 주택을 일정 기간 내에 처분할 경우에 신규 주택은 1주택 세율을 적용받게 된다.,1주택을 보유한 1세대가 다른 1주택을 추가로 취득한 경우 기존 주택을 일정 기간 내에 처분할 경우에 신규 주택은 1주택 세율을 적용받게 된다.,
klue-nli-v1_dev_00054,False,contradiction,,1,,,SAFETY,1주택을 소유한 1세대가 다른 1주택을 추가로 취득한 경우 종전 주택을 일정 기간 내에 처분할 경우에 신규 주택은 1주택 세율을 적용받게 된다.,1주택을 소유한 1세대가 다른 1주택을 추가로 취득한 경우 종전 주택을 일정 기간 내에 처분할 경우에만 신규 주택은 1주택 세율을 적용받게 된다.,
klue-nli-v1_dev_00055,False,neutral,contradiction,2,contradiction,1.0,STOP,1층 식당때문에 저녁에는 시끄럽습니다.,저녁에 시끄럽진 않습니다.,
klue-nli-v1_dev_00056,False,contradiction,neutral,1,neutral,2.0,STOP,1층 식당때문에 저녁에는 시끄럽습니다.,2층에도 식당이 있습니다.,
klue-nli-v1_dev_00057,True,entailment,entailment,0,entailment,0.0,STOP,1층 식당때문에 저녁에는 시끄럽습니다.,1층에 식당이 있습니다.,
klue-nli-v1_dev_00058,False,neutral,contradiction,2,contradiction,1.0,STOP,1회 구매시 평균 결제 금액이 가장 낮은 곳은 랄라블라로 1만802원이었다.,1회 구매시 평균 결제 금액이 가장 높은 곳은 랄라블라였다.,
klue-nli-v1_dev_00059,False,contradiction,neutral,1,neutral,2.0,STOP,1회 구매시 평균 결제 금액이 가장 낮은 곳은 랄라블라로 1만802원이었다.,2회 구매시 평균 결제 금액이 가장 높은 곳은 올리브영이었다.,
klue-nli-v1_dev_00060,True,entailment,entailment,0,entailment,0.0,STOP,1회 구매시 평균 결제 금액이 가장 낮은 곳은 랄라블라로 1만802원이었다.,랄라블라의 1회 평균 결제 금액은 1만 802원이었다.,
klue-nli-v1_dev_00061,False,neutral,contradiction,2,contradiction,1.0,STOP,2001년 뤼스티제는 자신의 나이가 75세가 되자 교회법의 규정에 따라 파리 대교구장의 자리에서 물러나겠다는 사직서를 교황 요한 바오로 2세에게 전하였다.,교회에는 법이 존재하지 않는다.,
klue-nli-v1_dev_00062,False,contradiction,neutral,1,neutral,2.0,STOP,2001년 뤼스티제는 자신의 나이가 75세가 되자 교회법의 규정에 따라 파리 대교구장의 자리에서 물러나겠다는 사직서를 교황 요한 바오로 2세에게 전하였다.,요한 바오로 2세가 파리 대교구장이 되었다.,
klue-nli-v1_dev_00063,True,entailment,entailment,0,entailment,0.0,STOP,2001년 뤼스티제는 자신의 나이가 75세가 되자 교회법의 규정에 따라 파리 대교구장의 자리에서 물러나겠다는 사직서를 교황 요한 바오로 2세에게 전하였다.,뤼스티제는 2001년 75세가 되었다.,
klue-nli-v1_dev_00064,False,neutral,contradiction,2,contradiction,1.0,STOP,2003년 변정수 씨가 교통사고로 죽었다는 이야기가 돌았지만 사실무근이었다.,2003년 변정수 씨가 교통사고로 죽었다.,
klue-nli-v1_dev_00065,True,entailment,entailment,0,entailment,0.0,STOP,2003년 변정수 씨가 교통사고로 죽었다는 이야기가 돌았지만 사실무근이었다.,2003년 변정수 씨가 교통사고 죽었다는 이야기는 거짓이었다.,
klue-nli-v1_dev_00066,False,contradiction,,1,,,SAFETY,2003년 변정수 씨가 교통사고로 죽었다는 이야기가 돌았지만 사실무근이었다.,변정수 씨는 자신이 건재함을 방송을 통해 알렸다.,
klue-nli-v1_dev_00067,False,neutral,contradiction,2,contradiction,1.0,STOP,"2012년 도입 이후 올해로 4회를 맞은 한국관광 100선은 직전 100선 평가, 지자체 추천, 빅데이터 분석 등을 통해 예비 후보 발굴로 시작한다.",한국관광 100선은 2011년에 도입되었다.,
klue-nli-v1_dev_00068,False,contradiction,neutral,1,neutral,2.0,STOP,"2012년 도입 이후 올해로 4회를 맞은 한국관광 100선은 직전 100선 평가, 지자체 추천, 빅데이터 분석 등을 통해 예비 후보 발굴로 시작한다.",한국관광 100선은 지자체 추천에 가장 영향을 많이 받는다.,
klue-nli-v1_dev_00069,True,entailment,entailment,0,entailment,0.0,STOP,"2012년 도입 이후 올해로 4회를 맞은 한국관광 100선은 직전 100선 평가, 지자체 추천, 빅데이터 분석 등을 통해 예비 후보 발굴로 시작한다.",예비 후보를 발굴한 후 한국 관광 100선을 선정한다.,
klue-nli-v1_dev_00070,False,neutral,contradiction,2,contradiction,1.0,STOP,2013년 12월 31일까지 010으로 번호변경을 하지 않으면 2014년 1월1일 0시 이후에 발신기능이 정지된다.,2013년 12월 31일까지 010으로 번호변경을 하지 않으면 그 후로는 발신기능만 가능하다.,
klue-nli-v1_dev_00071,False,contradiction,neutral,1,neutral,2.0,STOP,2013년 12월 31일까지 010으로 번호변경을 하지 않으면 2014년 1월1일 0시 이후에 발신기능이 정지된다.,2013년 12월 31일까지 010으로 번호변경을 하지 않아도 수신기능은 가능하다.,
klue-nli-v1_dev_00072,False,entailment,,0,,,SAFETY,2013년 12월 31일까지 010으로 번호변경을 하지 않으면 2014년 1월1일 0시 이후에 발신기능이 정지된다.,2014년 1월1일 0시 이후에는 010으로만 발신 가능하다.,
klue-nli-v1_dev_00073,False,neutral,,2,,,SAFETY,"2013년 1월 15일, 대한민국 제18대 대통령직 인수위원회는 서울특별시 삼청동에 위치한 기자회견장에서 18대 정부의 정부조직 개편안을 발표하였다.",18대 정부의 정부조직 개편안은 청와대에서 발표하였다.,
klue-nli-v1_dev_00074,False,contradiction,neutral,1,neutral,2.0,STOP,"2013년 1월 15일, 대한민국 제18대 대통령직 인수위원회는 서울특별시 삼청동에 위치한 기자회견장에서 18대 정부의 정부조직 개편안을 발표하였다.",18대 정부의 정부조직은 17대 정부에 비해 확대되었다.,
klue-nli-v1_dev_00075,True,entailment,entailment,0,entailment,0.0,STOP,"2013년 1월 15일, 대한민국 제18대 대통령직 인수위원회는 서울특별시 삼청동에 위치한 기자회견장에서 18대 정부의 정부조직 개편안을 발표하였다.",18대 정부의 정부조직 개편안은 제18대 대통령직 인수위원회에 의해 발표되었다.,
klue-nli-v1_dev_00076,False,neutral,contradiction,2,contradiction,1.0,STOP,2015년 10월 임관해 사건 당시 대위였던 손씨는 수개월 뒤인 2018년 7월에 전역할 예정이었다.,손씨는 2020년에 5월에 전역할 예정이었다.,
klue-nli-v1_dev_00077,False,contradiction,neutral,1,neutral,2.0,STOP,2015년 10월 임관해 사건 당시 대위였던 손씨는 수개월 뒤인 2018년 7월에 전역할 예정이었다.,손씨는 2018년 7월에 예정대로 전역했다.,
klue-nli-v1_dev_00078,True,entailment,entailment,0,entailment,0.0,STOP,2015년 10월 임관해 사건 당시 대위였던 손씨는 수개월 뒤인 2018년 7월에 전역할 예정이었다.,손씨는 2015년 10월에 임관했다.,
klue-nli-v1_dev_00079,False,contradiction,neutral,1,neutral,2.0,STOP,"2019년 일출 시간은 7시 44분이며, 보성군 해맞이 행사장은 다음과 같다.",2019년 일몰 시간은 19시44분이다.,
klue-nli-v1_dev_00080,True,entailment,entailment,0,entailment,0.0,STOP,"2019년 일출 시간은 7시 44분이며, 보성군 해맞이 행사장은 다음과 같다.",2019년 해가 뜨는 시간은 7시 44분이다.,
klue-nli-v1_dev_00081,False,neutral,contradiction,2,contradiction,1.0,STOP,"2019년 일출 시간은 7시 44분이며, 보성군 해맞이 행사장은 다음과 같다.",2019년 일출 시간은 6시 44분이다.,
klue-nli-v1_dev_00082,False,neutral,contradiction,2,contradiction,1.0,STOP,2025년까지 160조원을 투입해 미래형 산업 중심으로 190만개 일자리를 만들겠다는 구상이다.,2025년까지 300조원을 토자해 190만개 일자리를 창출하겠다는 구상이다.,
klue-nli-v1_dev_00083,False,contradiction,neutral,1,neutral,2.0,STOP,2025년까지 160조원을 투입해 미래형 산업 중심으로 190만개 일자리를 만들겠다는 구상이다.,미래형 산업 중심으로 서울에 190만개 일자리를 만들겠다는 구상이다.,
klue-nli-v1_dev_00084,True,entailment,entailment,0,entailment,0.0,STOP,2025년까지 160조원을 투입해 미래형 산업 중심으로 190만개 일자리를 만들겠다는 구상이다.,190만개의 일자리를 미래형 산업 중심으로 창출하겠다는 구상이다.,
klue-nli-v1_dev_00085,False,neutral,,2,,,SAFETY,"20일 새벽 0시 39분 경, 미국 콜로라도 주 오로라에 위치한 센추리 16 영화관에서 총기 난사로 12명이 사망하고, 58명이 부상을 당하는 일이 발생하였다.","20일 새벽 0시 39분 경, 미국 콜로라도 주 오로라에 위치한 센추리 6 영화관에서 총기 난사로 70명의 사상자가 발생하였다.",
klue-nli-v1_dev_00086,False,contradiction,neutral,1,neutral,2.0,STOP,"20일 새벽 0시 39분 경, 미국 콜로라도 주 오로라에 위치한 센추리 16 영화관에서 총기 난사로 12명이 사망하고, 58명이 부상을 당하는 일이 발생하였다.","20일 새벽 0시 39분 경, 미국 콜로라도 주 오로라에 위치한 센추리 16 영화관에서 총기 난사는 미리 계획된 계획범죄였다.",
klue-nli-v1_dev_00087,True,entailment,entailment,0,entailment,0.0,STOP,"20일 새벽 0시 39분 경, 미국 콜로라도 주 오로라에 위치한 센추리 16 영화관에서 총기 난사로 12명이 사망하고, 58명이 부상을 당하는 일이 발생하였다.","20일 새벽 0시 39분 경, 미국 콜로라도 주 오로라에 위치한 센추리 16 영화관에서 총기 난사로 70명의 사상자가 발생하였다.",
klue-nli-v1_dev_00088,False,neutral,contradiction,2,contradiction,1.0,STOP,20일 서울 강남구 팁스타운에서 스마트대한민국펀드 출범식이 개최됐다.,스마트대한민국펀드 출범식은 19일에 개최됐다.,
klue-nli-v1_dev_00089,False,contradiction,neutral,1,neutral,2.0,STOP,20일 서울 강남구 팁스타운에서 스마트대한민국펀드 출범식이 개최됐다.,팁스타운은 신사동에 위치해있다.,
klue-nli-v1_dev_00090,True,entailment,entailment,0,entailment,0.0,STOP,20일 서울 강남구 팁스타운에서 스마트대한민국펀드 출범식이 개최됐다.,팁스타운은 서울 강남구에 위치해있다.,
klue-nli-v1_dev_00091,False,neutral,,2,,,SAFETY,21세기에 70년대 수준의 스토리텔링이라니요.,70년대에 21세기 수준의 스토리텔링이라니요.,
klue-nli-v1_dev_00092,False,contradiction,entailment,1,entailment,0.0,STOP,21세기에 70년대 수준의 스토리텔링이라니요.,21세기에는 21세기 수준의 스토리텔링이어야 해요.,
klue-nli-v1_dev_00093,True,entailment,entailment,0,entailment,0.0,STOP,21세기에 70년대 수준의 스토리텔링이라니요.,스토리텔링이 70년대 수준이라니요.,
klue-nli-v1_dev_00094,False,neutral,contradiction,2,contradiction,1.0,STOP,24인치 캐리어 두개로 이미 여유공간은 없었다.,여유공간은 충분했다.,
klue-nli-v1_dev_00095,False,contradiction,,1,,,SAFETY,24인치 캐리어 두개로 이미 여유공간은 없었다.,그래서 캐리어를 세개 사용했다.,
klue-nli-v1_dev_00096,True,entailment,entailment,0,entailment,0.0,STOP,24인치 캐리어 두개로 이미 여유공간은 없었다.,캐리어의 크기는 24인치였다.,
klue-nli-v1_dev_00097,False,contradiction,neutral,1,neutral,2.0,STOP,"25년 이상 노동당 작전부장을 맡아왔던 오극렬이 국방위원회 부위원장에 임명된 직후, 작전부가 국방위원회 산하 정찰총국으로 통폐합됐다는 것입니다.",오극렬은 대통령으로부터 국방위원회 부위원장으로 임명받았습니다.,
klue-nli-v1_dev_00098,True,entailment,entailment,0,entailment,0.0,STOP,"25년 이상 노동당 작전부장을 맡아왔던 오극렬이 국방위원회 부위원장에 임명된 직후, 작전부가 국방위원회 산하 정찰총국으로 통폐합됐다는 것입니다.",오극렬은 국방위원회 부위원장이 되기 전 노동당에서 작전부장으로 있었습니다.,
klue-nli-v1_dev_00099,False,neutral,contradiction,2,contradiction,1.0,STOP,"25년 이상 노동당 작전부장을 맡아왔던 오극렬이 국방위원회 부위원장에 임명된 직후, 작전부가 국방위원회 산하 정찰총국으로 통폐합됐다는 것입니다.",오극렬이 국방위원회에 오기 전 작전부가 국방위원회 산하 기구로 통폐합되었습니다.,
klue-nli-v1_dev_00100,False,contradiction,neutral,1,neutral,2.0,STOP,2600억원 규모 무역보증을 운영하고 디지털 기술과의 접목 등 새로운 정책도 도입한다.,새로운 정책의 도입으로 글로벌 시장으로의 도약을 꿈꾼다.,
klue-nli-v1_dev_00101,False,neutral,contradiction,2,contradiction,1.0,STOP,2600억원 규모 무역보증을 운영하고 디지털 기술과의 접목 등 새로운 정책도 도입한다.,무역보증의 규모는 500억 원이다.,
klue-nli-v1_dev_00102,True,entailment,entailment,0,entailment,0.0,STOP,2600억원 규모 무역보증을 운영하고 디지털 기술과의 접목 등 새로운 정책도 도입한다.,새로운 정책을 도입할 것이다.,
klue-nli-v1_dev_00103,False,contradiction,neutral,1,neutral,2.0,STOP,26일 금융감독원 전자공시시스템에 따르면 네이버는 자회사 스노우의 유상증자에 참여하는 방식으로 800억원을 출자한다고 전날 공시했다.,네이버의 자회사 스노우는 IT계열 회사이다.,
klue-nli-v1_dev_00104,False,neutral,,2,,,SAFETY,26일 금융감독원 전자공시시스템에 따르면 네이버는 자회사 스노우의 유상증자에 참여하는 방식으로 800억원을 출자한다고 전날 공시했다.,25일 금융감독원 전자공시시스템에 따르면 네이버는 자회사 스노우의 유상증자에 참여하는 방식으로 1000억원을 출자한다고 전날 공시했다.,
klue-nli-v1_dev_00105,True,entailment,entailment,0,entailment,0.0,STOP,26일 금융감독원 전자공시시스템에 따르면 네이버는 자회사 스노우의 유상증자에 참여하는 방식으로 800억원을 출자한다고 전날 공시했다.,스노우는 네이버의 자회사이다.,
klue-nli-v1_dev_00106,False,contradiction,neutral,1,neutral,2.0,STOP,29일 산다라박은 한짝씩 색이 다른 운동화를 신고 있는 사진을 올리기도 했다.,28일에 산다라박은 양쪽이 색이 다른 운동화을 신었다.,
klue-nli-v1_dev_00107,False,neutral,contradiction,2,contradiction,1.0,STOP,29일 산다라박은 한짝씩 색이 다른 운동화를 신고 있는 사진을 올리기도 했다.,산다라박은 색이 똑같은 신발을 신고 있는 사진을 올렸다.,
klue-nli-v1_dev_00108,True,entailment,entailment,0,entailment,0.0,STOP,29일 산다라박은 한짝씩 색이 다른 운동화를 신고 있는 사진을 올리기도 했다.,산다라박은 짝짝이 색깔 운동화를 신었다.,
klue-nli-v1_dev_00109,False,neutral,contradiction,2,contradiction,1.0,STOP,2년 후인 2015년 6월 첫딸을 출산했다.,2015년 6월 첫 아들을 출산했다.,
klue-nli-v1_dev_00110,False,contradiction,neutral,1,neutral,2.0,STOP,2년 후인 2015년 6월 첫딸을 출산했다.,2015년 6월이 첫 출산이다.,
klue-nli-v1_dev_00111,True,entailment,entailment,0,entailment,0.0,STOP,2년 후인 2015년 6월 첫딸을 출산했다.,2015년 6월 장녀를 출산했다.,
klue-nli-v1_dev_00112,False,neutral,contradiction,2,contradiction,1.0,STOP,2명이서 지낼 수 있는 적절한 크기였습니다.,2명이서 지내기에는 숙소가 너무 협소했습니다.,
klue-nli-v1_dev_00113,False,contradiction,entailment,1,entailment,0.0,STOP,2명이서 지낼 수 있는 적절한 크기였습니다.,성인 여성 2명이서 지내기 적절한 크기였습니다.,
klue-nli-v1_dev_00114,True,entailment,entailment,0,entailment,0.0,STOP,2명이서 지낼 수 있는 적절한 크기였습니다.,2명이서 지내기에 크기가 적절했습니다.,
klue-nli-v1_dev_00115,False,neutral,contradiction,2,contradiction,1.0,STOP,2박3일 동안 하루는 온수가 안나왔어요.,2박 3일동안 항상 온수가 잘 나왔습니다.,
klue-nli-v1_dev_00116,False,contradiction,neutral,1,neutral,2.0,STOP,2박3일 동안 하루는 온수가 안나왔어요.,2박 3일동안 냉수도 나오지 않았습니다.,
klue-nli-v1_dev_00117,True,entailment,entailment,0,entailment,0.0,STOP,2박3일 동안 하루는 온수가 안나왔어요.,2박 3일 중에 하루는 온수가 나오지 않았습니다.,
klue-nli-v1_dev_00118,False,neutral,contradiction,2,contradiction,1.0,STOP,2부는 화려한 수식어가 필요 없는 뮤지컬 갈라 콘서트로 꾸려진다.,2부가 무엇으로 꾸려질지 아직 모른다.,
klue-nli-v1_dev_00119,False,contradiction,neutral,1,neutral,2.0,STOP,2부는 화려한 수식어가 필요 없는 뮤지컬 갈라 콘서트로 꾸려진다.,1부는 지역유지의 논설로 꾸려졌다.,
klue-nli-v1_dev_00120,True,entailment,entailment,0,entailment,0.0,STOP,2부는 화려한 수식어가 필요 없는 뮤지컬 갈라 콘서트로 꾸려진다.,2부는 뮤지컬 갈라 콘서트로 꾸려진다.,
klue-nli-v1_dev_00121,False,neutral,contradiction,2,contradiction,1.0,STOP,30대 초반의 소설가로 성공한 심양자에게 어느 날 어릴 적 친구인 경순한테서 20여 년 만에 전화가 온다.,경순은 심양자가 30대 초반에 알게된 친구이다.,
klue-nli-v1_dev_00122,False,contradiction,,1,,,SAFETY,30대 초반의 소설가로 성공한 심양자에게 어느 날 어릴 적 친구인 경순한테서 20여 년 만에 전화가 온다.,심양자는 30대 초반에 소설가가 되었다.,
klue-nli-v1_dev_00123,True,entailment,entailment,0,entailment,0.0,STOP,30대 초반의 소설가로 성공한 심양자에게 어느 날 어릴 적 친구인 경순한테서 20여 년 만에 전화가 온다.,심양자와 경순은 20여년 전에 아는 사이였다.,
klue-nli-v1_dev_00124,False,neutral,contradiction,2,contradiction,1.0,STOP,30여개의 각 군 무기 체계와 상호 연동해 통신망을 구축할 수 있게 된 것도 특징이다.,단 한 개의 군 무기 체계와 상호 연동할 수 있다.,
klue-nli-v1_dev_00125,True,entailment,entailment,0,entailment,0.0,STOP,30여개의 각 군 무기 체계와 상호 연동해 통신망을 구축할 수 있게 된 것도 특징이다.,통신망을 30여개의 각 군 무기 체계와 상호 연동해 구축할 수 있다.,
klue-nli-v1_dev_00126,False,contradiction,neutral,1,neutral,2.0,STOP,30여개의 각 군 무기 체계와 상호 연동해 통신망을 구축할 수 있게 된 것도 특징이다.,30여개의 각 군 무기 체계와 상호 연동하지 않으면 통신망을 구축할 수 없다.,
klue-nli-v1_dev_00127,False,neutral,contradiction,2,contradiction,1.0,STOP,30일 김부선 씨는 페이스북에 강용석 변호사에 대한 글을 게재했다.,김부선 씨가 강용석 변호사에 대한 글을 게재한 것은 한 방송사 홈페이지다.,
klue-nli-v1_dev_00128,False,contradiction,neutral,1,neutral,2.0,STOP,30일 김부선 씨는 페이스북에 강용석 변호사에 대한 글을 게재했다.,김부선 씨는 강용석 변호사의 치부에 대한 글을 게재했다.,
klue-nli-v1_dev_00129,True,entailment,entailment,0,entailment,0.0,STOP,30일 김부선 씨는 페이스북에 강용석 변호사에 대한 글을 게재했다.,김부선 씨가 30일 강용석 변호사에 대한 글을 페이스북에 게재했다.,
klue-nli-v1_dev_00130,False,neutral,contradiction,2,contradiction,1.0,STOP,3138번으로 들어가서 가운데 집입니다.,3138번으로 들어간 뒤 왼쪽 가장자리에 있는 집입니다.,
klue-nli-v1_dev_00131,False,contradiction,neutral,1,neutral,2.0,STOP,3138번으로 들어가서 가운데 집입니다.,3138번으로 들어가면 5개의 집이 보입니다.,
klue-nli-v1_dev_00132,True,entailment,entailment,0,entailment,0.0,STOP,3138번으로 들어가서 가운데 집입니다.,3138번으로 들어간 뒤 중간에 있는 집입니다.,
klue-nli-v1_dev_00133,False,contradiction,,1,,,SAFETY,"3명이 시작해서 현재 연구원은 5명, 인턴은 3명으로 구성돼 있습니다.",현재 연구원 중 3명은 원년멤버입니다.,
klue-nli-v1_dev_00134,True,entailment,entailment,0,entailment,0.0,STOP,"3명이 시작해서 현재 연구원은 5명, 인턴은 3명으로 구성돼 있습니다.",현재 연구원과 인턴은 총합 8명입니다.,
klue-nli-v1_dev_00135,False,neutral,contradiction,2,contradiction,1.0,STOP,"3명이 시작해서 현재 연구원은 5명, 인턴은 3명으로 구성돼 있습니다.",현재 총 인원은 3명입니다.,
klue-nli-v1_dev_00136,False,neutral,contradiction,2,contradiction,1.0,STOP,3층건물에 사진보다 훨씬좋은공간이였습니다.,3층건물에 사진보다 좋지 않은 공간이었습니다.,
klue-nli-v1_dev_00137,False,contradiction,neutral,1,neutral,2.0,STOP,3층건물에 사진보다 훨씬좋은공간이였습니다.,3층건물에 사진보다 훨씬 넓은 공간이었습니다.,
klue-nli-v1_dev_00138,True,entailment,entailment,0,entailment,0.0,STOP,3층건물에 사진보다 훨씬좋은공간이였습니다.,3층건물에 사진보다 더 좋은 공간이였습니다.,
klue-nli-v1_dev_00139,False,neutral,entailment,2,entailment,0.0,STOP,40여 년 동안 샐러리맨으로서 일에 충실했던 스나다 도모아키는 정년퇴임을 앞두고 위암 5기 판정을 받는다.,스나다 도모아키는 20년동안 샐러리맨으로 일했다.,
klue-nli-v1_dev_00140,True,entailment,entailment,0,entailment,0.0,STOP,40여 년 동안 샐러리맨으로서 일에 충실했던 스나다 도모아키는 정년퇴임을 앞두고 위암 5기 판정을 받는다.,정년퇴임을 앞둔 스나다 도모아키는 위암 5기이다.,
klue-nli-v1_dev_00141,False,contradiction,neutral,1,neutral,2.0,STOP,40여 년 동안 샐러리맨으로서 일에 충실했던 스나다 도모아키는 정년퇴임을 앞두고 위암 5기 판정을 받는다.,스나다 도모아키는 도요타에서 일했다.,
klue-nli-v1_dev_00142,False,neutral,contradiction,2,contradiction,1.0,STOP,"45만 명이 부상당했고, 2만5천 명이 실종되었습니다.",부상자는 집계되지 않았습니다.,
klue-nli-v1_dev_00143,False,contradiction,neutral,1,neutral,2.0,STOP,"45만 명이 부상당했고, 2만5천 명이 실종되었습니다.",사망자는 3천 명입니다.,
klue-nli-v1_dev_00144,True,entailment,entailment,0,entailment,0.0,STOP,"45만 명이 부상당했고, 2만5천 명이 실종되었습니다.","실종자는 2만5천 명, 부상자는 45만 명입니다.",
klue-nli-v1_dev_00145,False,neutral,contradiction,2,contradiction,1.0,STOP,4명이상 숙식할수있는 코지한 아파트였읍니다.,2명까지만 숙식 가능한 아파트입니다.,
klue-nli-v1_dev_00146,False,entailment,,0,,,SAFETY,4명이상 숙식할수있는 코지한 아파트였읍니다.,4명이상 숙식할 수 있는 아파트입니다.,
klue-nli-v1_dev_00147,False,contradiction,neutral,1,neutral,2.0,STOP,4명이상 숙식할수있는 코지한 아파트였읍니다.,아파트에 방이 두개입니다.,
klue-nli-v1_dev_00148,False,neutral,,2,,,SAFETY,"4월26일 새벽 4시 반부터 2시간여 동안, 주한 미군은 사드의 핵심 장비를 경북 성주 골프장에 반입하였다.",4월 26일 새벽 4시 반부터 주한 미군은 사드의 핵심 장비를 전부 경북 경주 한 골프장에 반입하였다.,
klue-nli-v1_dev_00149,False,contradiction,neutral,1,neutral,2.0,STOP,"4월26일 새벽 4시 반부터 2시간여 동안, 주한 미군은 사드의 핵심 장비를 경북 성주 골프장에 반입하였다.",4월 26일은 최초로 사드가 한국에 반입된 날이다.,
klue-nli-v1_dev_00150,True,entailment,entailment,0,entailment,0.0,STOP,"4월26일 새벽 4시 반부터 2시간여 동안, 주한 미군은 사드의 핵심 장비를 경북 성주 골프장에 반입하였다.","4월 26일 새벽 4시 반부터 약 새벽 6시 반까지, 주한 미군은 사드의 핵심 장비를 경북 성주 골프장에 반입하였다.",
klue-nli-v1_dev_00151,False,neutral,contradiction,2,contradiction,1.0,STOP,4차산업혁명의 시대는 우리의 시대입니다.,우리의 시대는 3차 산업혁명의 시대입니다.,
klue-nli-v1_dev_00152,False,contradiction,neutral,1,neutral,2.0,STOP,4차산업혁명의 시대는 우리의 시대입니다.,5차 산업혁명의 시대도 우리의 시대입니다.,
klue-nli-v1_dev_00153,True,entailment,entailment,0,entailment,0.0,STOP,4차산업혁명의 시대는 우리의 시대입니다.,우리의 시대에 4차산업혁명이 진행되고 있습니다.,
klue-nli-v1_dev_00154,False,contradiction,neutral,1,neutral,2.0,STOP,50년대 이탈리아 상류층 아파트 느낌이었어요.,50년대 이탈리아 상류층은 모두 아파트에서 살았어요.,
klue-nli-v1_dev_00155,True,entailment,entailment,0,entailment,0.0,STOP,50년대 이탈리아 상류층 아파트 느낌이었어요.,50년대에 이탈리아에 아파트가 있었어요.,
klue-nli-v1_dev_00156,False,neutral,contradiction,2,contradiction,1.0,STOP,50년대 이탈리아 상류층 아파트 느낌이었어요.,어느 시대든 하류층이 이용할 아파트 느낌이었어요.,
klue-nli-v1_dev_00157,False,neutral,contradiction,2,contradiction,1.0,STOP,52만명의 구독자를 지닌 동물 유튜버 갑수목장이 구독자 수를 비공개하고 업로드한 동영상을 모두 내렸다.,갑수목장이 구독자 수를 공개하고 동영상을 계속 업로드했다.,
klue-nli-v1_dev_00158,False,contradiction,neutral,1,neutral,2.0,STOP,52만명의 구독자를 지닌 동물 유튜버 갑수목장이 구독자 수를 비공개하고 업로드한 동영상을 모두 내렸다.,갑수목장은 취근 구독자 수가 급격히 줄었다.,
klue-nli-v1_dev_00159,True,entailment,entailment,0,entailment,0.0,STOP,52만명의 구독자를 지닌 동물 유튜버 갑수목장이 구독자 수를 비공개하고 업로드한 동영상을 모두 내렸다.,갑수목장은 52만명의 구독자를 지닌 동물 유튜버이다.,
klue-nli-v1_dev_00160,False,neutral,contradiction,2,contradiction,1.0,STOP,"5개 운동부의 경기가 열리기 전인 12일에는 양교 합동 방송제, 13일에는 양교 합동 응원오리엔테이션이 함께 진행된다.",양교 합동 방송제는 17에 열린다.,
klue-nli-v1_dev_00161,False,contradiction,neutral,1,neutral,2.0,STOP,"5개 운동부의 경기가 열리기 전인 12일에는 양교 합동 방송제, 13일에는 양교 합동 응원오리엔테이션이 함께 진행된다.",합동 응원오리엔테이션은 시민회관에서 열린다.,
klue-nli-v1_dev_00162,True,entailment,entailment,0,entailment,0.0,STOP,"5개 운동부의 경기가 열리기 전인 12일에는 양교 합동 방송제, 13일에는 양교 합동 응원오리엔테이션이 함께 진행된다.",5개 운동부의 경기는 12일 이후에 열린다.,
klue-nli-v1_dev_00163,False,neutral,contradiction,2,contradiction,1.0,STOP,5월 17일 개막식에는 전라남도 김영록 도지사를 비롯한 지방자치단체장 등 각계각층의 인사들이 참석하여 자리를 빛냈다.,개막식은 5월 17일 전날에 열렸다.,
klue-nli-v1_dev_00164,False,contradiction,neutral,1,neutral,2.0,STOP,5월 17일 개막식에는 전라남도 김영록 도지사를 비롯한 지방자치단체장 등 각계각층의 인사들이 참석하여 자리를 빛냈다.,5월 17일 개막식에는 인사들만 참여가 가능했다.,
klue-nli-v1_dev_00165,True,entailment,entailment,0,entailment,0.0,STOP,5월 17일 개막식에는 전라남도 김영록 도지사를 비롯한 지방자치단체장 등 각계각층의 인사들이 참석하여 자리를 빛냈다.,전라남도 도지사의 이름은 김영록이다.,
klue-nli-v1_dev_00166,False,neutral,contradiction,2,contradiction,1.0,STOP,5월 26일 방송된 집방문 또한 무례하기 짝이 없는 자충수.,집방문은 5월 26일 결방이었다.,
klue-nli-v1_dev_00167,False,contradiction,neutral,1,neutral,2.0,STOP,5월 26일 방송된 집방문 또한 무례하기 짝이 없는 자충수.,5월 26일 이후 대중들의 반응은 더욱 악화되었다.,
klue-nli-v1_dev_00168,True,entailment,entailment,0,entailment,0.0,STOP,5월 26일 방송된 집방문 또한 무례하기 짝이 없는 자충수.,5월 26일에 집방문이 방송되었다.,
klue-nli-v1_dev_00169,False,neutral,contradiction,2,contradiction,1.0,STOP,5일 오전 광주 북구 한 교회에서 관계자가 예배에 참석하려는 신도의 체온을 확인하고 있다.,광주 북구에 있는 교회들은 5일에 모두 문을 닫았다.,
klue-nli-v1_dev_00170,False,contradiction,,1,,,SAFETY,5일 오전 광주 북구 한 교회에서 관계자가 예배에 참석하려는 신도의 체온을 확인하고 있다.,5일 오전 광주의 한 교회에서 모든 신도의 체온을 쟀다.,
klue-nli-v1_dev_00171,True,entailment,entailment,0,entailment,0.0,STOP,5일 오전 광주 북구 한 교회에서 관계자가 예배에 참석하려는 신도의 체온을 확인하고 있다.,5일 오전에 광주의 한 교회가 신도의 체온을 확인했다.,
klue-nli-v1_dev_00172,False,neutral,contradiction,2,contradiction,1.0,STOP,7월말부터 8월말까지 약 한달정도를 지냈어요.,7월 초부터 지냈어요.,
klue-nli-v1_dev_00173,False,contradiction,neutral,1,neutral,2.0,STOP,7월말부터 8월말까지 약 한달정도를 지냈어요.,9월말에도 지냈어요.,
klue-nli-v1_dev_00174,True,entailment,entailment,0,entailment,0.0,STOP,7월말부터 8월말까지 약 한달정도를 지냈어요.,약 한달 동안 지냈어요.,
klue-nli-v1_dev_00175,False,neutral,contradiction,2,contradiction,1.0,STOP,81년도 영화를 30년이지난 지금 평가가 말이되는가.,81년도 영화를 30년이 지났으니 지금 평가해야한다.,
klue-nli-v1_dev_00176,False,contradiction,neutral,1,neutral,2.0,STOP,81년도 영화를 30년이지난 지금 평가가 말이되는가.,81년도 영화는 보통 10년 뒤에 평가되곤 했다.,
klue-nli-v1_dev_00177,True,entailment,entailment,0,entailment,0.0,STOP,81년도 영화를 30년이지난 지금 평가가 말이되는가.,81년도 영화를 30년이 지난 지금 평가를 하는 것은 말이 되지 않는다.,
klue-nli-v1_dev_00178,False,neutral,contradiction,2,contradiction,1.0,STOP,8년 만에 응시인원이 4분의 1로 급감한 것이다.,8년만에 5분의 1로 감소한 것이다.,
klue-nli-v1_dev_00179,True,entailment,entailment,0,entailment,0.0,STOP,8년 만에 응시인원이 4분의 1로 급감한 것이다.,응시인원이 줄어들었다.,
klue-nli-v1_dev_00180,False,contradiction,neutral,1,neutral,2.0,STOP,8년 만에 응시인원이 4분의 1로 급감한 것이다.,응시인원은 작년에도 감소했다.,
klue-nli-v1_dev_00181,False,neutral,entailment,2,entailment,0.0,STOP,"8월 중에 입주신청을 하면 청년은 9월, 신혼부부는 10월부터 입주가 가능하다.",8월 중에 입주신청을 한 청년은 10월부터 입주가 가능하다.,
klue-nli-v1_dev_00182,True,entailment,entailment,0,entailment,0.0,STOP,"8월 중에 입주신청을 하면 청년은 9월, 신혼부부는 10월부터 입주가 가능하다.",8월 중에 입주신청을 한 신혼부부는 10월부터 입주할 수 있다.,
klue-nli-v1_dev_00183,False,contradiction,neutral,1,neutral,2.0,STOP,"8월 중에 입주신청을 하면 청년은 9월, 신혼부부는 10월부터 입주가 가능하다.",8월 중에 입주신청을 한 청년의 수보다 신혼부부의 수가 더 많다.,
klue-nli-v1_dev_00184,False,neutral,contradiction,2,contradiction,1.0,STOP,"8월 초부터 9월 초까지 살기로 계약하고, 숙박비 240만원 전액을 지불했다.",숙박비는 매달 나눠서 지불하기로 했다.,
klue-nli-v1_dev_00185,False,contradiction,neutral,1,neutral,2.0,STOP,"8월 초부터 9월 초까지 살기로 계약하고, 숙박비 240만원 전액을 지불했다.",숙박비에는 공과금이 포함되어있다.,
klue-nli-v1_dev_00186,True,entailment,entailment,0,entailment,0.0,STOP,"8월 초부터 9월 초까지 살기로 계약하고, 숙박비 240만원 전액을 지불했다.",숙박비는 총 240만원이다.,
klue-nli-v1_dev_00187,False,neutral,contradiction,2,contradiction,1.0,STOP,8일의 이탈리아 여행 마무리 도시가 로마였습니다,이탈리아 여행을 7일동안 했습니다.,
klue-nli-v1_dev_00188,False,contradiction,neutral,1,neutral,2.0,STOP,8일의 이탈리아 여행 마무리 도시가 로마였습니다,이탈리아 여행 중 로마가 최고였습니다.,
klue-nli-v1_dev_00189,True,entailment,entailment,0,entailment,0.0,STOP,8일의 이탈리아 여행 마무리 도시가 로마였습니다,로마를 마지막으로 여행을 마쳤습니다.,
klue-nli-v1_dev_00190,False,neutral,contradiction,2,contradiction,1.0,STOP,95년 마닐라 쇼핑센터 극장에서 마리사를 만나다.,96년에 마리사를 처음 만났다.,
klue-nli-v1_dev_00191,False,contradiction,neutral,1,neutral,2.0,STOP,95년 마닐라 쇼핑센터 극장에서 마리사를 만나다.,95년에 마리사를 처음 만났다.,
klue-nli-v1_dev_00192,True,entailment,entailment,0,entailment,0.0,STOP,95년 마닐라 쇼핑센터 극장에서 마리사를 만나다.,마닐라 쇼핑센터에는 극장이 있다.,
klue-nli-v1_dev_00193,False,neutral,contradiction,2,contradiction,1.0,STOP,9년 전의 린지의 리즈 시절과 레이첼은 지금 봐도 예뻐요.,레이첼은 지금 봐도 못생겼어요.,
klue-nli-v1_dev_00194,False,contradiction,neutral,1,neutral,2.0,STOP,9년 전의 린지의 리즈 시절과 레이첼은 지금 봐도 예뻐요.,레이첼의 리즈 시절은 지금이에요.,
klue-nli-v1_dev_00195,True,entailment,entailment,0,entailment,0.0,STOP,9년 전의 린지의 리즈 시절과 레이첼은 지금 봐도 예뻐요.,린지의 리즈 시절은 9년 전이에요.,
klue-nli-v1_dev_00196,False,neutral,contradiction,2,contradiction,1.0,STOP,"9월 중순 이후 어미 여왕벌은 알을 더 이상 낳지 않으며, 군락은 애벌레 양육에 집중한다.",어미 여왕벌은 1년 내내 알을 낳는다.,
klue-nli-v1_dev_00197,False,contradiction,neutral,1,neutral,2.0,STOP,"9월 중순 이후 어미 여왕벌은 알을 더 이상 낳지 않으며, 군락은 애벌레 양육에 집중한다.",10월 말이 되면 어미 여왕벌이 수명을 다한다.,
klue-nli-v1_dev_00198,True,entailment,entailment,0,entailment,0.0,STOP,"9월 중순 이후 어미 여왕벌은 알을 더 이상 낳지 않으며, 군락은 애벌레 양육에 집중한다.",9월 중순 이후 애벌레 양육이 집중된다.,
klue-nli-v1_dev_00199,True,neutral,neutral,2,neutral,2.0,STOP,가격이 저렴한데는 이유가 있는것 같네요.,왜 가격이 저렴한지 도무지 모르겠어요.,
klue-nli-v1_dev_00200,False,contradiction,neutral,1,neutral,2.0,STOP,가격이 저렴한데는 이유가 있는것 같네요.,하자가 있는 물품이라 가격이 저렴한 것 같네요.,
klue-nli-v1_dev_00201,True,entailment,entailment,0,entailment,0.0,STOP,가격이 저렴한데는 이유가 있는것 같네요.,가격이 저렴하네요.,
klue-nli-v1_dev_00202,False,contradiction,,1,,,SAFETY,가난 속의 동심은 공책 속 꽃잎처럼 무한한 희망일 것이다.,가난해도 동심을 갖는다면 희망이 이루어질 것이다.,
klue-nli-v1_dev_00203,True,entailment,entailment,0,entailment,0.0,STOP,가난 속의 동심은 공책 속 꽃잎처럼 무한한 희망일 것이다.,가난 속의 동심은 꽃잎과 같을 것이다.,
klue-nli-v1_dev_00204,False,neutral,contradiction,2,contradiction,1.0,STOP,가난 속의 동심은 공책 속 꽃잎처럼 무한한 희망일 것이다.,가난 속의 동심은 한정된 희망일 것이다.,
klue-nli-v1_dev_00205,False,neutral,contradiction,2,contradiction,1.0,STOP,가난한 집안의 장녀이자 은행원인 맹순이는 연하의 직장 동료 반성문의 열렬한 구애로 결혼을 한다.,반성문은 맹순이보다 나이가 많다.,
klue-nli-v1_dev_00206,True,entailment,entailment,0,entailment,0.0,STOP,가난한 집안의 장녀이자 은행원인 맹순이는 연하의 직장 동료 반성문의 열렬한 구애로 결혼을 한다.,맹순이는 반성문의 구애를 받는다.,
klue-nli-v1_dev_00207,False,contradiction,neutral,1,neutral,2.0,STOP,가난한 집안의 장녀이자 은행원인 맹순이는 연하의 직장 동료 반성문의 열렬한 구애로 결혼을 한다.,맹순이는 내성적인 성격이다.,
klue-nli-v1_dev_00208,False,neutral,contradiction,2,contradiction,1.0,STOP,가장 강한 자가 그나마 가장 덜 악해서 다행이었다.,가장 강한 자가 가장 악해서 불행이었다.,
klue-nli-v1_dev_00209,False,contradiction,neutral,1,neutral,2.0,STOP,가장 강한 자가 그나마 가장 덜 악해서 다행이었다.,가장 강한 자가 덜 악해서 전쟁에서 이길 수 있었다.,
klue-nli-v1_dev_00210,True,entailment,entailment,0,entailment,0.0,STOP,가장 강한 자가 그나마 가장 덜 악해서 다행이었다.,가장 강한 자가 덜 악했다.,
klue-nli-v1_dev_00211,False,neutral,contradiction,2,contradiction,1.0,STOP,각 주관기관 별로 서면평가와 발표평가 등의 절차를 거쳐 9월 중에 지원대상을 최종 선발할 계획이다.,지원대상을 4분기에 최종 선발할 계획이다.,
klue-nli-v1_dev_00212,True,entailment,entailment,0,entailment,0.0,STOP,각 주관기관 별로 서면평가와 발표평가 등의 절차를 거쳐 9월 중에 지원대상을 최종 선발할 계획이다.,지원대상을 3분기에 최종 선발할 계획이다.,
klue-nli-v1_dev_00213,False,contradiction,neutral,1,neutral,2.0,STOP,각 주관기관 별로 서면평가와 발표평가 등의 절차를 거쳐 9월 중에 지원대상을 최종 선발할 계획이다.,서면평가를 하는 주관기관은 중기부이다.,
klue-nli-v1_dev_00214,False,contradiction,neutral,1,neutral,2.0,STOP,강사는 강원대학교 정보통신공학부 교수인 김상춘 교수가 맡았다.,김상춘 교수는 국내 정보통신공학계의 거두로 불린다.,
klue-nli-v1_dev_00215,False,neutral,contradiction,2,contradiction,1.0,STOP,강사는 강원대학교 정보통신공학부 교수인 김상춘 교수가 맡았다.,강사는 정해지지 않았다.,
klue-nli-v1_dev_00216,True,entailment,entailment,0,entailment,0.0,STOP,강사는 강원대학교 정보통신공학부 교수인 김상춘 교수가 맡았다.,김상춘는 강원대 정보통신공학부 교수이다.,
klue-nli-v1_dev_00217,False,neutral,contradiction,2,contradiction,1.0,STOP,같은 시간 이란을 제압하고 8강에 진출한 우리나라와의 4강 맞대결 가능성도 커졌다.,우리나라는 8강에 진출하지 못했다.,
klue-nli-v1_dev_00218,False,contradiction,neutral,1,neutral,2.0,STOP,같은 시간 이란을 제압하고 8강에 진출한 우리나라와의 4강 맞대결 가능성도 커졌다.,우리나라는 4강에 진출했다.,
klue-nli-v1_dev_00219,True,entailment,entailment,0,entailment,0.0,STOP,같은 시간 이란을 제압하고 8강에 진출한 우리나라와의 4강 맞대결 가능성도 커졌다.,우리나라는 이란을 제압했다.,
klue-nli-v1_dev_00220,True,neutral,neutral,2,neutral,2.0,STOP,개인적으로 어린이보다 어른에게 더 추천하고싶은 영화입니다.,어린이는 관람 불가 영화입니다.,
klue-nli-v1_dev_00221,False,contradiction,neutral,1,neutral,2.0,STOP,개인적으로 어린이보다 어른에게 더 추천하고싶은 영화입니다.,가족 다큐멘터리 영화입니다.,
klue-nli-v1_dev_00222,True,entailment,entailment,0,entailment,0.0,STOP,개인적으로 어린이보다 어른에게 더 추천하고싶은 영화입니다.,어른들도 보기를 권합니다.,
klue-nli-v1_dev_00223,False,neutral,contradiction,2,contradiction,1.0,STOP,개인적으로 점수 주는것 자체가 아깝다.,점수 주는것 자체가 아깝다는 것은 내 생각이 아니다.,
klue-nli-v1_dev_00224,False,contradiction,neutral,1,neutral,2.0,STOP,개인적으로 점수 주는것 자체가 아깝다.,다른 이들도 점수 주는것 자체가 아깝다고 생각한다.,
klue-nli-v1_dev_00225,True,entailment,entailment,0,entailment,0.0,STOP,개인적으로 점수 주는것 자체가 아깝다.,점수 주는것 자체가 아깝다는 것은 개인적인 생각이다.,
klue-nli-v1_dev_00226,False,neutral,contradiction,2,contradiction,1.0,STOP,"개정안은 먼저, 다주택자 판단기준인 1세대의 범위를 규정했다.","개정안은 먼저, 다주택자 판단기준인 2세대의 범위를 규정했다.",
klue-nli-v1_dev_00227,False,contradiction,neutral,1,neutral,2.0,STOP,"개정안은 먼저, 다주택자 판단기준인 1세대의 범위를 규정했다.",국토부에서는 다주택자 판단기준인 1세대의 범위를 규정했다.,
klue-nli-v1_dev_00228,True,entailment,entailment,0,entailment,0.0,STOP,"개정안은 먼저, 다주택자 판단기준인 1세대의 범위를 규정했다.","개정안은 우선, 다주택자 근거기준인 1세대의 범위를 정했다.",
klue-nli-v1_dev_00229,False,entailment,neutral,0,neutral,2.0,STOP,거실이나 주방을 이용하기가 애매했어요.,거실을 이용하기가 애매했어요.,
klue-nli-v1_dev_00230,False,neutral,,2,,,SAFETY,거실이나 주방을 이용하기가 애매했어요.,주방을 이용하기 편리했어요.,
klue-nli-v1_dev_00231,False,contradiction,neutral,1,neutral,2.0,STOP,거실이나 주방을 이용하기가 애매했어요.,거실과 주방만 이용하기 애매했어요.,
klue-nli-v1_dev_00232,False,neutral,contradiction,2,contradiction,1.0,STOP,"거의 1년 전, 캘리포니아 샌 버너디노에서의 대학살 사건 이후, 트럼프는 아마도 그에게 가장 극적일 수 있을 제안을 공표하였다.",캘리포니아 샌 버너디노에서의 대학살 사건은 5년 전에 발생했다.,
klue-nli-v1_dev_00233,False,contradiction,neutral,1,neutral,2.0,STOP,"거의 1년 전, 캘리포니아 샌 버너디노에서의 대학살 사건 이후, 트럼프는 아마도 그에게 가장 극적일 수 있을 제안을 공표하였다.",트럼프는 캘리포니아 샌 버너디노에서의 대학살 사건을 방송을 통해 보았다.,
klue-nli-v1_dev_00234,True,entailment,entailment,0,entailment,0.0,STOP,"거의 1년 전, 캘리포니아 샌 버너디노에서의 대학살 사건 이후, 트럼프는 아마도 그에게 가장 극적일 수 있을 제안을 공표하였다.",트럼프는 그에게 가장 극적일 수 있을 제안을 공표하였다.,
klue-nli-v1_dev_00235,False,neutral,contradiction,2,contradiction,1.0,STOP,거인 스림이 토르의 망치 묠니르를 훔쳐 간 뒤 돌려받고 싶으면 프레이야를 자기 신부감으로 내놓으라고 요구한다.,토르는 거인 스립의 망치 묠니르를 훔쳐간다.,
klue-nli-v1_dev_00236,True,entailment,entailment,0,entailment,0.0,STOP,거인 스림이 토르의 망치 묠니르를 훔쳐 간 뒤 돌려받고 싶으면 프레이야를 자기 신부감으로 내놓으라고 요구한다.,거인 스림은 토르의 망치는 훔쳐간다.,
klue-nli-v1_dev_00237,False,contradiction,neutral,1,neutral,2.0,STOP,거인 스림이 토르의 망치 묠니르를 훔쳐 간 뒤 돌려받고 싶으면 프레이야를 자기 신부감으로 내놓으라고 요구한다.,프레이야는 거인 스림의 신부가 되는 것을 거부한다.,
klue-nli-v1_dev_00238,False,contradiction,neutral,1,neutral,2.0,STOP,거주하는 동안 불편함없이 잘 지냈습니다,일주일동안 거주했습니다.,
klue-nli-v1_dev_00239,False,neutral,contradiction,2,contradiction,1.0,STOP,거주하는 동안 불편함없이 잘 지냈습니다,불편한 점들이 많았습니다.,
klue-nli-v1_dev_00240,True,entailment,entailment,0,entailment,0.0,STOP,거주하는 동안 불편함없이 잘 지냈습니다,거주 기간 동안 불편 없이 잘 지냈습니다.,
klue-nli-v1_dev_00241,False,neutral,contradiction,2,contradiction,1.0,STOP,건물자체는 낡았고 오래된 유럽 건물입니다.,건물은 유럽 최신식 건물입니다.,
klue-nli-v1_dev_00242,False,contradiction,neutral,1,neutral,2.0,STOP,건물자체는 낡았고 오래된 유럽 건물입니다.,건물 자체는 낡았지만 올드한 매력이 있습니다.,
klue-nli-v1_dev_00243,True,entailment,entailment,0,entailment,0.0,STOP,건물자체는 낡았고 오래된 유럽 건물입니다.,건물은 유럽 건물입니다.,
klue-nli-v1_dev_00244,False,neutral,contradiction,2,contradiction,1.0,STOP,걸작은 아니나 비디오용으로는 아주 훌륭한 작품입니다.,비디오용으로는 망했지만 걸작에 속합니다.,
klue-nli-v1_dev_00245,False,contradiction,,1,,,SAFETY,걸작은 아니나 비디오용으로는 아주 훌륭한 작품입니다.,비디오용으로 아주 훌륭한 작품은 보통 걸작입니다.,
klue-nli-v1_dev_00246,True,entailment,entailment,0,entailment,0.0,STOP,걸작은 아니나 비디오용으로는 아주 훌륭한 작품입니다.,걸작은 아니지만 비디오용으로 아주 우수한 작품입니다.,
klue-nli-v1_dev_00247,False,contradiction,neutral,1,neutral,2.0,STOP,게임이 자동으로 라이브러리에 등록된다.,음악도 자동으로 라이브러리에 등록된다.,
klue-nli-v1_dev_00248,True,entailment,entailment,0,entailment,0.0,STOP,게임이 자동으로 라이브러리에 등록된다.,자동으로 게임이 라이브러리에 등록된다.,
klue-nli-v1_dev_00249,False,neutral,contradiction,2,contradiction,1.0,STOP,게임이 자동으로 라이브러리에 등록된다.,게임을 라이브러리에 직접 등록해야 한다.,
klue-nli-v1_dev_00250,False,contradiction,entailment,1,entailment,0.0,STOP,겨드랑이나 땀이 나는 부위에 향수를 뿌리면 땀과 섞여 그야말로 최악의 향이 날 수 있으니 조심해야 한다.,될 수 있으면 씻고 나서 향수를 뿌려야 한다.,
klue-nli-v1_dev_00251,True,entailment,entailment,0,entailment,0.0,STOP,겨드랑이나 땀이 나는 부위에 향수를 뿌리면 땀과 섞여 그야말로 최악의 향이 날 수 있으니 조심해야 한다.,땀이 나는 부위에 향수를 뿌리는 것은 조심해야 한다.,
klue-nli-v1_dev_00252,False,neutral,contradiction,2,contradiction,1.0,STOP,겨드랑이나 땀이 나는 부위에 향수를 뿌리면 땀과 섞여 그야말로 최악의 향이 날 수 있으니 조심해야 한다.,반드시 땀이 나는 부위에 향수를 뿌려야 한다.,
klue-nli-v1_dev_00253,True,entailment,entailment,0,entailment,0.0,STOP,겨울잠은 많은 동물이 겨울 동안 추위와 먹이 부족을 피할 수 있는 메커니즘이다.,많은 동물들이 추위와 먹이 부족을 겨울잠을 통해 피할 수 있다.,
klue-nli-v1_dev_00254,False,contradiction,neutral,1,neutral,2.0,STOP,겨울잠은 많은 동물이 겨울 동안 추위와 먹이 부족을 피할 수 있는 메커니즘이다.,대부분의 동물들이 늦은 가을에 겨울잠에 들어 초봄에 깨어난다.,
klue-nli-v1_dev_00255,False,neutral,contradiction,2,contradiction,1.0,STOP,겨울잠은 많은 동물이 겨울 동안 추위와 먹이 부족을 피할 수 있는 메커니즘이다.,많은 동물들은 겨울잠 때문에 추위와 먹이 부족에 시달린다.,
klue-nli-v1_dev_00256,False,contradiction,neutral,1,neutral,2.0,STOP,결국 아버지가 사령관의 허락을 받은 서류를 제시하여 도스는 무기 없이 의무병으로 전투에 참여하게 된다.,모든 의무병들은 무기 없이 전투에 참여한다.,
klue-nli-v1_dev_00257,True,entailment,entailment,0,entailment,0.0,STOP,결국 아버지가 사령관의 허락을 받은 서류를 제시하여 도스는 무기 없이 의무병으로 전투에 참여하게 된다.,도스는 전투에 의무병으로 참전하게 된다.,
klue-nli-v1_dev_00258,False,neutral,contradiction,2,contradiction,1.0,STOP,결국 아버지가 사령관의 허락을 받은 서류를 제시하여 도스는 무기 없이 의무병으로 전투에 참여하게 된다.,도스는 무기를 챙겨 전투에 참여하게 된다.,
klue-nli-v1_dev_00259,False,neutral,contradiction,2,contradiction,1.0,STOP,결국 이 모든 일들이 여주의 상상이라는 걸로 끝나야 말이되지.,모든 일들이 여주의 상상이라는 걸로 끝나는 건 말이 안된다.,
klue-nli-v1_dev_00260,True,contradiction,contradiction,1,contradiction,1.0,STOP,결국 이 모든 일들이 여주의 상상이라는 걸로 끝나야 말이되지.,결국 엔딩은 모든 일들이 실제 일어난 일이라는 것이었다.,
klue-nli-v1_dev_00261,True,entailment,entailment,0,entailment,0.0,STOP,결국 이 모든 일들이 여주의 상상이라는 걸로 끝나야 말이되지.,말이 될려면 모든 일들이 여주의 상상이라는 걸로 끝나야 한다.,
klue-nli-v1_dev_00262,False,neutral,contradiction,2,contradiction,1.0,STOP,결말을 보니 아무래도 이 영화는 2부가 계획된 듯 합니다.,아무래도 2부는 제작되지 않을 듯 합니다.,
klue-nli-v1_dev_00263,False,contradiction,neutral,1,neutral,2.0,STOP,결말을 보니 아무래도 이 영화는 2부가 계획된 듯 합니다.,시청자들의 반응이 좋아 2부가 계획된 듯 합니다.,
klue-nli-v1_dev_00264,True,entailment,entailment,0,entailment,0.0,STOP,결말을 보니 아무래도 이 영화는 2부가 계획된 듯 합니다.,결말을 보니 2부가 예정된 듯 합니다.,
klue-nli-v1_dev_00265,False,neutral,,2,,,SAFETY,경기 파주시는 민선7기 공약사항 추진을 위한 사업비로 행정안전부 특별교부세 16억원을 확보했다.,경기 파주시는 민선7기 공약을 위해 20억 원의 예산을 확보하였다.,
klue-nli-v1_dev_00266,False,contradiction,neutral,1,neutral,2.0,STOP,경기 파주시는 민선7기 공약사항 추진을 위한 사업비로 행정안전부 특별교부세 16억원을 확보했다.,16억원의 예산은 경기 파주시가 공약사항을 추진하기에 적당한 금액이다.,
klue-nli-v1_dev_00267,True,entailment,entailment,0,entailment,0.0,STOP,경기 파주시는 민선7기 공약사항 추진을 위한 사업비로 행정안전부 특별교부세 16억원을 확보했다.,경기 파주시는 민선7기 공약을 위해 16억원의 예산을 확보하였다.,
klue-nli-v1_dev_00268,False,neutral,contradiction,2,contradiction,1.0,STOP,경기가 끝난 후 그는 그라운드에 내려와 선수들과 승리를 만끽했다.,그는 혼자서만 승리를 만끽했다.,
klue-nli-v1_dev_00269,False,contradiction,neutral,1,neutral,2.0,STOP,경기가 끝난 후 그는 그라운드에 내려와 선수들과 승리를 만끽했다.,그는 현역선수이다.,
klue-nli-v1_dev_00270,True,entailment,entailment,0,entailment,0.0,STOP,경기가 끝난 후 그는 그라운드에 내려와 선수들과 승리를 만끽했다.,그는 경기에서 이긴 것을 기뻐했다.,
klue-nli-v1_dev_00271,False,neutral,contradiction,2,contradiction,1.0,STOP,경기도는 올해 상반기 시운전과 국토교통부의 승인을 받은 뒤 6월 27일에 하남 연장 1단계 구간을 개통할 예정이었다.,경기도는 8월 30일에 하남 연장 1단계 구간을 개통할 예정이었다.,
klue-nli-v1_dev_00272,False,contradiction,neutral,1,neutral,2.0,STOP,경기도는 올해 상반기 시운전과 국토교통부의 승인을 받은 뒤 6월 27일에 하남 연장 1단계 구간을 개통할 예정이었다.,하남 연장 1단계 구간의 개통이 공사 지연으로 미뤄졌다.,
klue-nli-v1_dev_00273,True,entailment,entailment,0,entailment,0.0,STOP,경기도는 올해 상반기 시운전과 국토교통부의 승인을 받은 뒤 6월 27일에 하남 연장 1단계 구간을 개통할 예정이었다.,경기도는 국토교통부의 승인 후 하남 연장 1단계 구간을 개통할 예정이었다.,
klue-nli-v1_dev_00274,False,neutral,contradiction,2,contradiction,1.0,STOP,경기에서 대한민국은 구자철과 지동원의 활약에 힘입어 주도권을 잡았으나 이후 게인리흐에게 두 골을 내줬다.,구자철은 부상으로 경기에 참여하지 못했다.,
klue-nli-v1_dev_00275,False,contradiction,neutral,1,neutral,2.0,STOP,경기에서 대한민국은 구자철과 지동원의 활약에 힘입어 주도권을 잡았으나 이후 게인리흐에게 두 골을 내줬다.,경기에서 대한민국은 3:2로 승리했다.,
klue-nli-v1_dev_00276,True,entailment,entailment,0,entailment,0.0,STOP,경기에서 대한민국은 구자철과 지동원의 활약에 힘입어 주도권을 잡았으나 이후 게인리흐에게 두 골을 내줬다.,경기에서 게인리흐가두 골을 따냈다.,
klue-nli-v1_dev_00277,False,neutral,contradiction,2,contradiction,1.0,STOP,경북 동해안은 아침 한때 비가 오겠다.,경북 동해안 아침에 내리는 비는 오후까지 지속될 예정이다.,
klue-nli-v1_dev_00278,False,contradiction,neutral,1,neutral,2.0,STOP,경북 동해안은 아침 한때 비가 오겠다.,경북 동해안의 아침에 많은 비가 내릴 예정이다.,
klue-nli-v1_dev_00279,False,entailment,,0,,,SAFETY,경북 동해안은 아침 한때 비가 오겠다.,경북 동해안은 아침에 잠깐 비가 오겠다.,
klue-nli-v1_dev_00280,True,entailment,entailment,0,entailment,0.0,STOP,경제를 같이 잘 살려보자는 취지로 시작된 정책이니만큼 일본당국도 빠르게 잘 지급하도록 노력해야 한다.,일본당국은 빨리 잘 지급하도록 하는 노력이 필요하다.,
klue-nli-v1_dev_00281,False,neutral,contradiction,2,contradiction,1.0,STOP,경제를 같이 잘 살려보자는 취지로 시작된 정책이니만큼 일본당국도 빠르게 잘 지급하도록 노력해야 한다.,정책은 같이 환경을 잘 살려보자는 취지로 시작되었다.,
klue-nli-v1_dev_00282,False,contradiction,neutral,1,neutral,2.0,STOP,경제를 같이 잘 살려보자는 취지로 시작된 정책이니만큼 일본당국도 빠르게 잘 지급하도록 노력해야 한다.,일본당국은 이전에 전혀 지급하지 않고 있었다.,
klue-nli-v1_dev_00283,False,neutral,contradiction,2,contradiction,1.0,STOP,"경찰 조사 결과, 박군은 전날 오후부터 친구들과 함께 렌터카를 타고 다니다 사고를 낸 것으로 전해졌다.",박 군은 전날 오전에 렌터카를 타고 다녔다.,
klue-nli-v1_dev_00284,False,contradiction,neutral,1,neutral,2.0,STOP,"경찰 조사 결과, 박군은 전날 오후부터 친구들과 함께 렌터카를 타고 다니다 사고를 낸 것으로 전해졌다.",박 군은 렌터카를 타고 인천 소래포구를 가던 길에 사고를 냈다.,
klue-nli-v1_dev_00285,True,entailment,entailment,0,entailment,0.0,STOP,"경찰 조사 결과, 박군은 전날 오후부터 친구들과 함께 렌터카를 타고 다니다 사고를 낸 것으로 전해졌다.",박군은 렌터카를 혼자 타고 있지 않았다.,
klue-nli-v1_dev_00286,False,neutral,,2,,,SAFETY,경찰에 의하면 서울대 방향 2차선으로 주행하고 있던 시내버스가 남씨를 발견하지 못하고 친것으로 보고 있다.,시내버스가 미리 남씨를 발견해서 사고를 막을 수 있었다.,
klue-nli-v1_dev_00287,False,contradiction,neutral,1,neutral,2.0,STOP,경찰에 의하면 서울대 방향 2차선으로 주행하고 있던 시내버스가 남씨를 발견하지 못하고 친것으로 보고 있다.,시내버스에 치인 남씨는 생명이 위태로운 상태로 전해졌다.,
klue-nli-v1_dev_00288,True,entailment,entailment,0,entailment,0.0,STOP,경찰에 의하면 서울대 방향 2차선으로 주행하고 있던 시내버스가 남씨를 발견하지 못하고 친것으로 보고 있다.,시내버스는 서울대 방향 2차선으로 주행하고 있었다.,
klue-nli-v1_dev_00289,False,neutral,contradiction,2,contradiction,1.0,STOP,"경찰은 고의성은 없는 것으로 판단하여, 이들을 업무방해 혐의로 입건할 것인가에 대한 여부를 검토하고 있다고 밝혔다.",경찰은 이들이 다분히 고의성을 가지고 있다고 판단했다.,
klue-nli-v1_dev_00290,False,contradiction,,1,,,SAFETY,"경찰은 고의성은 없는 것으로 판단하여, 이들을 업무방해 혐의로 입건할 것인가에 대한 여부를 검토하고 있다고 밝혔다.",이들이 업무방해 혐의로 입건될 확률은 낮아보인다.,
klue-nli-v1_dev_00291,True,entailment,entailment,0,entailment,0.0,STOP,"경찰은 고의성은 없는 것으로 판단하여, 이들을 업무방해 혐의로 입건할 것인가에 대한 여부를 검토하고 있다고 밝혔다.",경찰은 이들을 업무방해 혐의로 입건할 것인가를 검토하고 있다.,
klue-nli-v1_dev_00292,False,contradiction,,1,,,SAFETY,경찰은 김 모 스스로가 십자가의 목재를 구매하고 설계도를 작성한 것으로 보아 단독 자살로 판단하고 국립과학수사연구원에 부검을 의뢰하였다.,김 모씨는 십자가에 박힌 채 과다출혈로 사망했다.,
klue-nli-v1_dev_00293,True,entailment,entailment,0,entailment,0.0,STOP,경찰은 김 모 스스로가 십자가의 목재를 구매하고 설계도를 작성한 것으로 보아 단독 자살로 판단하고 국립과학수사연구원에 부검을 의뢰하였다.,경찰은 김 모씨가 스스로 목숨을 끊은것으로 생각했다.,
klue-nli-v1_dev_00294,False,neutral,contradiction,2,contradiction,1.0,STOP,경찰은 김 모 스스로가 십자가의 목재를 구매하고 설계도를 작성한 것으로 보아 단독 자살로 판단하고 국립과학수사연구원에 부검을 의뢰하였다.,김 모씨의 죽음은 계획적인 타살이라 경찰은 생각했다.,
klue-nli-v1_dev_00295,False,neutral,contradiction,2,contradiction,1.0,STOP,경찰은 당초 남영동 대공분실 부지를 민주인권기념관으로 전환하고 경찰청 시설은 구 방사청 부지로 이전할 예정이었다.,경찰은 당초 남영동 대공부실 부지를 경찰정으로 전환할 예정이었다.,
klue-nli-v1_dev_00296,True,entailment,entailment,0,entailment,0.0,STOP,경찰은 당초 남영동 대공분실 부지를 민주인권기념관으로 전환하고 경찰청 시설은 구 방사청 부지로 이전할 예정이었다.,당초 경찰은 구 방사청 부지로 경찰청 시설을 이전할 예정이었다.,
klue-nli-v1_dev_00297,False,contradiction,,1,,,SAFETY,경찰은 당초 남영동 대공분실 부지를 민주인권기념관으로 전환하고 경찰청 시설은 구 방사청 부지로 이전할 예정이었다.,경찰은 당초 계획과는 달리 구 방사청 부지를 민주인권기념관으로 전환하기로 했다.,
klue-nli-v1_dev_00298,False,contradiction,neutral,1,neutral,2.0,STOP,경찰의 경우 수사권 조정 및 국정원의 대공수사권 이관 후 안보수사처를 신설하여 수사의 전문성과 책임성을 고양한다.,안보수사처 외에도 신설 고려 중인 부서가 있다.,
klue-nli-v1_dev_00299,True,entailment,entailment,0,entailment,0.0,STOP,경찰의 경우 수사권 조정 및 국정원의 대공수사권 이관 후 안보수사처를 신설하여 수사의 전문성과 책임성을 고양한다.,안보수사처를 통해 수사의 전문성과 책임성을 기른다.,
klue-nli-v1_dev_00300,False,neutral,contradiction,2,contradiction,1.0,STOP,경찰의 경우 수사권 조정 및 국정원의 대공수사권 이관 후 안보수사처를 신설하여 수사의 전문성과 책임성을 고양한다.,경찰에 안보수사처가 이미 있다.,
klue-nli-v1_dev_00301,False,contradiction,entailment,1,entailment,0.0,STOP,계속 페달을 밟는 한 넘어질 염려는 없다,페달을 계속 밟으면 무게 중심이 유지된다.,
klue-nli-v1_dev_00302,False,entailment,,0,,,SAFETY,계속 페달을 밟는 한 넘어질 염려는 없다,계속 페달을 밟아야 넘어지지 않을 수 있다.,
klue-nli-v1_dev_00303,False,neutral,contradiction,2,contradiction,1.0,STOP,계속 페달을 밟는 한 넘어질 염려는 없다,계속 페달을 밟으면 넘어지게 된다.,
klue-nli-v1_dev_00304,False,neutral,contradiction,2,contradiction,1.0,STOP,고 최종근 하사 아버지는 영결식이 열리는 동안 고개를 숙이며 차분히 앉아 있었다.,최종근 하사는 아버지의 영결식에 참석하였다.,
klue-nli-v1_dev_00305,False,contradiction,neutral,1,neutral,2.0,STOP,고 최종근 하사 아버지는 영결식이 열리는 동안 고개를 숙이며 차분히 앉아 있었다.,고 최종근 하사의 아버지는 67살이다.,
klue-nli-v1_dev_00306,True,entailment,entailment,0,entailment,0.0,STOP,고 최종근 하사 아버지는 영결식이 열리는 동안 고개를 숙이며 차분히 앉아 있었다.,최종근 하사는 사망하였다.,
klue-nli-v1_dev_00307,False,contradiction,neutral,1,neutral,2.0,STOP,"고영근은 대한제국 시절 독립협회와 만민공동회의 회장을 지냈고, 명성황후 시해의 주범인 우범선을 암살한 대한제국의 무관이다.",고영근은 대한제국 시절 독립협회의 초대 회장을 지냈다.,
klue-nli-v1_dev_00308,True,entailment,entailment,0,entailment,0.0,STOP,"고영근은 대한제국 시절 독립협회와 만민공동회의 회장을 지냈고, 명성황후 시해의 주범인 우범선을 암살한 대한제국의 무관이다.",우범선은 명성황후 시해 주범이다.,
klue-nli-v1_dev_00309,False,neutral,contradiction,2,contradiction,1.0,STOP,"고영근은 대한제국 시절 독립협회와 만민공동회의 회장을 지냈고, 명성황후 시해의 주범인 우범선을 암살한 대한제국의 무관이다.",고영근은 조선시대의 무관이다.,
klue-nli-v1_dev_00310,False,contradiction,neutral,1,neutral,2.0,STOP,"고용보험에 가입한 예술인들은 실직 시 실업급여, 출산 시 출산전후 급여를 지급받는다.",고용보험에 가입한 예술인은 고용보험에 가입한 일반 직장인과 같은 급여를 지급받는다.,
klue-nli-v1_dev_00311,True,entailment,entailment,0,entailment,0.0,STOP,"고용보험에 가입한 예술인들은 실직 시 실업급여, 출산 시 출산전후 급여를 지급받는다.",예술인들은 고용보험에 가입 가능하다.,
klue-nli-v1_dev_00312,False,neutral,contradiction,2,contradiction,1.0,STOP,"고용보험에 가입한 예술인들은 실직 시 실업급여, 출산 시 출산전후 급여를 지급받는다.",예술인은 고용보험에 가입하지 않아도 실직 시 실업급여를 지급받는다.,
klue-nli-v1_dev_00313,False,neutral,contradiction,2,contradiction,1.0,STOP,"고운 모래가 깔린 넓은 백사장과 울창한 송림, 해안절벽이 절경을 이루고 있다.",모래가 거칠다.,
klue-nli-v1_dev_00314,True,entailment,entailment,0,entailment,0.0,STOP,"고운 모래가 깔린 넓은 백사장과 울창한 송림, 해안절벽이 절경을 이루고 있다.",백사장이 넓다.,
klue-nli-v1_dev_00315,False,contradiction,neutral,1,neutral,2.0,STOP,"고운 모래가 깔린 넓은 백사장과 울창한 송림, 해안절벽이 절경을 이루고 있다.",해안절벽이 높다.,
klue-nli-v1_dev_00316,False,neutral,contradiction,2,contradiction,1.0,STOP,고유정 남편의 전부인이 스스로 목숨을 끊은 탓에 의붓아들은 제주에서 할머니 손에 자라고 있었다.,고유정 남편의 전부인은 교통사고로 사망했다.,
klue-nli-v1_dev_00317,False,contradiction,neutral,1,neutral,2.0,STOP,고유정 남편의 전부인이 스스로 목숨을 끊은 탓에 의붓아들은 제주에서 할머니 손에 자라고 있었다.,고유정도 재혼이다.,
klue-nli-v1_dev_00318,True,entailment,entailment,0,entailment,0.0,STOP,고유정 남편의 전부인이 스스로 목숨을 끊은 탓에 의붓아들은 제주에서 할머니 손에 자라고 있었다.,고유정은 결혼했다.,
klue-nli-v1_dev_00319,False,neutral,contradiction,2,contradiction,1.0,STOP,고정된 틀 안에서의 변화는 밋밋할 뿐이다.,고정된 틀 안에서 변화하는 것은 색다르다.,
klue-nli-v1_dev_00320,True,entailment,entailment,0,entailment,0.0,STOP,고정된 틀 안에서의 변화는 밋밋할 뿐이다.,고정된 틀 안에서 변화하는 것은 밋밋하다.,
klue-nli-v1_dev_00321,False,contradiction,,1,,,SAFETY,고정된 틀 안에서의 변화는 밋밋할 뿐이다.,고정된 틀 안에서 벗어날 줄 알아야 한다.,
klue-nli-v1_dev_00322,False,neutral,contradiction,2,contradiction,1.0,STOP,공공시설은 원칙적으로 운영이 중단된다.,공공시설은 원칙적으로 운영을 지속한다.,
klue-nli-v1_dev_00323,True,entailment,entailment,0,entailment,0.0,STOP,공공시설은 원칙적으로 운영이 중단된다.,원칙적으로 공공시설은 운영이 중단된다.,
klue-nli-v1_dev_00324,False,contradiction,,1,,,SAFETY,공공시설은 원칙적으로 운영이 중단된다.,일부 공공시설은 예외적으로 운영을 지속한다.,
klue-nli-v1_dev_00325,True,neutral,neutral,2,neutral,2.0,STOP,공모에서 선정된 기업은 올 12월 말까지 채용한 청년에 대해 최대 6개월까지 인건비 등을 지원받을 수 있다.,공모에서 선정된 기업은 올 12월 말까지 승진한 청년에 대해 최대 6개월까지 인건비 등을 지원받을 수 있다.,
klue-nli-v1_dev_00326,False,contradiction,entailment,1,entailment,0.0,STOP,공모에서 선정된 기업은 올 12월 말까지 채용한 청년에 대해 최대 6개월까지 인건비 등을 지원받을 수 있다.,공모에서 선정된 100개의 기업은 올 12월 말까지 채용한 청년에 대해 최대 6개월까지 인건비 등을 지원받을 수 있다.,
klue-nli-v1_dev_00327,False,entailment,,0,,,SAFETY,공모에서 선정된 기업은 올 12월 말까지 채용한 청년에 대해 최대 6개월까지 인건비 등을 지원받을 수 있다.,기업은 올 12월 말까지 채용한 청년에 대해 최대 6개월까지 인건비 등을 지원 받으려면 공모에 선정되어야 한다.,
klue-nli-v1_dev_00328,False,neutral,contradiction,2,contradiction,1.0,STOP,공성전은 그냥 배경일뿐 중점은 묵가의 사상과 그것에 관한 인물들의 생각이다.,공성전이 중점이다.,
klue-nli-v1_dev_00329,False,contradiction,,1,,,SAFETY,공성전은 그냥 배경일뿐 중점은 묵가의 사상과 그것에 관한 인물들의 생각이다.,묵가의 사상에 반대하는 인물들의 생각이 중점이다.,
klue-nli-v1_dev_00330,True,entailment,entailment,0,entailment,0.0,STOP,공성전은 그냥 배경일뿐 중점은 묵가의 사상과 그것에 관한 인물들의 생각이다.,공성전이 중점이 아니다.,
klue-nli-v1_dev_00331,False,neutral,contradiction,2,contradiction,1.0,STOP,공수처 출범에 앞서 개정이 필요한 15개 대통령령도 일괄개정했다.,개정이 필요한 15개 대통령령을 공수처 출범에 앞서 순차적으로 개정했다.,
klue-nli-v1_dev_00332,False,contradiction,neutral,1,neutral,2.0,STOP,공수처 출범에 앞서 개정이 필요한 15개 대통령령도 일괄개정했다.,대통령령은 원칙적으로는 순차적으로 개정해야 한다.,
klue-nli-v1_dev_00333,True,entailment,entailment,0,entailment,0.0,STOP,공수처 출범에 앞서 개정이 필요한 15개 대통령령도 일괄개정했다.,15개 대통령령을 공수처 출범에 앞서 일괄 개정했다.,
klue-nli-v1_dev_00334,False,neutral,contradiction,2,contradiction,1.0,STOP,공정거래위원장 임명은 국회 인준 과정을 거치지 않아도 되고 청문보고서 채택을 반드시 해야 하는 것도 아니다.,공정거래위원장 임명은 청문보고서 채택을 반드시 해야한다.,
klue-nli-v1_dev_00335,False,contradiction,,1,,,SAFETY,공정거래위원장 임명은 국회 인준 과정을 거치지 않아도 되고 청문보고서 채택을 반드시 해야 하는 것도 아니다.,공정거래위원장 임명은 대통령 단독으로 할 수 있다.,
klue-nli-v1_dev_00336,True,entailment,entailment,0,entailment,0.0,STOP,공정거래위원장 임명은 국회 인준 과정을 거치지 않아도 되고 청문보고서 채택을 반드시 해야 하는 것도 아니다.,공정거래위원장 임명에 국회 인준 과정은 필수가 아니다.,
klue-nli-v1_dev_00337,False,neutral,contradiction,2,contradiction,1.0,STOP,공주와 왕자가 부르던 그 아름다운 노래들이 생각난다,공주와 왕자가 부르던 추악한 노래들이 생각난다.,
klue-nli-v1_dev_00338,False,contradiction,neutral,1,neutral,2.0,STOP,공주와 왕자가 부르던 그 아름다운 노래들이 생각난다,아름다운 노래들을 지금 부르고 싶다.,
klue-nli-v1_dev_00339,True,entailment,entailment,0,entailment,0.0,STOP,공주와 왕자가 부르던 그 아름다운 노래들이 생각난다,공주와 왕자는 아름다운 노래를 불렀다.,
klue-nli-v1_dev_00340,False,neutral,contradiction,2,contradiction,1.0,STOP,공항버스를 타는 곳도 매우 가깝습니다.,공항버스를 타는 곳이 너무 멉니다.,
klue-nli-v1_dev_00341,False,contradiction,neutral,1,neutral,2.0,STOP,공항버스를 타는 곳도 매우 가깝습니다.,공항버스만 탈 수 있습니다.,
klue-nli-v1_dev_00342,False,entailment,,0,,,SAFETY,공항버스를 타는 곳도 매우 가깝습니다.,공항버스 타기에 편리합니다.,
klue-nli-v1_dev_00343,False,contradiction,,1,,,SAFETY,과거는 과거에만 머물지 않고 현재에도 반복된다.,과거를 보면 미래를 알 수 있다.,
klue-nli-v1_dev_00344,True,entailment,entailment,0,entailment,0.0,STOP,과거는 과거에만 머물지 않고 현재에도 반복된다.,과거는 현재에도 일어난다.,
klue-nli-v1_dev_00345,False,neutral,contradiction,2,contradiction,1.0,STOP,과거는 과거에만 머물지 않고 현재에도 반복된다.,과거는 과거에만 머문다.,
klue-nli-v1_dev_00346,False,neutral,contradiction,2,contradiction,1.0,STOP,과반을 훨씬 넘는 비율로 택시를 대중교통으로 보기엔 무리가 있다는 생각이 나타나는 것이다.,택시를 대중교통으로 보기엔 무리가 있다는 생각은 반에 못미치는 비율로 나타난다.,
klue-nli-v1_dev_00347,False,contradiction,neutral,1,neutral,2.0,STOP,과반을 훨씬 넘는 비율로 택시를 대중교통으로 보기엔 무리가 있다는 생각이 나타나는 것이다.,지하철을 대중교통으로 본다는 생각은 압도적으로 높은 비율이 나타났다.,
klue-nli-v1_dev_00348,True,entailment,entailment,0,entailment,0.0,STOP,과반을 훨씬 넘는 비율로 택시를 대중교통으로 보기엔 무리가 있다는 생각이 나타나는 것이다.,대중교통으로 보기엔 무리가 있다는 생각이 나타나는 교통수단은 택시이다.,
klue-nli-v1_dev_00349,False,neutral,contradiction,2,contradiction,1.0,STOP,과장된 연기와 장황한 서술에 점점 지쳐만가는 여정,과장된 연기에도 불구하고 여정은 지쳐가고 있지 않다.,
klue-nli-v1_dev_00350,True,entailment,entailment,0,entailment,0.0,STOP,과장된 연기와 장황한 서술에 점점 지쳐만가는 여정,여정이 점점 지치는 건 과장된 연기와 장황한 서술 때문이다.,
klue-nli-v1_dev_00351,False,contradiction,neutral,1,neutral,2.0,STOP,과장된 연기와 장황한 서술에 점점 지쳐만가는 여정,과장된 연기와 장황한 서술은 걸작을 졸작으로 만들었다.,
klue-nli-v1_dev_00352,False,neutral,contradiction,2,contradiction,1.0,STOP,관광지에서 약간멀기는 하지만 하룻밤정도 묵기에는 충분했습니다,관광지가 바로 앞에 위치하고 있었습니다.,
klue-nli-v1_dev_00353,False,contradiction,neutral,1,neutral,2.0,STOP,관광지에서 약간멀기는 하지만 하룻밤정도 묵기에는 충분했습니다,관광지까지 도보로 이동할 수 있는 거리입니다.,
klue-nli-v1_dev_00354,True,entailment,entailment,0,entailment,0.0,STOP,관광지에서 약간멀기는 하지만 하룻밤정도 묵기에는 충분했습니다,하룻밤정도 지내기에는 충분한 곳이었습니다.,
klue-nli-v1_dev_00355,False,neutral,contradiction,2,contradiction,1.0,STOP,"관내 착한가게 235곳에서 6,685만원 상당을 후원했고, 착한 가정 34곳에서도 1,064만원 상당의 성금을 쾌척했다.",착한 가정에서는 성금이 아니라 현물을 쾌척했다.,
klue-nli-v1_dev_00356,False,contradiction,neutral,1,neutral,2.0,STOP,"관내 착한가게 235곳에서 6,685만원 상당을 후원했고, 착한 가정 34곳에서도 1,064만원 상당의 성금을 쾌척했다.","착한가게 중 한 곳에서 1,000만원을 후원했다.",
klue-nli-v1_dev_00357,True,entailment,entailment,0,entailment,0.0,STOP,"관내 착한가게 235곳에서 6,685만원 상당을 후원했고, 착한 가정 34곳에서도 1,064만원 상당의 성금을 쾌척했다.",총 269곳에서 후원했다.,
klue-nli-v1_dev_00358,False,neutral,contradiction,2,contradiction,1.0,STOP,광양시농업기술센터는 8월 7일 진상면사무소 회의실에서 친환경재배와 관심 있는 농가 80명을 대상으로 품목별 농업인 상설교육을 실시했다고 밝혔다.,상설교육은 농가 70명만을 대상으로 실시되었다.,
klue-nli-v1_dev_00359,False,contradiction,neutral,1,neutral,2.0,STOP,광양시농업기술센터는 8월 7일 진상면사무소 회의실에서 친환경재배와 관심 있는 농가 80명을 대상으로 품목별 농업인 상설교육을 실시했다고 밝혔다.,광양시농업기술센터 연구원이 상설교육을 진행하였다.,
klue-nli-v1_dev_00360,True,entailment,entailment,0,entailment,0.0,STOP,광양시농업기술센터는 8월 7일 진상면사무소 회의실에서 친환경재배와 관심 있는 농가 80명을 대상으로 품목별 농업인 상설교육을 실시했다고 밝혔다.,상설교육은 8월 7일에 진상면사무소에서 시행되었다.,
klue-nli-v1_dev_00361,False,neutral,contradiction,2,contradiction,1.0,STOP,광주 서구가 6월부터 보건복지부 지역사회돌봄선도사업을 본격 시행한다.,보건복지부 지역사회돌봄선도사업은 5월부터 본격적으로 시행된다.,
klue-nli-v1_dev_00362,False,contradiction,neutral,1,neutral,2.0,STOP,광주 서구가 6월부터 보건복지부 지역사회돌봄선도사업을 본격 시행한다.,보건복지부 지역사회돌봄선도사업은 광주만 시행한다.,
klue-nli-v1_dev_00363,True,entailment,entailment,0,entailment,0.0,STOP,광주 서구가 6월부터 보건복지부 지역사회돌봄선도사업을 본격 시행한다.,광주 서구는 보건복지부 지역사회돌봄선도사업을 시행한다.,
klue-nli-v1_dev_00364,False,neutral,contradiction,2,contradiction,1.0,STOP,광주광역시 해외시장개척단이 러시아와 독일 수출판로를 활짝 열었다.,광주광역시 해외시장개척단이 수출판로를 연 것은 독일 뿐이다.,
klue-nli-v1_dev_00365,False,contradiction,neutral,1,neutral,2.0,STOP,광주광역시 해외시장개척단이 러시아와 독일 수출판로를 활짝 열었다.,현재 독일 수출판로는 다시 막혔다.,
klue-nli-v1_dev_00366,True,entailment,entailment,0,entailment,0.0,STOP,광주광역시 해외시장개척단이 러시아와 독일 수출판로를 활짝 열었다.,러시아와 독일 수출판로를 활짝 연 것은 광주광역시 해외시장개척단이다.,
klue-nli-v1_dev_00367,False,contradiction,neutral,1,neutral,2.0,STOP,광주광역시가 운영하는 안전체험관이 교육부가 주관하는 2019년 학교안전체험센터 지정 추가 공모사업에 선정돼 3억원의 특별교부금을 받게 됐다.,2019년 학교안전체험센터 지정 추가 공모사업에는 총 3개 사업이 선정되었다.,
klue-nli-v1_dev_00368,False,neutral,contradiction,2,contradiction,1.0,STOP,광주광역시가 운영하는 안전체험관이 교육부가 주관하는 2019년 학교안전체험센터 지정 추가 공모사업에 선정돼 3억원의 특별교부금을 받게 됐다.,2019년 학교안전체험센터 지정축가 공모사업은 행정안전부가 주관한다.,
klue-nli-v1_dev_00369,True,entailment,entailment,0,entailment,0.0,STOP,광주광역시가 운영하는 안전체험관이 교육부가 주관하는 2019년 학교안전체험센터 지정 추가 공모사업에 선정돼 3억원의 특별교부금을 받게 됐다.,광주광역시가 운영하는 안전체험관이 3억원의 특별교부금을 받게 됐다.,
klue-nli-v1_dev_00370,False,neutral,contradiction,2,contradiction,1.0,STOP,광주전남에서 유일하게 진행되는 이 공연은 서울시와 강진군의 문화교류 사업으로 무료 초대권을 6월 20일부터 강진아트홀 매표소에서 배부한다.,이 공연은 서울시와 강진군에서 볼 수 있다.,
klue-nli-v1_dev_00371,True,entailment,entailment,0,entailment,0.0,STOP,광주전남에서 유일하게 진행되는 이 공연은 서울시와 강진군의 문화교류 사업으로 무료 초대권을 6월 20일부터 강진아트홀 매표소에서 배부한다.,이 공연은 광주전남에서만 볼 수 있다.,
klue-nli-v1_dev_00372,False,contradiction,neutral,1,neutral,2.0,STOP,광주전남에서 유일하게 진행되는 이 공연은 서울시와 강진군의 문화교류 사업으로 무료 초대권을 6월 20일부터 강진아트홀 매표소에서 배부한다.,무료 초대권은 6월 20일부터 1주일간 배부한다.,
klue-nli-v1_dev_00373,False,neutral,contradiction,2,contradiction,1.0,STOP,교통이 편리하고 가격대비 좋은 숙소입니다.,시설에 비해 지나치게 가격이 비쌉니다.,
klue-nli-v1_dev_00374,False,contradiction,neutral,1,neutral,2.0,STOP,교통이 편리하고 가격대비 좋은 숙소입니다.,가격 자체는 높습니다.,
klue-nli-v1_dev_00375,True,entailment,entailment,0,entailment,0.0,STOP,교통이 편리하고 가격대비 좋은 숙소입니다.,가성비가 좋은 숙소입니다.,
klue-nli-v1_dev_00376,True,neutral,neutral,2,neutral,2.0,STOP,구구절절 설명하고 이해시키려는 노력이 큰 의미없이 다가온다.,대충 이해시키려는 노력이 큰 의미가 없다.,
klue-nli-v1_dev_00377,False,contradiction,neutral,1,neutral,2.0,STOP,구구절절 설명하고 이해시키려는 노력이 큰 의미없이 다가온다.,설명하려는 내용이 복잡하다.,
klue-nli-v1_dev_00378,True,entailment,entailment,0,entailment,0.0,STOP,구구절절 설명하고 이해시키려는 노력이 큰 의미없이 다가온다.,자세히 설명하려는 노력이 별 의미 없다.,
klue-nli-v1_dev_00379,False,neutral,contradiction,2,contradiction,1.0,STOP,"구글맵 찍으면 버스타는곳, 시간 다 나와요.",구글맵에 버스 시간만 나와요.,
klue-nli-v1_dev_00380,False,contradiction,neutral,1,neutral,2.0,STOP,"구글맵 찍으면 버스타는곳, 시간 다 나와요.","버스타는곳, 시간은 구글 맵으로만 알 수 있어요.",
klue-nli-v1_dev_00381,True,entailment,entailment,0,entailment,0.0,STOP,"구글맵 찍으면 버스타는곳, 시간 다 나와요.","구글맵으로 버스 타는곳, 시간 확인이 가능해요.",
klue-nli-v1_dev_00382,False,neutral,contradiction,2,contradiction,1.0,STOP,구로사와 아키라 타계 이후 일본 영화는 몰락했다.,일본 영화는 구로사와 아키라 타계 이후 전성기를 맞이했다.,
klue-nli-v1_dev_00383,False,contradiction,entailment,1,entailment,0.0,STOP,구로사와 아키라 타계 이후 일본 영화는 몰락했다.,구로사와 아키라는 일본 영화의 전성기를 이끌었다.,
klue-nli-v1_dev_00384,True,entailment,entailment,0,entailment,0.0,STOP,구로사와 아키라 타계 이후 일본 영화는 몰락했다.,일본 영화는 구로사와 아키라 타계 이후 몰락했다.,
klue-nli-v1_dev_00385,False,neutral,contradiction,2,contradiction,1.0,STOP,"구체적으로는 2024년까지 매출 1조 5000억원, 고용효과 4390명, 기업유치 174개사가 이뤄질 것으로 예상된다.",2024년까지 매출 10조 5000억원이 이뤄질 것으로 예상된다.,
klue-nli-v1_dev_00386,False,contradiction,neutral,1,neutral,2.0,STOP,"구체적으로는 2024년까지 매출 1조 5000억원, 고용효과 4390명, 기업유치 174개사가 이뤄질 것으로 예상된다.",2022년까지는 매출 1조를 달성할 것으로 예상된다.,
klue-nli-v1_dev_00387,True,entailment,entailment,0,entailment,0.0,STOP,"구체적으로는 2024년까지 매출 1조 5000억원, 고용효과 4390명, 기업유치 174개사가 이뤄질 것으로 예상된다.",2024년까지 174개 기업을 유치할 것으로 예상된다.,
klue-nli-v1_dev_00388,False,contradiction,neutral,1,neutral,2.0,STOP,"국가직도, 지방직도 아닌 애매한 조직 구조가 만들어진 탓에 지자체 예산투입이 더 소극적일 수 있다는 우려도 나오는 게 사실이다.",국가직과 지방직이 확실하면 지자체 예산투입은 훨씬 적극적이게 된다.,
klue-nli-v1_dev_00389,True,entailment,entailment,0,entailment,0.0,STOP,"국가직도, 지방직도 아닌 애매한 조직 구조가 만들어진 탓에 지자체 예산투입이 더 소극적일 수 있다는 우려도 나오는 게 사실이다.",지방직인지 국가직인지 모를 애매한 조직 구조가 만들어졌다.,
klue-nli-v1_dev_00390,False,neutral,contradiction,2,contradiction,1.0,STOP,"국가직도, 지방직도 아닌 애매한 조직 구조가 만들어진 탓에 지자체 예산투입이 더 소극적일 수 있다는 우려도 나오는 게 사실이다.",지방직인지 국가직인지 확실하게 구분되는 조직 구조가 만들어졌다.,
klue-nli-v1_dev_00391,False,neutral,contradiction,2,contradiction,1.0,STOP,국내 가구업체가 해외 유명 건자재 기업과 독점 수입 계약을 체결한 것은 이번이 처음이다.,국내 가구업체가 해외 유명 건자재 기업과 독점 수입 계약을 체결한 것은 이번이 두번째이다.,
klue-nli-v1_dev_00392,True,entailment,entailment,0,entailment,0.0,STOP,국내 가구업체가 해외 유명 건자재 기업과 독점 수입 계약을 체결한 것은 이번이 처음이다.,국내 가구업체가 이번에 처음으로 해외 유명 건자재 기업과 독점 수입 계약을 체결했다.,
klue-nli-v1_dev_00393,False,contradiction,neutral,1,neutral,2.0,STOP,국내 가구업체가 해외 유명 건자재 기업과 독점 수입 계약을 체결한 것은 이번이 처음이다.,국내 가구업체는 해외 유명 건자재 기업과의 독점 수입 계약 체결을 위해 1년간 애썼다.,
klue-nli-v1_dev_00394,False,neutral,contradiction,2,contradiction,1.0,STOP,국립중앙의료원 윤한덕 중앙응급의료센터장이 지난 4일 별세한 가운데 윤 센터장의 25년지기이자 선배인 충남대 응급의학과 유인술 교수가 심정을 밝혔다.,유인술 교수는 윤한덕 센터장의 후배다.,
klue-nli-v1_dev_00395,False,contradiction,neutral,1,neutral,2.0,STOP,국립중앙의료원 윤한덕 중앙응급의료센터장이 지난 4일 별세한 가운데 윤 센터장의 25년지기이자 선배인 충남대 응급의학과 유인술 교수가 심정을 밝혔다.,윤한덕 센터장은 심장마비로 사망했다.,
klue-nli-v1_dev_00396,True,entailment,entailment,0,entailment,0.0,STOP,국립중앙의료원 윤한덕 중앙응급의료센터장이 지난 4일 별세한 가운데 윤 센터장의 25년지기이자 선배인 충남대 응급의학과 유인술 교수가 심정을 밝혔다.,윤한덕은 사망하였다.,
klue-nli-v1_dev_00397,True,contradiction,contradiction,1,contradiction,1.0,STOP,국방부는 한미 공동실무단의 검토 과정 및 양국 국방부 장관의 승인에 따라 사드 체계의 배치 부지로 경상북도 성주 지역이 결정되었다고 밝혔다.,사드는 2016년 8월 16부로 경상남도 성주에 배치된다.,
klue-nli-v1_dev_00398,True,entailment,entailment,0,entailment,0.0,STOP,국방부는 한미 공동실무단의 검토 과정 및 양국 국방부 장관의 승인에 따라 사드 체계의 배치 부지로 경상북도 성주 지역이 결정되었다고 밝혔다.,사드는 경상북도 성주에 배치될 예정이다.,
klue-nli-v1_dev_00399,False,neutral,contradiction,2,contradiction,1.0,STOP,국방부는 한미 공동실무단의 검토 과정 및 양국 국방부 장관의 승인에 따라 사드 체계의 배치 부지로 경상북도 성주 지역이 결정되었다고 밝혔다.,사드 배치 위치는 경상남도 영천으로 결정되었다.,
klue-nli-v1_dev_00400,False,neutral,contradiction,2,contradiction,1.0,STOP,"국어학회는 한국어를 연구하는 대한민국 최초의 학회로, 1959년 11월 22일 창립되었다.",한국어를 연구하는 최초의 학회는 대한화학회이다.,
klue-nli-v1_dev_00401,True,entailment,entailment,0,entailment,0.0,STOP,"국어학회는 한국어를 연구하는 대한민국 최초의 학회로, 1959년 11월 22일 창립되었다.",한국어를 연구하는 한국 최초의 학회는 국어학회이다.,
klue-nli-v1_dev_00402,False,contradiction,neutral,1,neutral,2.0,STOP,"국어학회는 한국어를 연구하는 대한민국 최초의 학회로, 1959년 11월 22일 창립되었다.",국어학회는 매 달 정기모임을 갖는다.,
klue-nli-v1_dev_00403,False,neutral,contradiction,2,contradiction,1.0,STOP,국제우주정거장지난 5월 30일 오후 3시 22분에 민간 기업에서 발사한 유인 우주선이 최초로 국제우주정거장에 성공적으로 도킹했다.,국제우주정거장에 성공적으로 도킹한 유인 우주선은 현재까지 없다.,
klue-nli-v1_dev_00404,True,entailment,entailment,0,entailment,0.0,STOP,국제우주정거장지난 5월 30일 오후 3시 22분에 민간 기업에서 발사한 유인 우주선이 최초로 국제우주정거장에 성공적으로 도킹했다.,지난 5월 30일 오후 3시 22분 민간 기업에서 발사한 유인 우주선은 국제우주정거장에 도킹하는데 성공했다.,
klue-nli-v1_dev_00405,False,contradiction,neutral,1,neutral,2.0,STOP,국제우주정거장지난 5월 30일 오후 3시 22분에 민간 기업에서 발사한 유인 우주선이 최초로 국제우주정거장에 성공적으로 도킹했다.,유인 우주선에는 3명의 우주비행사가 있었디.,
klue-nli-v1_dev_00406,False,contradiction,neutral,1,neutral,2.0,STOP,국토부는 8월부터 현장에서 이용 가능할 것으로 예상하고 있다.,국토부의 예상보다 빨리 이용 가능해질 전망이다.,
klue-nli-v1_dev_00407,True,entailment,entailment,0,entailment,0.0,STOP,국토부는 8월부터 현장에서 이용 가능할 것으로 예상하고 있다.,국토부는 현장에서 이용 가능할 시기는 8월부터일 것이라 예상하고 있다.,
klue-nli-v1_dev_00408,False,neutral,contradiction,2,contradiction,1.0,STOP,국토부는 8월부터 현장에서 이용 가능할 것으로 예상하고 있다.,국토부는 적어도 8월이 끝날 때까지는 현장에서 이용이 불가능할 것으로 예상하고 있다.,
klue-nli-v1_dev_00409,False,neutral,contradiction,2,contradiction,1.0,STOP,"국회가 117일동안 처리한 법은 단 한건도 없고, 국조특위는 지난주에 전해드린대로 아무 성과 없이 끝났습니다.",국조특위는 지난주에 전해드린대로 뚜렷한 성과를 내고 끝났습니다.,
klue-nli-v1_dev_00410,False,contradiction,neutral,1,neutral,2.0,STOP,"국회가 117일동안 처리한 법은 단 한건도 없고, 국조특위는 지난주에 전해드린대로 아무 성과 없이 끝났습니다.",국회는 117일 동안 여야의 힘싸움에 모든 시간을 보냈습니다.,
klue-nli-v1_dev_00411,True,entailment,entailment,0,entailment,0.0,STOP,"국회가 117일동안 처리한 법은 단 한건도 없고, 국조특위는 지난주에 전해드린대로 아무 성과 없이 끝났습니다.",국회는 117일 동안 한건의 법도 처리하지 않았습니다.,
klue-nli-v1_dev_00412,False,neutral,contradiction,2,contradiction,1.0,STOP,군은 올해 말 정년퇴직을 앞둔 상황에서 폐암 4기 진단을 받고 투병중인 조종면사무소 한명구 주무관에게 위로와 함께 희망성금을 전달했다.,조종면사무소 한명구 주무관은 올해 초 퇴직했다.,
klue-nli-v1_dev_00413,False,contradiction,neutral,1,neutral,2.0,STOP,군은 올해 말 정년퇴직을 앞둔 상황에서 폐암 4기 진단을 받고 투병중인 조종면사무소 한명구 주무관에게 위로와 함께 희망성금을 전달했다.,한명구 주무관은 근무 30년차이다.,
klue-nli-v1_dev_00414,True,entailment,entailment,0,entailment,0.0,STOP,군은 올해 말 정년퇴직을 앞둔 상황에서 폐암 4기 진단을 받고 투병중인 조종면사무소 한명구 주무관에게 위로와 함께 희망성금을 전달했다.,조종면사무소 한명구 주무관은 폐암 환자이다.,
klue-nli-v1_dev_00415,False,contradiction,neutral,1,neutral,2.0,STOP,"그 1등이 한순간의 방심으로 바뀔 수도 있고, 노력으로 조금씩 성장해 정신을 차려보니 바뀌어 있을 수도 있다.",1등은 방심보다는 노력으로 인해 바뀌는 경우가 더 많다.,
klue-nli-v1_dev_00416,True,entailment,entailment,0,entailment,0.0,STOP,"그 1등이 한순간의 방심으로 바뀔 수도 있고, 노력으로 조금씩 성장해 정신을 차려보니 바뀌어 있을 수도 있다.","1등을 바꾸는 것은 한순간의 방심일 수도, 시간이 걸린 노력의 결과일 수도 있다.",
klue-nli-v1_dev_00417,False,neutral,contradiction,2,contradiction,1.0,STOP,"그 1등이 한순간의 방심으로 바뀔 수도 있고, 노력으로 조금씩 성장해 정신을 차려보니 바뀌어 있을 수도 있다.",한순간 방심한다고 해서 1등이 바뀌지는 않는다.,
klue-nli-v1_dev_00418,False,neutral,contradiction,2,contradiction,1.0,STOP,"그 3분 후 스웨덴 루스티그가 두 번째 골을 성공시켰고, 후반 31분 요한 엘만데르의 왼발 슛이 골로 이어지며 한 골차까지 쫓아왔다.",요한 엘만데르의 슛으로 두 골 차이가 되었다.,
klue-nli-v1_dev_00419,False,contradiction,,1,,,SAFETY,"그 3분 후 스웨덴 루스티그가 두 번째 골을 성공시켰고, 후반 31분 요한 엘만데르의 왼발 슛이 골로 이어지며 한 골차까지 쫓아왔다.",스웨덴 루스티그가 총 세 골을 넣었다.,
klue-nli-v1_dev_00420,True,entailment,entailment,0,entailment,0.0,STOP,"그 3분 후 스웨덴 루스티그가 두 번째 골을 성공시켰고, 후반 31분 요한 엘만데르의 왼발 슛이 골로 이어지며 한 골차까지 쫓아왔다.",요한 엘만데르는 왼발로 골을 넣었다.,
klue-nli-v1_dev_00421,False,neutral,contradiction,2,contradiction,1.0,STOP,"그 결과, 대선과 지선, 총선을 모두 압도적으로 승리해놓고 나서도 한국철도의 통합과 발전은 현재 우선순위에서 꽤 뒤로 밀려나 있다.",한국철도의 통합과 발전은 현재 1순위이다.,
klue-nli-v1_dev_00422,True,entailment,entailment,0,entailment,0.0,STOP,"그 결과, 대선과 지선, 총선을 모두 압도적으로 승리해놓고 나서도 한국철도의 통합과 발전은 현재 우선순위에서 꽤 뒤로 밀려나 있다.","대선과 지선, 총선을 모두 압도적으로 승리했다.",
klue-nli-v1_dev_00423,False,contradiction,entailment,1,entailment,0.0,STOP,"그 결과, 대선과 지선, 총선을 모두 압도적으로 승리해놓고 나서도 한국철도의 통합과 발전은 현재 우선순위에서 꽤 뒤로 밀려나 있다.",한국철도의 통합은 이제 요원하다.,
klue-nli-v1_dev_00424,False,neutral,contradiction,2,contradiction,1.0,STOP,그 덕에 불편함이 없이 여행을 할수 있었다.,여행은 불편한 점 투성이었다.,
klue-nli-v1_dev_00425,False,contradiction,neutral,1,neutral,2.0,STOP,그 덕에 불편함이 없이 여행을 할수 있었다.,여행사에서 신경을 써준 덕에 불편함없이 여행을 할 수 있었다.,
klue-nli-v1_dev_00426,True,entailment,entailment,0,entailment,0.0,STOP,그 덕에 불편함이 없이 여행을 할수 있었다.,여행은 불편한 점이 없었다.,
klue-nli-v1_dev_00427,False,neutral,contradiction,2,contradiction,1.0,STOP,그 법은 다름 아닌 프랑스에 거주하는 모든 유대인은 노란색 다윗의 별이 그려진 인식표를 착용할 것을 강제하는 법이었다.,프랑스에 거주하는 모든 사람들이 다윗의 별을 착용할 것을 강제하는 법이었다.,
klue-nli-v1_dev_00428,False,contradiction,entailment,1,entailment,0.0,STOP,그 법은 다름 아닌 프랑스에 거주하는 모든 유대인은 노란색 다윗의 별이 그려진 인식표를 착용할 것을 강제하는 법이었다.,그 법의 실행이 유대인 핍박의 신호탄이 되었다.,
klue-nli-v1_dev_00429,True,entailment,entailment,0,entailment,0.0,STOP,그 법은 다름 아닌 프랑스에 거주하는 모든 유대인은 노란색 다윗의 별이 그려진 인식표를 착용할 것을 강제하는 법이었다.,그 법은 유대인이 인식표를 착용할 것을 강제했다.,
klue-nli-v1_dev_00430,False,neutral,contradiction,2,contradiction,1.0,STOP,"그 외 부산, 강원 등은 집합제한 행정명령 발령 준비와 계도기간을 거쳐 오는 25일부터 집합제한 명령을 시행할 계획이다.","30일부터 부산, 강원 등은 집합제한 명령을 시행할 계획이다.",
klue-nli-v1_dev_00431,False,contradiction,neutral,1,neutral,2.0,STOP,"그 외 부산, 강원 등은 집합제한 행정명령 발령 준비와 계도기간을 거쳐 오는 25일부터 집합제한 명령을 시행할 계획이다.","25일부터 부산, 강원 등은 5인이상 집합제한 명령을 시행할 계획이다.",
klue-nli-v1_dev_00432,True,entailment,entailment,0,entailment,0.0,STOP,"그 외 부산, 강원 등은 집합제한 행정명령 발령 준비와 계도기간을 거쳐 오는 25일부터 집합제한 명령을 시행할 계획이다.","25일부터 부산, 강원 등은 집합제한 명령을 시행할 계획이다.",
klue-nli-v1_dev_00433,False,neutral,contradiction,2,contradiction,1.0,STOP,그 후 1년 3개월 만에 이혼했지만 둘 사이에 아들을 두고 있다.,둘 사이에 아들이 없다.,
klue-nli-v1_dev_00434,False,contradiction,entailment,1,entailment,0.0,STOP,그 후 1년 3개월 만에 이혼했지만 둘 사이에 아들을 두고 있다.,결혼한 지 1년 3개월 만에 이혼했다.,
klue-nli-v1_dev_00435,True,entailment,entailment,0,entailment,0.0,STOP,그 후 1년 3개월 만에 이혼했지만 둘 사이에 아들을 두고 있다.,이혼한 둘 사이에 자식이 있다.,
klue-nli-v1_dev_00436,False,neutral,contradiction,2,contradiction,1.0,STOP,그거빼고 치안이나 모든것들은 완벽합니다.,치안도 완벽하지 않습니다.,
klue-nli-v1_dev_00437,False,contradiction,,1,,,SAFETY,그거빼고 치안이나 모든것들은 완벽합니다.,치안이 가장 완벽합니다.,
klue-nli-v1_dev_00438,True,entailment,entailment,0,entailment,0.0,STOP,그거빼고 치안이나 모든것들은 완벽합니다.,치안이 완벽합니다.,
klue-nli-v1_dev_00439,False,neutral,contradiction,2,contradiction,1.0,STOP,"그것을 국내 언론들이 집중적으로 퍼뜨렸고, 탈북자 출신 국회의원 태영호씨와 지성호씨가 김위원장 사망설이 확실하다고 자신하였다.",지성호는 김위원장의 사망설을 적극 부인했다.,
klue-nli-v1_dev_00440,True,entailment,entailment,0,entailment,0.0,STOP,"그것을 국내 언론들이 집중적으로 퍼뜨렸고, 탈북자 출신 국회의원 태영호씨와 지성호씨가 김위원장 사망설이 확실하다고 자신하였다.",국회의원 태영호씨는 북한 출신이다.,
klue-nli-v1_dev_00441,False,contradiction,,1,,,SAFETY,"그것을 국내 언론들이 집중적으로 퍼뜨렸고, 탈북자 출신 국회의원 태영호씨와 지성호씨가 김위원장 사망설이 확실하다고 자신하였다.",김위원장의 사망설을 확신하는 사람들이 많다.,
klue-nli-v1_dev_00442,False,neutral,contradiction,2,contradiction,1.0,STOP,그냥 생각할 필요없이 예약하시면 됩니다.,꼭 고민해보고 예약하셔야 됩니다.,
klue-nli-v1_dev_00443,False,contradiction,neutral,1,neutral,2.0,STOP,그냥 생각할 필요없이 예약하시면 됩니다.,모든 것이 최고인 숙소입니다.,
klue-nli-v1_dev_00444,True,entailment,entailment,0,entailment,0.0,STOP,그냥 생각할 필요없이 예약하시면 됩니다.,그냥 예약하셔도 됩니다.,
klue-nli-v1_dev_00445,False,neutral,contradiction,2,contradiction,1.0,STOP,그는 매일 아침 먹는다는 과일 주스를 갈아 마시고 운동을 시작했다.,그는 공복에 운동을 시작했다.,
klue-nli-v1_dev_00446,False,contradiction,neutral,1,neutral,2.0,STOP,그는 매일 아침 먹는다는 과일 주스를 갈아 마시고 운동을 시작했다.,그는 과일 주스를 갈아마시고 구보를 시작했다.,
klue-nli-v1_dev_00447,True,entailment,entailment,0,entailment,0.0,STOP,그는 매일 아침 먹는다는 과일 주스를 갈아 마시고 운동을 시작했다.,그는 운동 전에 과일 주스를 갈아 마셨다.,
klue-nli-v1_dev_00448,False,neutral,contradiction,2,contradiction,1.0,STOP,그는 전세가 하락에 따른 역전세난으로 전세자금대출이 부실화하고 세입자가 피해를 입을 위험이 있다고 우려했다.,그는 전세가 하락이 세입자에게 득이 될 것으로 예측했다.,
klue-nli-v1_dev_00449,True,entailment,entailment,0,entailment,0.0,STOP,그는 전세가 하락에 따른 역전세난으로 전세자금대출이 부실화하고 세입자가 피해를 입을 위험이 있다고 우려했다.,그는 전세가 하락에 따른 세입자의 피해를 우려했다.,
klue-nli-v1_dev_00450,False,contradiction,,1,,,SAFETY,그는 전세가 하락에 따른 역전세난으로 전세자금대출이 부실화하고 세입자가 피해를 입을 위험이 있다고 우려했다.,그는 이러한 상황에 대처하기 위한 정부의 노력이 필요하다고 주장했다.,
klue-nli-v1_dev_00451,False,neutral,,2,,,SAFETY,"그는 지난달 대법원으로부터 징역 1년에 집행유예 2년, 40시간 성폭력 치료 프로그램 이수 판결을 받았다.",그는 다음달 대법원에서 재판을 받을 예정이다.,
klue-nli-v1_dev_00452,False,contradiction,neutral,1,neutral,2.0,STOP,"그는 지난달 대법원으로부터 징역 1년에 집행유예 2년, 40시간 성폭력 치료 프로그램 이수 판결을 받았다.",대법원의 판결이 지나치게 가벼운 것이 아니냐는 이야기가 대중들 사이에서 나오고 있다.,
klue-nli-v1_dev_00453,True,entailment,entailment,0,entailment,0.0,STOP,"그는 지난달 대법원으로부터 징역 1년에 집행유예 2년, 40시간 성폭력 치료 프로그램 이수 판결을 받았다.",그는 감옥에 가진 않는다.,
klue-nli-v1_dev_00454,False,neutral,,2,,,SAFETY,그는 플루타르코스의 저서에 끼어있던 아내에게 보내는 편지를 번역하였는데 여기서 플루타르코스는 2년 연상의 언니를 잃고 비탄에 빠진 아내를 위한하고 있다.,플루타르코스는 그의 저서에 끼어 있던 편지를 번역했다.,
klue-nli-v1_dev_00455,True,contradiction,contradiction,1,contradiction,1.0,STOP,그는 플루타르코스의 저서에 끼어있던 아내에게 보내는 편지를 번역하였는데 여기서 플루타르코스는 2년 연상의 언니를 잃고 비탄에 빠진 아내를 위한하고 있다.,플루타르코스는 아내와 오래 전 이혼한 사이다.,
klue-nli-v1_dev_00456,True,entailment,entailment,0,entailment,0.0,STOP,그는 플루타르코스의 저서에 끼어있던 아내에게 보내는 편지를 번역하였는데 여기서 플루타르코스는 2년 연상의 언니를 잃고 비탄에 빠진 아내를 위한하고 있다.,플루타르코스의 처형이 죽었다.,
klue-nli-v1_dev_00457,False,neutral,contradiction,2,contradiction,1.0,STOP,"그는 해외에서 교육을 받은 최초의 이란 왕위계승 후보자로, 4년 동안 스위스에서 지내다가 고등학교 졸업장은 이란에서 받기 위해 1936년 귀국했다.",그는 스위스에서 고등학교 졸업장을 받았다.,
klue-nli-v1_dev_00458,False,contradiction,,1,,,SAFETY,"그는 해외에서 교육을 받은 최초의 이란 왕위계승 후보자로, 4년 동안 스위스에서 지내다가 고등학교 졸업장은 이란에서 받기 위해 1936년 귀국했다.",그는 태어나자마자 해외에서 지냈다.,
klue-nli-v1_dev_00459,True,entailment,entailment,0,entailment,0.0,STOP,"그는 해외에서 교육을 받은 최초의 이란 왕위계승 후보자로, 4년 동안 스위스에서 지내다가 고등학교 졸업장은 이란에서 받기 위해 1936년 귀국했다.",이란 왕위계승 후보자 중 해외에서 교육을 받은 것은 그가 처음이다.,
klue-nli-v1_dev_00460,False,contradiction,neutral,1,neutral,2.0,STOP,그때 당시엔 아바타보다 더 인기였어.,남성보다 여성에게 더 인기였어.,
klue-nli-v1_dev_00461,True,entailment,entailment,0,entailment,0.0,STOP,그때 당시엔 아바타보다 더 인기였어.,당시에 인기가 아바타보다 높았어.,
klue-nli-v1_dev_00462,False,neutral,contradiction,2,contradiction,1.0,STOP,그때 당시엔 아바타보다 더 인기였어.,단 한순간도 아바타보다 인기있던 적은 없어.,
klue-nli-v1_dev_00463,False,contradiction,neutral,1,neutral,2.0,STOP,그때 독립운동가인 염석진이 데라우치 총독을 암살하기 위해 폭탄을 터뜨리고 접대 현장을 습격한다.,접대 현장에서 염석진은 데라우치의 암살에 성공한다.,
klue-nli-v1_dev_00464,True,entailment,entailment,0,entailment,0.0,STOP,그때 독립운동가인 염석진이 데라우치 총독을 암살하기 위해 폭탄을 터뜨리고 접대 현장을 습격한다.,접대 현장을 습격한 염석진은 독립운동가이다.,
klue-nli-v1_dev_00465,False,neutral,contradiction,2,contradiction,1.0,STOP,그때 독립운동가인 염석진이 데라우치 총독을 암살하기 위해 폭탄을 터뜨리고 접대 현장을 습격한다.,염석진은 김구를 암살하기 위해 폭탄을 터트린다.,
klue-nli-v1_dev_00466,False,contradiction,neutral,1,neutral,2.0,STOP,그때 바그너는 지크프리트를 작곡하고 있었기 때문에 56세가 되어 처음 얻은 아들의 이름을 지크프리트라고 지었다.,바그너의 아들은 그의 아버지를 따라 작곡가가 되었다.,
klue-nli-v1_dev_00467,True,entailment,entailment,0,entailment,0.0,STOP,그때 바그너는 지크프리트를 작곡하고 있었기 때문에 56세가 되어 처음 얻은 아들의 이름을 지크프리트라고 지었다.,바그너는 56세가 되어 아들을 얻었다.,
klue-nli-v1_dev_00468,False,neutral,contradiction,2,contradiction,1.0,STOP,그때 바그너는 지크프리트를 작곡하고 있었기 때문에 56세가 되어 처음 얻은 아들의 이름을 지크프리트라고 지었다.,바그너는 아들이 성인이 되던 해 지크프리트를 작곡하기 시작했다.,
klue-nli-v1_dev_00469,False,contradiction,neutral,1,neutral,2.0,STOP,그래도 꿋꿋하게 차분한 마음으로 도전하다 보니 시즌 마지막에 좋은 결과가 나왔다.,마지막 좋은 결과로 인해 이번 시즌은 우승으로 끝이 났다.,
klue-nli-v1_dev_00470,False,neutral,contradiction,2,contradiction,1.0,STOP,그래도 꿋꿋하게 차분한 마음으로 도전하다 보니 시즌 마지막에 좋은 결과가 나왔다.,차분하게 도전했음에도 결국 시즌 마지막은 아쉬운 결과가 나왔다.,
klue-nli-v1_dev_00471,True,entailment,entailment,0,entailment,0.0,STOP,그래도 꿋꿋하게 차분한 마음으로 도전하다 보니 시즌 마지막에 좋은 결과가 나왔다.,시즌 마지막에는 좋은 결과를 맞이했다.,
klue-nli-v1_dev_00472,False,neutral,contradiction,2,contradiction,1.0,STOP,그래도 다행히 숙소는 엘리베이터가 있었네요.,안타깝게도 숙소에 엘리베이터는 없었네요.,
klue-nli-v1_dev_00473,False,contradiction,neutral,1,neutral,2.0,STOP,그래도 다행히 숙소는 엘리베이터가 있었네요.,숙소에 오래된 엘리베이터가 있었네요.,
klue-nli-v1_dev_00474,True,entailment,entailment,0,entailment,0.0,STOP,그래도 다행히 숙소는 엘리베이터가 있었네요.,엘리베이터가 있는 숙소였네요.,
klue-nli-v1_dev_00475,False,neutral,contradiction,2,contradiction,1.0,STOP,그래도 두 명이 쓰기엔 불편함은 없습니다.,불편해서 두 명이 쓸 순 없습니다.,
klue-nli-v1_dev_00476,False,contradiction,neutral,1,neutral,2.0,STOP,그래도 두 명이 쓰기엔 불편함은 없습니다.,한 명이 쓰는 걸 추천합니다.,
klue-nli-v1_dev_00477,True,entailment,entailment,0,entailment,0.0,STOP,그래도 두 명이 쓰기엔 불편함은 없습니다.,두 명이 써도 불편하지는 않습니다.,
klue-nli-v1_dev_00478,False,contradiction,neutral,1,neutral,2.0,STOP,"그래도 스페인 여행중, 이숙소가 제일 좋았어요",유럽에서 이 숙소가 제일 좋았어요.,
klue-nli-v1_dev_00479,False,neutral,contradiction,2,contradiction,1.0,STOP,"그래도 스페인 여행중, 이숙소가 제일 좋았어요",스페인에서 다른 숙소가 제일 좋았어요.,
klue-nli-v1_dev_00480,True,entailment,entailment,0,entailment,0.0,STOP,"그래도 스페인 여행중, 이숙소가 제일 좋았어요",스페인에서 이 숙소가 제일 마음에 들었어요.,
klue-nli-v1_dev_00481,True,entailment,entailment,0,entailment,0.0,STOP,그래도 큰아들 찾아서 정말 다행입니다.,다행스럽게 큰아들을 찾았습니다.,
klue-nli-v1_dev_00482,False,neutral,contradiction,2,contradiction,1.0,STOP,그래도 큰아들 찾아서 정말 다행입니다.,큰아들을 찾아서 아쉽다.,
klue-nli-v1_dev_00483,False,contradiction,neutral,1,neutral,2.0,STOP,그래도 큰아들 찾아서 정말 다행입니다.,작은 아들은 못 찾았다.,
klue-nli-v1_dev_00484,False,neutral,contradiction,2,contradiction,1.0,STOP,그래서 여기 평점 후한 사람들 중 알바 아닌 사람들도 있을거다 믿는다.,평점 후한 사람들은 모두 알바생일 것이라 믿는다.,
klue-nli-v1_dev_00485,False,contradiction,,1,,,SAFETY,그래서 여기 평점 후한 사람들 중 알바 아닌 사람들도 있을거다 믿는다.,여기 평점 후한 사람들 중 정직원들도 있을거다 믿는다.,
klue-nli-v1_dev_00486,False,entailment,,0,,,SAFETY,그래서 여기 평점 후한 사람들 중 알바 아닌 사람들도 있을거다 믿는다.,여기 사람들 중 알바 아닌 사람들도 있을거다.,
klue-nli-v1_dev_00487,False,neutral,contradiction,2,contradiction,1.0,STOP,그러나 12일 내린 폭우와 폭설로 댐으로 유입되는 물의 양이 급증하고 비상 배수로까지 일부 파손되면서 수위가 계속 높아지고 있다.,물의 방출량이 많아 수위가 낮아지고 있다.,
klue-nli-v1_dev_00488,False,contradiction,neutral,1,neutral,2.0,STOP,그러나 12일 내린 폭우와 폭설로 댐으로 유입되는 물의 양이 급증하고 비상 배수로까지 일부 파손되면서 수위가 계속 높아지고 있다.,댐의 수위는 올해 들어 최고치이다.,
klue-nli-v1_dev_00489,True,entailment,entailment,0,entailment,0.0,STOP,그러나 12일 내린 폭우와 폭설로 댐으로 유입되는 물의 양이 급증하고 비상 배수로까지 일부 파손되면서 수위가 계속 높아지고 있다.,폭우와 폭설로 댐의 수위가 계속 높아지고 있다.,
klue-nli-v1_dev_00490,False,contradiction,neutral,1,neutral,2.0,STOP,"그러나 22일 새벽, 법안 표결을 유보한다는 입장에 따라 운행중단을 철회하면서 대한민국의 대부분 지역에서 버스가 정상 운행하고 있다.",지난 이틀 동안 버스가 중단되었다.,
klue-nli-v1_dev_00491,True,entailment,entailment,0,entailment,0.0,STOP,"그러나 22일 새벽, 법안 표결을 유보한다는 입장에 따라 운행중단을 철회하면서 대한민국의 대부분 지역에서 버스가 정상 운행하고 있다.",22일 새벽에 법안 표결을 유보한다는 입장이 나왔다.,
klue-nli-v1_dev_00492,False,neutral,contradiction,2,contradiction,1.0,STOP,"그러나 22일 새벽, 법안 표결을 유보한다는 입장에 따라 운행중단을 철회하면서 대한민국의 대부분 지역에서 버스가 정상 운행하고 있다.",대한민국의 대부분 지역에서 버스가 운행 정지 중이다.,
klue-nli-v1_dev_00493,True,contradiction,contradiction,1,contradiction,1.0,STOP,"그러나 결국 학생을 선발하는 현 교육제도에서, 영어를 절대평가로 한다고 해서 과연 사교육 시장의 팽창이 주춤할지 의문입니다.",영어를 절대평가로 하면 사교육 시장은 주춤한다.,
klue-nli-v1_dev_00494,True,entailment,entailment,0,entailment,0.0,STOP,"그러나 결국 학생을 선발하는 현 교육제도에서, 영어를 절대평가로 한다고 해서 과연 사교육 시장의 팽창이 주춤할지 의문입니다.",영어를 절대평가로 한다고 사교육 시장이 주춤할지는 모르겠다.,
klue-nli-v1_dev_00495,False,neutral,contradiction,2,contradiction,1.0,STOP,"그러나 결국 학생을 선발하는 현 교육제도에서, 영어를 절대평가로 한다고 해서 과연 사교육 시장의 팽창이 주춤할지 의문입니다.",현 교육제도는 학생을 선발하지 않는다.,
klue-nli-v1_dev_00496,False,neutral,contradiction,2,contradiction,1.0,STOP,그러나 그것을 잡아내는 것은 당신의 몫이다.,그것을 잡아내는 것은 당신을 제외한 모두의 몫이다.,
klue-nli-v1_dev_00497,True,entailment,entailment,0,entailment,0.0,STOP,그러나 그것을 잡아내는 것은 당신의 몫이다.,당신의 몫은 그것을 잡아내는 것이다.,
klue-nli-v1_dev_00498,False,contradiction,neutral,1,neutral,2.0,STOP,그러나 그것을 잡아내는 것은 당신의 몫이다.,그것을 잡아내는 것은 쉽지 않다.,
klue-nli-v1_dev_00499,False,neutral,contradiction,2,contradiction,1.0,STOP,그러나 당시 이곳의 의료진들은 환자와의 접촉이 잦았음에도 모두 마스크를 상시 착용해 17명 모두 감염되지 않았던 것으로 밝혀졌다.,이곳의 의료진들은 환자와의 접촉이 뜸했기에 감염되지 않았다.,
